Time,Counter,Temp,Humidity,Wind,Fountain,Water temp,Iceindex,Dishcharge,site_name
2024-11-04 10:17,0,8.6,22.2,3.16,76.77,0.0,,,Ayee
2024-11-04 10:22,1,8.6,22.0,2.61,75.77,0.0,,,Ayee
2024-11-04 10:27,1,8.7,21.8,2.61,72.69,0.0,,,Ayee
2024-11-04 10:32,2,9.1,22.2,1.76,93.59,0.0,,,Ayee
2024-11-04 10:37,2,9.1,23.7,1.72,76.52,0.0,,,Ayee
2024-11-04 10:42,3,8.7,21.8,2.51,69.61,0.0,,,Ayee
2024-11-04 10:47,3,9.2,23.0,2.64,73.93,0.0,,,Ayee
2024-11-04 10:50,0,8.8,22.3,3.53,74.1,0.0,,,Ayee
2024-11-04 10:55,1,9.1,22.0,4.56,74.65,0.0,,,Ayee
2024-11-04 11:00,1,9.1,21.8,2.57,72.46,0.0,,,Ayee
2024-11-04 11:05,1,9.3,21.6,2.31,71.38,0.0,,,Ayee
2024-11-04 11:10,1,9.3,21.0,1.88,72.67,0.0,,,Ayee
2024-11-04 11:15,1,9.7,20.7,4.64,71.65,0.0,,,Ayee
2024-11-04 11:20,1,9.5,20.8,2.36,72.99,0.0,,,Ayee
2024-11-04 11:25,1,10.0,20.3,2.07,75.75,0.0,,,Ayee
2024-11-04 11:30,1,9.7,20.9,2.53,72.88,0.0,,,Ayee
2024-11-04 11:35,1,10.1,20.1,2.31,70.17,0.0,,,Ayee
2024-11-04 11:41,0,10.1,20.6,4.25,77.2,0.0,,,Ayee
2024-11-04 11:46,1,9.9,20.2,1.8,71.95,0.0,,,Ayee
2024-11-04 11:50,0,10.0,19.9,0.37,75.79,0.0,,,Ayee
2024-11-04 11:53,0,10.4,19.1,1.17,75.16,0.0,,,Ayee
2024-11-04 11:54,0,10.5,19.9,0.97,76.73,0.0,,,Ayee
2024-11-04 11:59,1,10.5,19.2,1.11,71.1,0.0,,,Ayee
2024-11-04 12:04,1,10.7,19.3,1.79,74.07,0.0,,,Ayee
2024-11-04 12:09,2,10.9,19.3,0.48,95.95,0.0,,,Ayee
2024-11-04 12:14,2,11.1,18.6,0.09,76.09,0.0,,,Ayee
2024-11-04 12:16,0,11.1,20.2,1.8,70.59,0.0,,,Ayee
2024-11-04 12:21,1,10.6,20.1,1.04,75.99,0.0,,,Ayee
2024-11-04 12:26,1,10.5,19.8,1.36,74.1,0.0,,,Ayee
2024-11-04 12:31,1,10.5,20.1,2.73,75.2,0.0,,,Ayee
2024-11-04 12:36,1,10.7,19.1,0.06,78.0,0.0,,,Ayee
2024-11-04 12:41,1,11.1,19.3,2.16,73.31,0.0,,,Ayee
2024-11-04 12:46,1,10.9,19.9,4.56,74.52,0.0,,,Ayee
2024-11-04 12:51,1,10.7,19.2,3.53,79.64,0.0,,,Ayee
2024-11-04 12:56,1,10.8,19.1,0.93,74.46,0.0,,,Ayee
2024-11-04 13:01,1,11.1,18.3,0.0,74.99,0.0,,,Ayee
2024-11-04 13:06,1,11.3,18.5,0.26,72.61,0.0,,,Ayee
2024-11-04 13:11,1,11.9,18.0,0.37,78.15,0.0,,,Ayee
2024-11-04 13:16,1,11.2,18.9,2.31,72.25,0.0,,,Ayee
2024-11-04 13:21,1,11.2,18.6,0.61,79.49,0.0,,,Ayee
2024-11-04 13:26,1,11.7,18.0,0.83,74.82,0.0,,,Ayee
2024-11-04 13:31,1,11.8,17.9,0.0,75.45,0.0,,,Ayee
2024-11-04 13:36,1,12.0,17.7,0.54,75.43,0.0,,,Ayee
2024-11-04 13:41,1,12.5,17.1,0.02,72.74,0.0,,,Ayee
2024-11-04 13:46,1,11.6,18.6,1.9,77.83,0.0,,,Ayee
2024-11-04 13:51,1,11.6,18.2,1.66,77.77,0.0,,,Ayee
2024-11-04 13:56,1,11.6,18.2,0.09,78.32,0.0,,,Ayee
2024-11-04 14:01,1,11.8,17.9,0.0,75.31,0.0,,,Ayee
2024-11-04 14:06,1,12.3,17.3,0.83,76.62,0.0,,,Ayee
2024-11-04 14:11,1,11.6,17.7,0.76,73.08,0.0,,,Ayee
2024-11-04 14:16,1,11.5,18.2,0.24,71.91,0.0,,,Ayee
2024-11-04 14:21,1,11.5,17.5,0.0,74.92,0.0,,,Ayee
2024-11-04 14:26,1,11.3,18.3,0.58,73.39,0.0,,,Ayee
2024-11-04 14:31,1,11.1,17.5,0.48,79.55,0.0,,,Ayee
2024-11-04 14:36,1,11.1,17.5,0.0,72.59,0.0,,,Ayee
2024-11-04 14:41,1,11.1,17.6,0.08,70.99,0.0,,,Ayee
2024-11-04 14:46,1,11.1,17.0,0.37,72.12,0.0,,,Ayee
2024-11-04 14:51,1,11.2,17.2,0.69,78.6,0.0,,,Ayee
2024-11-04 14:56,1,11.2,17.3,0.67,71.33,0.0,,,Ayee
2024-11-04 15:01,1,11.2,17.3,1.1,76.03,0.0,,,Ayee
2024-11-04 15:06,1,11.1,17.4,0.62,72.25,0.0,,,Ayee
2024-11-04 15:11,1,11.1,18.1,0.27,75.09,0.0,,,Ayee
2024-11-04 15:16,1,11.0,18.7,0.97,75.14,0.0,,,Ayee
2024-11-04 15:21,1,11.0,18.1,0.12,73.03,0.0,,,Ayee
2024-11-04 15:26,1,11.0,18.4,1.12,72.12,0.0,,,Ayee
2024-11-04 15:31,1,10.9,17.9,0.97,73.5,0.0,,,Ayee
2024-11-04 15:36,1,10.9,18.0,0.08,74.84,0.0,,,Ayee
2024-11-04 15:41,1,10.7,17.5,0.25,76.05,0.0,,,Ayee
2024-11-04 15:46,1,10.6,17.7,2.87,74.56,0.0,,,Ayee
2024-11-04 15:51,1,10.8,17.4,2.04,74.05,0.0,,,Ayee
2024-11-04 15:56,1,10.9,17.7,0.88,72.33,0.0,,,Ayee
2024-11-04 16:01,1,10.9,17.2,1.5,74.73,0.0,,,Ayee
2024-11-04 16:06,1,10.9,17.5,1.12,84.21,0.0,,,Ayee
2024-11-04 16:11,1,10.9,17.4,2.44,76.3,0.0,,,Ayee
2024-11-04 16:16,1,10.9,17.2,2.23,75.24,0.0,,,Ayee
2024-11-04 16:21,1,11.0,17.0,2.24,75.03,0.0,,,Ayee
2024-11-04 16:26,1,11.0,17.1,1.65,75.01,0.0,,,Ayee
2024-11-04 16:31,1,10.9,16.8,1.73,80.34,0.0,,,Ayee
2024-11-04 16:36,1,11.0,16.8,2.3,73.29,0.0,,,Ayee
2024-11-04 16:41,1,10.9,16.8,1.91,73.71,0.0,,,Ayee
2024-11-04 16:46,1,10.9,16.8,2.65,73.42,0.0,,,Ayee
2024-11-04 16:51,1,10.9,16.5,1.8,88.28,0.0,,,Ayee
2024-11-04 16:56,1,10.9,16.7,1.83,74.95,0.0,,,Ayee
2024-11-04 17:01,1,11.0,16.5,2.17,78.62,0.0,,,Ayee
2024-11-04 17:06,1,10.8,17.1,1.75,76.39,0.0,,,Ayee
2024-11-04 17:11,1,10.5,17.5,3.26,72.42,0.0,,,Ayee
2024-11-04 17:16,1,10.5,17.6,2.62,75.03,0.0,,,Ayee
2024-11-04 17:21,1,10.6,18.2,2.21,72.8,0.0,,,Ayee
2024-11-04 17:26,1,10.5,18.1,2.74,77.52,0.0,,,Ayee
2024-11-04 17:31,1,10.5,18.0,2.45,75.26,0.0,,,Ayee
2024-11-04 17:36,1,10.4,18.4,4.12,75.58,0.0,,,Ayee
2024-11-04 17:41,1,10.3,18.4,1.68,73.08,0.0,,,Ayee
2024-11-04 17:46,1,10.6,18.1,2.11,73.18,0.0,,,Ayee
2024-11-04 17:51,1,10.8,17.6,1.91,76.18,0.0,,,Ayee
2024-11-04 17:56,1,10.8,17.7,1.75,75.99,0.0,,,Ayee
2024-11-04 18:01,1,10.9,17.4,3.17,79.92,0.0,,,Ayee
2024-11-04 18:06,1,10.8,17.7,5.03,75.75,0.0,,,Ayee
2024-11-04 18:11,1,10.7,17.4,3.17,74.84,0.0,,,Ayee
2024-11-04 18:16,1,10.6,18.4,1.97,75.35,0.0,,,Ayee
2024-11-04 18:21,1,10.4,18.0,1.34,75.52,0.0,,,Ayee
2024-11-04 18:26,1,10.1,18.4,2.0,78.62,0.0,,,Ayee
2024-11-04 18:31,1,10.3,18.5,2.74,72.76,0.0,,,Ayee
2024-11-04 18:36,1,10.0,18.8,2.28,72.4,0.0,,,Ayee
2024-11-04 18:41,1,10.0,19.0,2.54,75.37,0.0,,,Ayee
2024-11-04 18:46,1,9.9,18.9,3.98,73.48,0.0,,,Ayee
2024-11-04 18:51,1,10.0,19.0,1.16,78.79,0.0,,,Ayee
2024-11-04 18:56,1,10.0,19.2,3.98,82.32,0.0,,,Ayee
2024-11-04 19:01,1,9.9,19.2,3.17,77.45,0.0,,,Ayee
2024-11-04 19:06,1,10.0,19.3,2.07,75.31,0.0,,,Ayee
2024-11-04 19:11,1,9.8,19.2,2.02,76.56,0.0,,,Ayee
2024-11-04 19:16,1,10.0,19.2,3.74,78.62,0.0,,,Ayee
2024-11-04 19:21,1,9.8,19.6,3.41,74.99,0.0,,,Ayee
2024-11-04 19:26,1,9.7,19.6,3.17,74.33,0.0,,,Ayee
2024-11-04 19:31,1,9.5,20.1,4.26,75.18,0.0,,,Ayee
2024-11-04 19:36,1,9.5,20.1,4.92,74.37,0.0,,,Ayee
2024-11-04 19:41,1,9.7,19.6,4.35,75.09,0.0,,,Ayee
2024-11-04 19:46,1,9.7,19.4,1.82,75.43,0.0,,,Ayee
2024-11-04 19:51,1,9.7,19.6,3.28,75.37,0.0,,,Ayee
2024-11-04 19:56,1,9.3,19.8,1.55,76.45,0.0,,,Ayee
2024-11-04 20:01,1,9.2,20.6,1.82,74.88,0.0,,,Ayee
2024-11-04 20:06,1,9.1,19.9,3.98,76.45,0.0,,,Ayee
2024-11-04 20:11,1,9.3,20.1,2.34,71.53,0.0,,,Ayee
2024-11-04 20:16,1,9.3,19.9,2.63,75.48,0.0,,,Ayee
2024-11-04 20:21,1,9.6,19.0,1.0,75.67,0.0,,,Ayee
2024-11-04 20:26,1,9.8,19.6,2.32,75.14,0.0,,,Ayee
2024-11-04 20:31,1,8.9,20.9,3.74,75.75,0.0,,,Ayee
2024-11-04 20:36,1,8.8,20.9,4.58,75.05,0.0,,,Ayee
2024-11-04 20:41,1,8.8,20.7,1.1,76.37,0.0,,,Ayee
2024-11-04 20:46,1,8.6,21.5,2.75,74.31,0.0,,,Ayee
2024-11-04 20:51,1,8.7,21.5,4.26,74.8,0.0,,,Ayee
2024-11-04 20:56,1,8.6,21.5,4.8,72.88,0.0,,,Ayee
2024-11-04 21:01,1,8.5,21.3,2.32,76.39,0.0,,,Ayee
2024-11-04 21:06,1,9.2,20.5,3.34,73.71,0.0,,,Ayee
2024-11-04 21:11,1,9.1,19.9,2.28,74.97,0.0,,,Ayee
2024-11-04 21:16,1,8.5,21.8,4.93,78.0,0.0,,,Ayee
2024-11-04 21:21,1,8.3,21.5,2.8,76.6,0.0,,,Ayee
2024-11-04 21:26,1,8.4,21.4,1.95,73.44,0.0,,,Ayee
2024-11-04 21:31,1,8.3,22.2,1.46,74.07,0.0,,,Ayee
2024-11-04 21:36,1,8.2,22.1,2.58,72.93,0.0,,,Ayee
2024-11-04 21:41,1,8.4,21.8,2.02,75.69,0.0,,,Ayee
2024-11-04 21:46,1,8.3,21.4,3.51,74.22,0.0,,,Ayee
2024-11-04 21:51,1,8.6,20.9,1.29,75.5,0.0,,,Ayee
2024-11-04 21:56,1,7.7,22.8,4.57,76.47,0.0,,,Ayee
2024-11-04 22:01,1,7.9,22.4,3.47,75.01,0.0,,,Ayee
2024-11-04 22:06,1,8.4,21.5,3.87,75.73,0.0,,,Ayee
2024-11-04 22:11,1,8.3,21.8,3.54,71.97,0.0,,,Ayee
2024-11-04 22:16,1,8.1,21.5,3.8,78.11,0.0,,,Ayee
2024-11-04 22:21,1,7.9,22.3,4.23,77.43,0.0,,,Ayee
2024-11-04 22:26,1,7.9,22.4,3.68,75.69,0.0,,,Ayee
2024-11-04 22:31,1,7.6,23.2,3.54,76.86,0.0,,,Ayee
2024-11-04 22:36,1,7.4,23.0,2.65,77.47,0.0,,,Ayee
2024-11-04 22:41,1,7.7,22.4,2.02,73.93,0.0,,,Ayee
2024-11-04 22:46,1,6.9,24.0,2.56,77.49,0.0,,,Ayee
2024-11-04 22:51,1,6.8,24.3,0.12,73.2,0.0,,,Ayee
2024-11-04 22:56,1,6.8,23.7,0.96,71.57,0.0,,,Ayee
2024-11-04 23:01,1,7.0,23.6,2.23,74.61,0.0,,,Ayee
2024-11-04 23:06,1,7.0,23.7,2.45,75.03,0.0,,,Ayee
2024-11-04 23:11,1,6.9,23.9,1.4,71.04,0.0,,,Ayee
2024-11-04 23:16,1,6.9,23.9,3.81,73.95,0.0,,,Ayee
2024-11-04 23:21,1,7.1,23.3,1.05,75.94,0.0,,,Ayee
2024-11-04 23:26,1,7.1,22.9,3.54,75.62,0.0,,,Ayee
2024-11-04 23:31,1,7.7,22.2,2.32,74.2,0.0,,,Ayee
2024-11-04 23:36,1,7.6,22.1,1.19,76.13,0.0,,,Ayee
2024-11-04 23:41,1,7.6,22.3,1.22,73.35,0.0,,,Ayee
2024-11-04 23:46,1,7.4,22.6,0.86,80.59,0.0,,,Ayee
2024-11-04 23:51,1,7.3,22.8,1.45,76.88,0.0,,,Ayee
2024-11-04 23:56,1,6.9,23.1,2.55,75.67,0.0,,,Ayee
2024-11-05 00:01,1,7.1,23.0,2.1,75.88,0.0,,,Ayee
2024-11-05 00:06,1,7.3,22.8,2.0,75.31,0.0,,,Ayee
2024-11-05 00:11,1,7.6,22.0,2.15,77.01,0.0,,,Ayee
2024-11-05 00:16,1,7.4,22.4,1.34,74.78,0.0,,,Ayee
2024-11-05 00:21,1,7.6,22.1,1.55,76.05,0.0,,,Ayee
2024-11-05 00:26,1,7.0,23.3,2.28,74.54,0.0,,,Ayee
2024-11-05 00:31,1,6.6,23.5,2.51,76.86,0.0,,,Ayee
2024-11-05 00:36,1,7.1,22.6,3.06,74.65,0.0,,,Ayee
2024-11-05 00:41,1,7.2,22.5,3.39,78.22,0.0,,,Ayee
2024-11-05 00:46,1,7.1,22.5,3.43,74.95,0.0,,,Ayee
2024-11-05 00:51,1,7.4,22.0,3.12,73.63,0.0,,,Ayee
2024-11-05 00:56,1,7.5,21.7,0.96,76.73,0.0,,,Ayee
2024-11-05 01:01,1,7.8,21.5,2.15,73.35,0.0,,,Ayee
2024-11-05 01:06,1,7.8,21.4,1.19,75.29,0.0,,,Ayee
2024-11-05 01:11,1,7.7,21.3,3.34,77.52,0.0,,,Ayee
2024-11-05 01:16,1,7.7,21.1,1.62,74.54,0.0,,,Ayee
2024-11-05 01:21,1,7.7,20.7,1.82,77.62,0.0,,,Ayee
2024-11-05 01:26,1,7.4,22.1,2.47,76.03,0.0,,,Ayee
2024-11-05 01:31,1,6.9,22.4,1.12,75.73,0.0,,,Ayee
2024-11-05 01:36,1,7.0,22.5,0.92,73.03,0.0,,,Ayee
2024-11-05 01:41,1,6.6,23.2,0.09,75.18,0.0,,,Ayee
2024-11-05 01:46,1,6.6,22.7,0.66,74.56,0.0,,,Ayee
2024-11-05 01:51,1,6.7,22.7,0.9,72.52,0.0,,,Ayee
2024-11-05 01:56,1,6.9,22.4,3.27,76.05,0.0,,,Ayee
2024-11-05 02:01,1,6.9,22.2,3.17,75.05,0.0,,,Ayee
2024-11-05 02:06,1,6.9,22.5,2.03,77.77,0.0,,,Ayee
2024-11-05 02:11,1,6.4,23.0,1.47,77.35,0.0,,,Ayee
2024-11-05 02:16,1,6.0,24.0,1.4,73.97,0.0,,,Ayee
2024-11-05 02:21,1,6.4,22.9,0.12,75.14,0.0,,,Ayee
2024-11-05 02:26,1,6.0,23.0,0.47,75.29,0.0,,,Ayee
2024-11-05 02:31,1,6.1,23.5,1.14,73.18,0.0,,,Ayee
2024-11-05 02:36,1,5.9,23.6,0.05,76.09,0.0,,,Ayee
2024-11-05 02:41,1,6.1,23.4,0.11,78.15,0.0,,,Ayee
2024-11-05 02:46,1,6.1,23.2,1.43,76.79,0.0,,,Ayee
2024-11-05 02:51,1,6.4,22.7,1.62,74.27,0.0,,,Ayee
2024-11-05 02:56,1,6.5,22.4,3.37,75.35,0.0,,,Ayee
2024-11-05 03:01,1,6.6,22.3,4.5,72.91,0.0,,,Ayee
2024-11-05 03:06,1,6.6,22.1,3.54,77.83,0.0,,,Ayee
2024-11-05 03:11,1,6.8,22.1,2.88,77.56,0.0,,,Ayee
2024-11-05 03:16,1,6.7,22.3,2.51,73.52,0.0,,,Ayee
2024-11-05 03:21,1,6.6,22.5,1.62,73.5,0.0,,,Ayee
2024-11-05 03:26,1,6.4,22.4,2.23,75.41,0.0,,,Ayee
2024-11-05 03:31,1,6.5,22.3,1.73,86.5,0.0,,,Ayee
2024-11-05 03:36,1,6.4,22.6,2.41,78.68,0.0,,,Ayee
2024-11-05 03:41,1,6.4,22.6,2.65,74.03,0.0,,,Ayee
2024-11-05 03:46,1,6.4,22.5,1.89,71.29,0.0,,,Ayee
2024-11-05 03:51,1,6.2,22.6,0.88,82.29,0.0,,,Ayee
2024-11-05 03:56,1,6.2,22.6,1.93,72.14,0.0,,,Ayee
2024-11-05 04:01,1,6.0,22.7,0.23,76.16,0.0,,,Ayee
2024-11-05 04:06,1,5.7,23.1,1.16,80.66,0.0,,,Ayee
2024-11-05 04:11,1,5.6,23.3,0.82,76.94,0.0,,,Ayee
2024-11-05 04:16,1,6.0,23.1,0.72,73.05,0.0,,,Ayee
2024-11-05 04:21,1,5.9,23.2,0.86,72.46,0.0,,,Ayee
2024-11-05 04:26,1,5.9,22.7,0.44,75.84,0.0,,,Ayee
2024-11-05 04:31,1,5.6,23.5,0.09,76.71,0.0,,,Ayee
2024-11-05 04:36,1,5.2,23.9,0.0,76.39,0.0,,,Ayee
2024-11-05 04:41,1,5.0,23.8,1.43,73.54,0.0,,,Ayee
2024-11-05 04:46,1,5.7,23.2,2.43,76.64,0.0,,,Ayee
2024-11-05 04:51,1,5.7,23.2,0.25,77.13,0.0,,,Ayee
2024-11-05 04:56,1,5.5,23.8,0.77,74.8,0.0,,,Ayee
2024-11-05 05:01,1,5.5,23.5,1.12,74.2,0.0,,,Ayee
2024-11-05 05:06,1,5.7,22.9,2.39,75.39,0.0,,,Ayee
2024-11-05 05:11,1,5.7,23.0,3.54,73.2,0.0,,,Ayee
2024-11-05 05:16,1,5.5,23.6,1.28,78.77,0.0,,,Ayee
2024-11-05 05:21,1,5.3,23.5,2.12,73.59,0.0,,,Ayee
2024-11-05 05:26,1,5.2,23.9,0.98,75.69,0.0,,,Ayee
2024-11-05 05:31,1,4.8,24.8,1.3,74.78,0.0,,,Ayee
2024-11-05 05:36,1,5.0,24.5,1.01,76.24,0.0,,,Ayee
2024-11-05 05:41,1,5.0,24.1,1.35,74.97,0.0,,,Ayee
2024-11-05 05:46,1,5.3,23.7,1.15,74.41,0.0,,,Ayee
2024-11-05 05:51,1,5.3,23.8,1.64,73.12,0.0,,,Ayee
2024-11-05 05:56,1,5.0,23.8,0.63,74.22,0.0,,,Ayee
2024-11-05 06:01,1,5.3,23.3,0.88,73.95,0.0,,,Ayee
2024-11-05 06:06,1,5.4,23.3,1.45,73.63,0.0,,,Ayee
2024-11-05 06:11,1,5.2,23.7,0.71,74.03,0.0,,,Ayee
2024-11-05 06:16,1,4.3,25.6,2.25,73.95,0.0,,,Ayee
2024-11-05 06:21,1,4.4,25.4,0.61,74.73,0.0,,,Ayee
2024-11-05 06:26,1,4.0,26.6,0.33,76.77,0.0,,,Ayee
2024-11-05 06:31,1,3.7,26.8,0.27,78.09,0.0,,,Ayee
2024-11-05 06:36,1,3.6,27.0,0.03,75.82,0.0,,,Ayee
2024-11-05 06:41,1,3.5,26.6,0.51,75.14,0.0,,,Ayee
2024-11-05 06:46,1,3.5,26.8,0.0,73.71,0.0,,,Ayee
2024-11-05 06:51,1,3.4,27.2,0.0,74.99,0.0,,,Ayee
2024-11-05 06:56,1,3.6,26.7,0.31,77.47,0.0,,,Ayee
2024-11-05 07:01,1,3.4,26.8,1.05,71.87,0.0,,,Ayee
2024-11-05 07:06,1,3.2,26.4,1.83,78.83,0.0,,,Ayee
2024-11-05 07:11,1,3.5,26.3,0.0,75.56,0.0,,,Ayee
2024-11-05 07:16,1,3.4,26.9,0.62,74.2,0.0,,,Ayee
2024-11-05 07:21,1,3.3,26.8,0.74,77.79,0.0,,,Ayee
2024-11-05 07:26,1,3.8,25.5,0.53,72.31,0.0,,,Ayee
2024-11-05 07:31,1,3.8,25.4,0.31,73.84,0.0,,,Ayee
2024-11-05 07:36,1,3.6,26.2,0.12,72.61,0.0,,,Ayee
2024-11-05 07:41,1,3.5,26.3,0.48,75.03,0.0,,,Ayee
2024-11-05 07:46,1,3.4,26.6,0.0,74.56,0.0,,,Ayee
2024-11-05 07:51,1,4.3,25.9,0.21,76.43,0.0,,,Ayee
2024-11-05 07:56,1,5.1,23.8,1.31,78.02,0.0,,,Ayee
2024-11-05 08:01,1,5.8,24.8,0.0,75.86,0.0,,,Ayee
2024-11-05 08:06,1,6.5,23.5,0.0,74.07,0.0,,,Ayee
2024-11-05 08:11,1,7.6,21.4,0.0,72.31,0.0,,,Ayee
2024-11-05 08:16,1,7.2,22.1,0.0,77.43,0.0,,,Ayee
2024-11-05 08:21,1,7.5,21.4,0.0,73.5,0.0,,,Ayee
2024-11-05 08:26,1,6.9,22.7,0.0,74.44,0.0,,,Ayee
2024-11-05 08:31,1,6.9,23.1,0.0,75.79,0.0,,,Ayee
2024-11-05 08:36,1,7.5,22.9,0.3,73.84,0.0,,,Ayee
2024-11-05 08:41,1,6.1,24.6,0.16,71.19,0.0,,,Ayee
2024-11-05 08:46,1,5.9,25.2,0.58,74.84,0.0,,,Ayee
2024-11-05 08:51,1,6.5,24.0,0.21,73.44,0.0,,,Ayee
2024-11-05 08:56,1,6.3,24.3,1.74,76.18,0.0,,,Ayee
2024-11-05 09:01,1,6.2,23.9,0.66,76.3,0.0,,,Ayee
2024-11-05 09:06,1,6.5,23.6,2.35,75.79,0.0,,,Ayee
2024-11-05 09:11,1,6.5,24.3,2.23,79.15,0.0,,,Ayee
2024-11-05 09:16,1,6.7,22.9,2.85,74.75,0.0,,,Ayee
2024-11-05 09:21,1,7.0,23.3,1.67,70.65,0.0,,,Ayee
2024-11-05 09:26,1,7.0,23.3,4.77,73.56,0.0,,,Ayee
2024-11-05 09:31,1,7.0,23.2,2.76,75.65,0.0,,,Ayee
2024-11-05 09:36,1,7.1,22.9,1.72,73.16,0.0,,,Ayee
2024-11-05 09:41,1,7.2,22.3,3.37,73.9,0.0,,,Ayee
2024-11-05 09:46,1,7.4,22.6,2.54,82.02,0.0,,,Ayee
2024-11-05 09:51,1,7.5,22.4,1.39,74.48,0.0,,,Ayee
2024-11-05 09:56,1,7.5,22.1,2.27,75.05,0.0,,,Ayee
2024-11-05 10:01,1,8.0,21.4,3.81,75.2,0.0,,,Ayee
2024-11-05 10:06,1,7.9,21.4,3.52,74.63,0.0,,,Ayee
2024-11-05 10:11,1,7.9,21.4,2.56,77.62,0.0,,,Ayee
2024-11-05 10:16,1,8.2,21.2,4.28,77.81,0.0,,,Ayee
2024-11-05 10:21,1,8.3,20.3,2.73,74.05,0.0,,,Ayee
2024-11-05 10:26,1,8.5,20.4,3.73,73.99,0.0,,,Ayee
2024-11-05 10:31,1,8.4,19.9,2.75,73.08,0.0,,,Ayee
2024-11-05 10:36,1,8.6,19.8,3.04,72.55,0.0,,,Ayee
2024-11-05 10:41,1,8.4,20.6,5.1,75.09,0.0,,,Ayee
2024-11-05 10:46,1,8.7,20.6,4.91,76.07,0.0,,,Ayee
2024-11-05 10:51,1,9.4,20.1,3.36,74.46,0.0,,,Ayee
2024-11-05 10:56,1,9.0,20.0,5.17,72.78,0.0,,,Ayee
2024-11-05 11:01,1,9.2,19.2,1.44,75.48,0.0,,,Ayee
2024-11-05 11:06,1,9.1,19.3,3.16,72.84,0.0,,,Ayee
2024-11-05 11:11,1,9.1,19.3,2.36,73.54,0.0,,,Ayee
2024-11-05 11:16,1,9.3,19.1,0.56,76.92,0.0,,,Ayee
2024-11-05 11:21,1,9.4,18.8,3.97,77.41,0.0,,,Ayee
2024-11-05 11:26,1,9.2,19.1,1.07,72.61,0.0,,,Ayee
2024-11-05 11:31,1,9.5,18.9,0.74,74.29,0.0,,,Ayee
2024-11-05 11:36,1,9.3,18.3,0.41,71.84,0.0,,,Ayee
2024-11-05 11:41,1,9.5,18.6,1.7,75.92,0.0,,,Ayee
2024-11-05 11:46,1,10.0,18.4,1.55,73.73,0.0,,,Ayee
2024-11-05 11:51,1,9.6,18.4,1.22,74.67,0.0,,,Ayee
2024-11-05 11:56,1,9.9,18.2,0.99,74.18,0.0,,,Ayee
2024-11-05 12:01,1,10.3,17.9,2.09,72.74,0.0,,,Ayee
2024-11-05 12:06,1,10.1,18.0,1.81,72.21,0.0,,,Ayee
2024-11-05 12:11,1,10.3,17.6,1.61,69.19,0.0,,,Ayee
2024-11-05 12:16,1,10.6,17.9,0.37,74.54,0.0,,,Ayee
2024-11-05 12:21,1,10.4,17.8,1.76,73.35,0.0,,,Ayee
2024-11-05 12:26,1,10.7,18.4,3.38,71.57,0.0,,,Ayee
2024-11-05 12:31,1,10.2,18.1,1.54,71.29,0.0,,,Ayee
2024-11-05 12:36,1,10.9,17.3,1.44,75.2,0.0,,,Ayee
2024-11-05 12:41,1,10.4,17.6,1.95,72.76,0.0,,,Ayee
2024-11-05 12:46,1,10.6,17.5,0.69,75.77,0.0,,,Ayee
2024-11-05 12:51,1,10.6,17.4,2.07,75.12,0.0,,,Ayee
2024-11-05 12:56,1,10.7,17.3,0.54,75.03,0.0,,,Ayee
2024-11-05 13:01,1,10.6,17.4,1.13,73.95,0.0,,,Ayee
2024-11-05 13:06,1,10.8,17.4,0.0,72.4,0.0,,,Ayee
2024-11-05 13:11,1,11.2,16.8,2.32,72.55,0.0,,,Ayee
2024-11-05 13:16,1,10.9,16.8,0.76,75.62,0.0,,,Ayee
2024-11-05 13:21,1,11.2,17.0,0.85,74.24,0.0,,,Ayee
2024-11-05 13:26,1,11.2,16.9,0.23,77.35,0.0,,,Ayee
2024-11-05 13:31,1,11.2,16.9,1.17,71.76,0.0,,,Ayee
2024-11-05 13:36,1,11.5,16.6,1.46,71.89,0.0,,,Ayee
2024-11-05 13:41,1,11.3,16.6,0.39,75.05,0.0,,,Ayee
2024-11-05 13:46,1,11.7,16.2,0.0,75.88,0.0,,,Ayee
2024-11-05 13:51,1,11.6,16.6,0.81,73.73,0.0,,,Ayee
2024-11-05 13:56,1,11.5,16.6,1.07,72.71,0.0,,,Ayee
2024-11-05 14:01,1,11.8,16.8,1.59,72.97,0.0,,,Ayee
2024-11-05 14:06,1,11.5,16.9,0.56,71.59,0.0,,,Ayee
2024-11-05 14:11,1,11.4,16.7,0.74,73.39,0.0,,,Ayee
2024-11-05 14:16,1,11.2,16.6,0.65,71.36,0.0,,,Ayee
2024-11-05 14:21,1,11.1,16.9,0.0,72.48,0.0,,,Ayee
2024-11-05 14:26,1,11.0,16.9,0.37,72.27,0.0,,,Ayee
2024-11-05 14:31,1,11.0,16.9,0.0,74.24,0.0,,,Ayee
2024-11-05 14:36,1,11.0,16.6,0.41,73.86,0.0,,,Ayee
2024-11-05 14:41,1,11.0,16.7,0.61,71.36,0.0,,,Ayee
2024-11-05 14:46,1,11.1,16.8,0.58,72.69,0.0,,,Ayee
2024-11-05 14:51,1,11.0,16.5,0.1,71.97,0.0,,,Ayee
2024-11-05 14:56,1,10.9,16.6,0.39,76.39,0.0,,,Ayee
2024-11-05 15:01,1,10.8,16.6,0.74,71.42,0.0,,,Ayee
2024-11-05 15:06,1,10.9,16.6,0.29,75.31,0.0,,,Ayee
2024-11-05 15:11,1,10.9,16.0,0.93,72.27,0.0,,,Ayee
2024-11-05 15:16,1,10.8,16.2,1.0,76.39,0.0,,,Ayee
2024-11-05 15:21,1,10.7,16.2,0.84,70.85,0.0,,,Ayee
2024-11-05 15:26,1,10.7,16.0,0.99,72.99,0.0,,,Ayee
2024-11-05 15:31,1,10.7,16.3,0.77,73.46,0.0,,,Ayee
2024-11-05 15:36,1,10.6,16.4,1.93,72.21,0.0,,,Ayee
2024-11-05 15:41,1,10.3,16.4,1.86,74.63,0.0,,,Ayee
2024-11-05 15:46,1,10.2,16.0,0.75,75.9,0.0,,,Ayee
2024-11-05 15:51,1,10.6,16.3,1.06,74.07,0.0,,,Ayee
2024-11-05 15:56,1,10.7,16.3,0.36,70.68,0.0,,,Ayee
2024-11-05 16:01,1,10.7,16.0,0.92,73.93,0.0,,,Ayee
2024-11-05 16:06,1,10.6,16.2,1.47,72.86,0.0,,,Ayee
2024-11-05 16:11,1,10.4,16.2,0.67,70.76,0.0,,,Ayee
2024-11-05 16:16,1,10.4,16.2,0.56,72.08,0.0,,,Ayee
2024-11-05 16:21,1,10.6,16.2,0.78,71.02,0.0,,,Ayee
2024-11-05 16:26,1,10.7,15.9,1.49,71.87,0.0,,,Ayee
2024-11-05 16:31,1,10.4,15.9,1.22,70.51,0.0,,,Ayee
2024-11-05 16:36,1,10.1,16.2,0.27,71.02,0.0,,,Ayee
2024-11-05 16:41,1,10.1,16.2,0.78,72.25,0.0,,,Ayee
2024-11-05 16:46,1,10.1,16.3,1.54,75.71,0.0,,,Ayee
2024-11-05 16:51,1,9.8,16.6,1.34,72.63,0.0,,,Ayee
2024-11-05 16:56,1,9.9,16.4,1.63,73.67,0.0,,,Ayee
2024-11-05 17:01,1,9.9,16.5,0.39,70.48,0.0,,,Ayee
2024-11-05 17:06,1,10.1,16.2,0.45,75.03,0.0,,,Ayee
2024-11-05 17:11,1,9.9,16.4,2.08,72.4,0.0,,,Ayee
2024-11-05 17:16,1,9.5,16.5,1.92,70.46,0.0,,,Ayee
2024-11-05 17:21,1,9.7,16.4,1.24,71.21,0.0,,,Ayee
2024-11-05 17:26,1,9.9,16.2,1.91,74.54,0.0,,,Ayee
2024-11-05 17:31,1,10.3,16.0,1.32,72.67,0.0,,,Ayee
2024-11-05 17:36,1,10.2,16.1,1.78,69.78,0.0,,,Ayee
2024-11-05 17:41,1,10.2,15.8,2.17,71.27,0.0,,,Ayee
2024-11-05 17:46,1,10.1,16.1,1.73,73.29,0.0,,,Ayee
2024-11-05 17:51,1,9.8,16.5,2.23,70.89,0.0,,,Ayee
2024-11-05 17:56,1,9.8,16.4,1.24,70.63,0.0,,,Ayee
2024-11-05 18:01,1,9.7,16.6,1.53,70.82,0.0,,,Ayee
2024-11-05 18:06,1,10.1,16.3,0.94,73.46,0.0,,,Ayee
2024-11-05 18:11,1,9.9,16.3,0.94,76.16,0.0,,,Ayee
2024-11-05 18:16,1,9.8,16.0,2.32,71.57,0.0,,,Ayee
2024-11-05 18:21,1,9.6,16.9,0.36,78.98,0.0,,,Ayee
2024-11-05 18:26,1,9.7,16.6,2.87,73.76,0.0,,,Ayee
2024-11-05 18:31,1,9.2,16.9,2.74,76.79,0.0,,,Ayee
2024-11-05 18:36,1,9.4,16.8,1.0,76.94,0.0,,,Ayee
2024-11-05 18:41,1,9.9,17.1,1.12,73.1,0.0,,,Ayee
2024-11-05 18:46,1,10.1,16.6,0.88,77.07,0.0,,,Ayee
2024-11-05 18:51,1,10.1,16.1,3.67,76.56,0.0,,,Ayee
2024-11-05 18:56,1,10.0,17.2,0.92,71.99,0.0,,,Ayee
2024-11-05 19:01,1,10.2,17.0,1.55,75.52,0.0,,,Ayee
2024-11-05 19:06,1,10.3,16.8,0.71,74.24,0.0,,,Ayee
2024-11-05 19:11,1,10.0,16.9,1.76,75.62,0.0,,,Ayee
2024-11-05 19:16,1,9.8,18.1,0.0,76.69,0.0,,,Ayee
2024-11-05 19:21,1,9.2,17.7,1.78,74.75,0.0,,,Ayee
2024-11-05 19:26,1,9.5,17.5,1.08,75.48,0.0,,,Ayee
2024-11-05 19:31,1,9.6,17.7,0.0,70.74,0.0,,,Ayee
2024-11-05 19:36,1,9.2,17.8,1.06,78.64,0.0,,,Ayee
2024-11-05 19:41,1,9.1,17.9,2.58,71.08,0.0,,,Ayee
2024-11-05 19:46,1,8.8,18.4,0.42,79.55,0.0,,,Ayee
2024-11-05 19:51,1,8.8,17.9,2.0,73.56,0.0,,,Ayee
2024-11-05 19:56,1,8.9,17.9,1.19,72.65,0.0,,,Ayee
2024-11-05 20:01,1,9.0,18.2,0.99,72.69,0.0,,,Ayee
2024-11-05 20:06,1,8.8,17.9,3.0,71.74,0.0,,,Ayee
2024-11-05 20:11,1,8.6,18.3,1.12,87.2,0.0,,,Ayee
2024-11-05 20:16,1,8.8,17.9,0.94,73.1,0.0,,,Ayee
2024-11-05 20:21,1,9.1,18.0,0.66,74.95,0.0,,,Ayee
2024-11-05 20:26,1,8.9,18.7,1.1,74.61,0.0,,,Ayee
2024-11-05 20:31,1,8.4,18.6,2.04,75.58,0.0,,,Ayee
2024-11-05 20:36,1,8.3,18.7,1.08,77.09,0.0,,,Ayee
2024-11-05 20:41,1,8.6,18.6,0.82,68.4,0.0,,,Ayee
2024-11-05 20:46,1,8.7,18.4,1.93,74.31,0.0,,,Ayee
2024-11-05 20:51,1,8.8,18.4,0.4,76.07,0.0,,,Ayee
2024-11-05 20:56,1,8.7,18.8,0.55,72.78,0.0,,,Ayee
2024-11-05 21:01,1,8.7,19.2,0.38,80.06,0.0,,,Ayee
2024-11-05 21:06,1,9.2,18.3,0.81,69.44,0.0,,,Ayee
2024-11-05 21:11,1,8.9,19.0,1.32,69.59,0.0,,,Ayee
2024-11-05 21:16,1,8.8,18.8,0.1,72.55,0.0,,,Ayee
2024-11-05 21:21,1,8.7,19.5,0.49,73.48,0.0,,,Ayee
2024-11-05 21:26,1,8.3,20.9,2.99,72.01,0.0,,,Ayee
2024-11-05 21:31,1,9.1,19.4,1.03,71.95,0.0,,,Ayee
2024-11-05 21:36,1,8.4,19.5,0.71,76.45,0.0,,,Ayee
2024-11-05 21:41,1,8.5,19.4,0.08,72.35,0.0,,,Ayee
2024-11-05 21:46,1,8.7,20.5,0.0,77.03,0.0,,,Ayee
2024-11-05 21:51,1,8.8,20.0,0.34,72.78,0.0,,,Ayee
2024-11-05 21:56,1,8.8,19.9,1.14,73.61,0.0,,,Ayee
2024-11-05 22:01,1,9.0,19.9,2.36,72.35,0.0,,,Ayee
2024-11-05 22:06,1,9.1,19.2,1.3,72.74,0.0,,,Ayee
2024-11-05 22:11,1,9.1,19.8,1.47,72.44,0.0,,,Ayee
2024-11-05 22:16,1,8.9,19.4,0.62,71.91,0.0,,,Ayee
2024-11-05 22:21,1,8.9,20.6,0.16,71.5,0.0,,,Ayee
2024-11-05 22:26,1,8.3,21.0,0.25,74.75,0.0,,,Ayee
2024-11-05 22:31,1,8.1,21.6,0.4,69.61,0.0,,,Ayee
2024-11-05 22:36,1,8.2,20.7,1.47,71.25,0.0,,,Ayee
2024-11-05 22:41,1,7.8,21.4,2.11,71.33,0.0,,,Ayee
2024-11-05 22:46,1,8.8,20.6,2.74,70.21,0.0,,,Ayee
2024-11-05 22:51,1,8.6,20.6,2.99,72.63,0.0,,,Ayee
2024-11-05 22:56,1,8.8,19.9,1.16,73.29,0.0,,,Ayee
2024-11-05 23:01,1,8.4,20.4,1.24,71.65,0.0,,,Ayee
2024-11-05 23:06,1,9.0,20.0,3.11,69.21,0.0,,,Ayee
2024-11-05 23:11,1,9.0,19.6,1.06,74.48,0.0,,,Ayee
2024-11-05 23:16,1,8.8,20.1,1.89,70.99,0.0,,,Ayee
2024-11-05 23:21,1,8.9,19.6,1.8,70.59,0.0,,,Ayee
2024-11-05 23:26,1,8.9,20.4,0.93,71.42,0.0,,,Ayee
2024-11-05 23:31,1,8.5,20.2,0.58,71.33,0.0,,,Ayee
2024-11-05 23:36,1,8.4,20.0,1.04,71.04,0.0,,,Ayee
2024-11-05 23:41,1,8.1,20.5,0.79,77.39,0.0,,,Ayee
2024-11-05 23:46,1,8.0,20.7,0.75,72.38,0.0,,,Ayee
2024-11-05 23:51,1,8.5,20.1,1.62,72.93,0.0,,,Ayee
2024-11-05 23:56,1,8.3,21.1,0.32,76.56,0.0,,,Ayee
2024-11-06 00:01,1,8.2,21.2,3.18,73.31,0.0,,,Ayee
2024-11-06 00:06,1,8.3,20.7,2.23,71.55,0.0,,,Ayee
2024-11-06 00:11,1,8.3,20.9,3.67,73.01,0.0,,,Ayee
2024-11-06 00:16,1,8.3,20.9,3.06,74.1,0.0,,,Ayee
2024-11-06 00:21,1,8.4,20.8,1.06,72.57,0.0,,,Ayee
2024-11-06 00:26,1,7.9,20.7,0.36,72.52,0.0,,,Ayee
2024-11-06 00:31,1,8.2,20.9,1.12,74.52,0.0,,,Ayee
2024-11-06 00:36,1,7.6,22.7,0.0,74.92,0.0,,,Ayee
2024-11-06 00:41,1,7.1,21.9,0.83,71.21,0.0,,,Ayee
2024-11-06 00:46,1,7.7,21.2,1.08,70.61,0.0,,,Ayee
2024-11-06 00:51,1,8.0,20.7,2.26,74.44,0.0,,,Ayee
2024-11-06 00:56,1,8.0,21.0,0.42,77.43,0.0,,,Ayee
2024-11-06 01:01,1,7.5,21.2,1.11,74.86,0.0,,,Ayee
2024-11-06 01:06,1,7.4,22.8,0.7,72.16,0.0,,,Ayee
2024-11-06 01:11,1,7.0,22.1,1.28,69.27,0.0,,,Ayee
2024-11-06 01:16,1,7.0,22.6,0.0,68.36,0.0,,,Ayee
2024-11-06 01:21,1,7.0,22.4,0.83,73.33,0.0,,,Ayee
2024-11-06 01:26,1,7.0,22.3,2.24,69.55,0.0,,,Ayee
2024-11-06 01:31,1,7.5,21.4,2.32,70.44,0.0,,,Ayee
2024-11-06 01:36,1,7.8,21.4,1.84,72.95,0.0,,,Ayee
2024-11-06 01:41,1,7.7,21.6,4.08,78.62,0.0,,,Ayee
2024-11-06 01:46,1,7.4,21.8,1.0,74.97,0.0,,,Ayee
2024-11-06 01:51,1,6.9,22.8,0.77,70.8,0.0,,,Ayee
2024-11-06 01:56,1,6.5,23.2,0.0,68.3,0.0,,,Ayee
2024-11-06 02:01,1,6.3,23.0,0.9,67.96,0.0,,,Ayee
2024-11-06 02:06,1,6.3,23.6,0.0,69.93,0.0,,,Ayee
2024-11-06 02:11,1,5.9,24.4,1.18,74.35,0.0,,,Ayee
2024-11-06 02:16,1,6.3,23.2,0.0,75.22,0.0,,,Ayee
2024-11-06 02:21,1,6.3,23.1,3.01,69.64,0.0,,,Ayee
2024-11-06 02:26,1,6.4,22.8,0.23,75.45,0.0,,,Ayee
2024-11-06 02:31,1,6.1,23.9,0.4,74.14,0.0,,,Ayee
2024-11-06 02:36,1,5.9,23.6,1.23,74.35,0.0,,,Ayee
2024-11-06 02:41,1,5.8,23.6,0.94,69.49,0.0,,,Ayee
2024-11-06 02:46,1,5.6,24.1,0.49,77.24,0.0,,,Ayee
2024-11-06 02:51,1,5.6,23.8,0.29,71.33,0.0,,,Ayee
2024-11-06 02:56,1,5.8,23.1,1.19,68.96,0.0,,,Ayee
2024-11-06 03:01,1,5.9,23.0,0.66,71.12,0.0,,,Ayee
2024-11-06 03:06,1,6.0,23.3,0.4,72.01,0.0,,,Ayee
2024-11-06 03:11,1,6.1,23.1,0.45,79.13,0.0,,,Ayee
2024-11-06 03:16,1,5.9,23.8,0.11,75.01,0.0,,,Ayee
2024-11-06 03:21,1,6.2,22.8,0.4,75.01,0.0,,,Ayee
2024-11-06 03:26,1,5.7,23.8,0.23,75.67,0.0,,,Ayee
2024-11-06 03:31,1,5.4,23.6,0.79,83.82,0.0,,,Ayee
2024-11-06 03:36,1,5.3,23.8,0.73,78.45,0.0,,,Ayee
2024-11-06 03:41,1,5.4,23.9,0.31,73.97,0.0,,,Ayee
2024-11-06 03:46,1,5.7,23.5,1.24,85.25,0.0,,,Ayee
2024-11-06 03:51,1,5.9,23.4,0.25,75.54,0.0,,,Ayee
2024-11-06 03:56,1,5.6,24.3,0.0,72.74,0.0,,,Ayee
2024-11-06 04:01,1,5.2,24.6,0.36,72.74,0.0,,,Ayee
2024-11-06 04:06,1,5.1,24.3,0.62,70.4,0.0,,,Ayee
2024-11-06 04:11,1,5.1,24.0,2.15,74.29,0.0,,,Ayee
2024-11-06 04:16,1,5.1,24.8,0.33,80.25,0.0,,,Ayee
2024-11-06 04:21,1,5.2,24.8,0.09,82.99,0.0,,,Ayee
2024-11-06 04:26,1,5.4,23.8,0.2,71.06,0.0,,,Ayee
2024-11-06 04:31,1,5.7,23.6,0.77,71.38,0.0,,,Ayee
2024-11-06 04:36,1,5.7,23.5,0.0,74.95,0.0,,,Ayee
2024-11-06 04:41,1,5.5,23.7,1.02,71.25,0.0,,,Ayee
2024-11-06 04:46,1,5.6,23.3,1.17,80.19,0.0,,,Ayee
2024-11-06 04:51,1,5.9,22.9,0.71,81.21,0.0,,,Ayee
2024-11-06 04:56,1,5.5,24.1,0.0,73.05,0.0,,,Ayee
2024-11-06 05:01,1,5.1,24.5,0.03,73.03,0.0,,,Ayee
2024-11-06 05:06,1,5.1,24.5,0.92,76.28,0.0,,,Ayee
2024-11-06 05:11,1,5.4,23.6,1.4,78.34,0.0,,,Ayee
2024-11-06 05:16,1,6.0,23.0,1.45,73.03,0.0,,,Ayee
2024-11-06 05:21,1,5.8,23.9,0.0,85.59,0.0,,,Ayee
2024-11-06 05:26,1,6.1,22.7,0.85,81.23,0.0,,,Ayee
2024-11-06 05:31,1,5.7,23.0,0.07,81.06,0.0,,,Ayee
2024-11-06 05:36,1,5.2,24.4,0.03,81.72,0.0,,,Ayee
2024-11-06 05:41,1,4.8,24.6,0.0,75.77,0.0,,,Ayee
2024-11-06 05:46,1,4.4,25.9,0.26,79.53,0.0,,,Ayee
2024-11-06 05:51,1,4.4,25.4,0.29,75.77,0.0,,,Ayee
2024-11-06 05:56,1,4.4,25.9,0.0,82.34,0.0,,,Ayee
2024-11-06 06:01,1,4.3,25.8,0.0,83.25,0.0,,,Ayee
2024-11-06 06:06,1,4.2,25.6,0.86,81.53,0.0,,,Ayee
2024-11-06 06:11,1,4.6,25.2,0.07,82.82,0.0,,,Ayee
2024-11-06 06:16,1,4.4,25.1,0.11,80.76,0.0,,,Ayee
2024-11-06 06:21,1,4.2,25.4,0.0,74.73,0.0,,,Ayee
2024-11-06 06:26,1,4.3,25.6,0.0,83.23,0.0,,,Ayee
2024-11-06 06:31,1,4.1,25.5,0.66,82.91,0.0,,,Ayee
2024-11-06 06:36,1,3.9,25.4,1.79,82.36,0.0,,,Ayee
2024-11-06 06:41,1,4.1,25.5,0.31,82.17,0.0,,,Ayee
2024-11-06 06:46,1,4.2,25.5,0.48,83.14,0.0,,,Ayee
2024-11-06 06:51,1,4.4,25.4,0.14,78.64,0.0,,,Ayee
2024-11-06 06:56,1,4.4,25.5,0.0,81.83,0.0,,,Ayee
2024-11-06 07:01,1,4.3,25.7,0.0,77.47,0.0,,,Ayee
2024-11-06 07:06,1,4.4,25.7,0.23,82.97,0.0,,,Ayee
2024-11-06 07:11,1,4.3,26.2,0.14,79.19,0.0,,,Ayee
2024-11-06 07:16,1,4.2,26.4,0.42,85.52,0.0,,,Ayee
2024-11-06 07:21,1,4.1,25.4,0.14,79.79,0.0,,,Ayee
2024-11-06 07:26,1,4.2,25.8,1.0,75.24,0.0,,,Ayee
2024-11-06 07:31,1,4.1,26.2,0.33,76.5,0.0,,,Ayee
2024-11-06 07:36,1,3.9,26.6,0.51,81.27,0.0,,,Ayee
2024-11-06 07:41,1,4.0,26.3,0.03,75.58,0.0,,,Ayee
2024-11-06 07:46,1,4.1,25.9,0.73,78.49,0.0,,,Ayee
2024-11-06 07:51,1,5.1,24.8,0.0,76.03,0.0,,,Ayee
2024-11-06 07:56,1,6.3,23.5,0.69,77.79,0.0,,,Ayee
2024-11-06 08:01,1,6.9,23.3,0.0,73.73,0.0,,,Ayee
2024-11-06 08:06,1,7.7,22.2,0.01,78.34,0.0,,,Ayee
2024-11-06 08:11,1,8.4,20.9,0.29,75.6,0.0,,,Ayee
2024-11-06 08:16,1,7.5,23.3,0.0,80.36,0.0,,,Ayee
2024-11-06 08:21,1,7.0,23.2,0.01,80.45,0.0,,,Ayee
2024-11-06 08:26,1,6.9,23.5,0.31,76.9,0.0,,,Ayee
2024-11-06 08:31,1,7.1,23.6,0.29,76.33,0.0,,,Ayee
2024-11-06 08:36,1,7.8,23.2,0.0,79.07,0.0,,,Ayee
2024-11-06 08:41,1,7.4,24.1,0.1,76.73,0.0,,,Ayee
2024-11-06 08:46,1,7.3,24.6,0.0,78.66,0.0,,,Ayee
2024-11-06 08:51,1,7.3,25.5,0.21,80.23,0.0,,,Ayee
2024-11-06 08:56,1,7.0,26.3,0.0,79.51,0.0,,,Ayee
2024-11-06 09:01,1,8.2,24.9,0.0,81.02,0.0,,,Ayee
2024-11-06 09:06,1,8.6,23.0,0.0,81.17,0.0,,,Ayee
2024-11-06 09:11,1,8.0,24.4,0.6,77.52,0.0,,,Ayee
2024-11-06 09:16,1,7.7,24.4,0.08,79.75,0.0,,,Ayee
2024-11-06 09:21,1,8.4,23.7,0.29,76.77,0.0,,,Ayee
2024-11-06 09:26,1,8.1,23.4,0.43,78.56,0.0,,,Ayee
2024-11-06 09:31,1,7.9,23.7,1.8,79.13,0.0,,,Ayee
2024-11-06 09:36,1,7.6,23.4,0.39,76.6,0.0,,,Ayee
2024-11-06 09:41,1,7.6,23.5,0.6,77.94,0.0,,,Ayee
2024-11-06 09:46,1,7.8,22.9,1.28,78.41,0.0,,,Ayee
2024-11-06 09:52,1,7.9,22.4,2.49,74.1,0.0,,,Ayee
2024-11-06 09:57,1,8.3,22.3,2.19,79.68,0.0,,,Ayee
2024-11-06 10:02,1,8.4,22.2,2.15,80.04,0.0,,,Ayee
2024-11-06 10:07,1,8.6,21.8,2.46,73.67,0.0,,,Ayee
2024-11-06 10:12,1,8.8,21.7,1.75,75.9,0.0,,,Ayee
2024-11-06 10:17,1,8.9,21.3,1.21,76.69,0.0,,,Ayee
2024-11-06 10:22,1,8.8,21.3,3.53,78.05,0.0,,,Ayee
2024-11-06 10:27,1,9.0,20.8,2.67,80.89,0.0,,,Ayee
2024-11-06 10:32,1,8.9,20.5,0.94,76.09,0.0,,,Ayee
2024-11-06 10:37,1,8.8,20.6,2.1,80.76,0.0,,,Ayee
2024-11-06 10:42,1,9.5,20.6,3.27,77.66,0.0,,,Ayee
2024-11-06 10:47,1,9.7,19.8,2.22,81.93,0.0,,,Ayee
2024-11-06 10:52,1,9.5,19.6,0.65,80.4,0.0,,,Ayee
2024-11-06 10:57,1,9.4,19.8,2.21,47.89,0.0,,,Ayee
2024-11-06 11:02,1,9.7,19.7,2.76,33.83,0.0,,,Ayee
2024-11-06 11:07,1,9.8,19.3,0.87,39.41,0.0,,,Ayee
2024-11-06 11:12,1,9.8,19.2,0.99,45.85,0.0,,,Ayee
2024-11-06 11:17,1,9.9,19.6,2.57,37.14,0.0,,,Ayee
2024-11-06 11:22,1,10.2,19.1,0.13,18.47,0.0,,,Ayee
2024-11-06 11:27,1,10.3,18.9,1.81,19.68,0.0,,,Ayee
2024-11-06 11:32,1,10.0,19.3,0.87,24.12,0.0,,,Ayee
2024-11-06 11:37,1,10.3,18.9,2.86,25.78,0.0,,,Ayee
2024-11-06 11:42,1,10.7,18.5,0.0,28.83,0.0,,,Ayee
2024-11-06 11:47,1,10.3,18.9,1.96,46.53,0.0,,,Ayee
2024-11-06 11:52,1,10.3,19.2,1.74,45.51,0.0,,,Ayee
2024-11-06 11:57,1,10.5,19.1,0.56,62.78,0.0,,,Ayee
2024-11-06 12:02,1,10.8,18.5,0.3,73.54,0.0,,,Ayee
2024-11-06 12:07,1,10.8,18.7,1.25,76.01,0.0,,,Ayee
2024-11-06 12:12,1,11.3,17.6,0.04,72.4,0.0,,,Ayee
2024-11-06 12:17,1,11.7,17.5,0.0,72.97,0.0,,,Ayee
2024-11-06 12:22,1,11.6,17.6,1.53,72.21,0.0,,,Ayee
2024-11-06 12:27,1,11.1,18.3,1.23,74.03,0.0,,,Ayee
2024-11-06 12:32,1,11.3,18.1,1.07,77.92,0.0,,,Ayee
2024-11-06 12:37,1,11.2,18.2,0.99,75.71,0.0,,,Ayee
2024-11-06 12:42,1,11.5,17.9,1.68,72.04,0.0,,,Ayee
2024-11-06 12:47,1,11.0,18.3,1.48,75.69,0.0,,,Ayee
2024-11-06 12:52,1,11.5,17.9,0.09,77.79,0.0,,,Ayee
2024-11-06 12:57,1,11.4,18.1,1.61,71.21,0.0,,,Ayee
2024-11-06 13:02,1,11.5,17.7,0.09,71.82,0.0,,,Ayee
2024-11-06 13:07,1,11.6,17.4,0.09,76.03,0.0,,,Ayee
2024-11-06 13:12,1,11.7,17.5,0.0,70.82,0.0,,,Ayee
2024-11-06 13:17,1,12.4,16.9,1.11,71.87,0.0,,,Ayee
2024-11-06 13:22,1,12.8,16.3,0.15,71.4,0.0,,,Ayee
2024-11-06 13:27,1,12.5,17.1,0.57,73.5,0.0,,,Ayee
2024-11-06 13:32,1,11.8,17.3,1.83,69.44,0.0,,,Ayee
2024-11-06 13:37,1,11.6,17.5,1.1,71.31,0.0,,,Ayee
2024-11-06 13:42,1,12.0,17.5,1.22,69.61,0.0,,,Ayee
2024-11-06 13:47,1,11.6,17.4,0.8,74.1,0.0,,,Ayee
2024-11-06 13:52,1,12.2,17.0,0.02,77.07,0.0,,,Ayee
2024-11-06 13:57,1,12.4,16.6,1.88,71.21,0.0,,,Ayee
2024-11-06 14:02,1,12.3,16.8,1.23,72.95,0.0,,,Ayee
2024-11-06 14:07,1,12.4,16.6,0.0,76.2,0.0,,,Ayee
2024-11-06 14:12,1,12.0,16.9,0.61,76.75,0.0,,,Ayee
2024-11-06 14:17,1,11.8,17.1,0.0,71.74,0.0,,,Ayee
2024-11-06 14:22,1,11.5,17.4,0.13,73.12,0.0,,,Ayee
2024-11-06 14:27,1,11.5,17.3,0.63,74.63,0.0,,,Ayee
2024-11-06 14:32,1,11.6,17.2,1.11,72.29,0.0,,,Ayee
2024-11-06 14:37,1,11.6,16.9,0.56,75.29,0.0,,,Ayee
2024-11-06 14:42,1,11.6,16.7,0.28,73.05,0.0,,,Ayee
2024-11-06 14:47,1,11.5,16.9,0.54,70.44,0.0,,,Ayee
2024-11-06 14:52,1,11.5,16.9,0.37,71.63,0.0,,,Ayee
2024-11-06 14:57,1,11.5,16.7,0.14,70.51,0.0,,,Ayee
2024-11-06 15:02,1,11.3,16.9,0.86,73.42,0.0,,,Ayee
2024-11-06 15:07,1,11.3,17.0,1.54,77.09,0.0,,,Ayee
2024-11-06 15:12,1,11.1,16.8,0.54,75.69,0.0,,,Ayee
2024-11-06 15:17,1,11.2,16.9,0.32,75.86,0.0,,,Ayee
2024-11-06 15:22,1,11.1,16.9,1.15,73.31,0.0,,,Ayee
2024-11-06 15:27,1,11.1,16.8,1.34,73.01,0.0,,,Ayee
2024-11-06 15:32,1,11.1,16.9,1.87,70.89,0.0,,,Ayee
2024-11-06 15:37,1,11.0,17.0,1.61,71.7,0.0,,,Ayee
2024-11-06 15:42,1,10.9,16.9,1.93,73.84,0.0,,,Ayee
2024-11-06 15:47,1,11.2,16.5,1.43,71.97,0.0,,,Ayee
2024-11-06 15:52,1,11.1,16.7,1.58,72.16,0.0,,,Ayee
2024-11-06 15:57,1,11.0,16.7,1.33,79.81,0.0,,,Ayee
2024-11-06 16:02,1,10.9,16.7,0.84,77.01,0.0,,,Ayee
2024-11-06 16:07,1,11.0,16.0,0.17,82.15,0.0,,,Ayee
2024-11-06 16:12,1,11.2,16.3,1.54,70.15,0.0,,,Ayee
2024-11-06 16:17,1,10.7,16.9,0.99,67.94,0.0,,,Ayee
2024-11-06 16:22,1,10.9,16.5,2.25,73.01,0.0,,,Ayee
2024-11-06 16:27,1,11.0,16.0,0.1,72.5,0.0,,,Ayee
2024-11-06 16:32,1,10.8,16.0,1.6,69.13,0.0,,,Ayee
2024-11-06 16:37,1,10.8,16.7,1.45,69.93,0.0,,,Ayee
2024-11-06 16:42,1,10.6,16.8,1.15,59.31,0.0,,,Ayee
2024-11-06 16:47,1,10.5,16.7,2.32,42.09,0.0,,,Ayee
2024-11-06 16:52,1,10.4,16.7,1.76,54.64,0.0,,,Ayee
2024-11-06 16:57,1,10.5,16.8,1.55,47.8,0.0,,,Ayee
2024-11-06 17:02,1,10.4,16.8,0.9,44.83,0.0,,,Ayee
2024-11-06 17:07,1,10.4,16.7,1.6,36.88,0.0,,,Ayee
2024-11-06 17:12,1,10.4,16.6,1.54,36.33,0.0,,,Ayee
2024-11-06 17:17,1,10.2,16.9,2.08,34.59,0.0,,,Ayee
2024-11-06 17:22,1,10.6,16.4,1.39,25.27,0.0,,,Ayee
2024-11-06 17:27,1,10.4,16.4,2.15,26.16,0.0,,,Ayee
2024-11-06 17:32,1,10.2,16.6,3.54,31.32,0.0,,,Ayee
2024-11-06 17:37,1,9.9,16.8,0.99,37.2,0.0,,,Ayee
2024-11-06 17:42,1,10.7,16.1,1.5,40.05,0.0,,,Ayee
2024-11-06 17:47,1,10.2,16.0,2.5,33.61,0.0,,,Ayee
2024-11-06 17:52,1,10.0,16.8,2.07,47.31,0.0,,,Ayee
2024-11-06 17:57,1,10.4,16.3,0.25,49.12,0.0,,,Ayee
2024-11-06 18:02,1,10.5,16.2,0.38,54.32,0.0,,,Ayee
2024-11-06 18:07,1,10.2,16.0,0.73,56.25,0.0,,,Ayee
2024-11-06 18:12,1,10.0,16.6,2.04,57.17,0.0,,,Ayee
2024-11-06 18:17,1,9.7,16.9,2.5,64.77,0.0,,,Ayee
2024-11-06 18:22,1,9.5,17.1,2.74,70.55,0.0,,,Ayee
2024-11-06 18:27,1,10.0,16.7,2.54,49.39,0.0,,,Ayee
2024-11-06 18:32,1,9.8,16.8,1.16,32.02,0.0,,,Ayee
2024-11-06 18:37,1,10.0,16.8,1.78,47.99,0.0,,,Ayee
2024-11-06 18:42,1,10.2,16.9,1.05,41.51,0.0,,,Ayee
2024-11-06 18:47,1,10.2,16.9,1.7,45.91,0.0,,,Ayee
2024-11-06 18:52,1,10.5,17.6,0.07,48.06,0.0,,,Ayee
2024-11-06 18:57,1,10.4,17.0,0.45,69.7,0.0,,,Ayee
2024-11-06 19:02,1,10.1,17.4,0.38,70.19,0.0,,,Ayee
2024-11-06 19:07,1,10.3,17.2,0.73,76.62,0.0,,,Ayee
2024-11-06 19:12,1,10.1,16.9,2.74,77.01,0.0,,,Ayee
2024-11-06 19:17,1,9.4,17.3,2.39,76.39,0.0,,,Ayee
2024-11-06 19:22,1,10.1,17.5,0.29,75.88,0.0,,,Ayee
2024-11-06 19:27,1,10.1,17.1,1.2,77.49,0.0,,,Ayee
2024-11-06 19:32,1,9.9,17.5,2.0,76.73,0.0,,,Ayee
2024-11-06 19:37,1,9.7,17.2,0.35,77.88,0.0,,,Ayee
2024-11-06 19:42,1,9.5,18.3,0.43,76.05,0.0,,,Ayee
2024-11-06 19:47,1,9.6,18.0,0.98,83.29,0.0,,,Ayee
2024-11-06 19:52,1,9.1,17.9,1.88,74.71,0.0,,,Ayee
2024-11-06 19:57,1,9.3,17.8,0.73,75.09,0.0,,,Ayee
2024-11-06 20:02,1,9.2,19.1,0.65,76.22,0.0,,,Ayee
2024-11-06 20:07,1,9.2,19.1,2.08,78.19,0.0,,,Ayee
2024-11-06 20:12,1,9.0,18.4,3.11,76.09,0.0,,,Ayee
2024-11-06 20:17,1,8.8,18.3,2.82,80.23,0.0,,,Ayee
2024-11-06 20:22,1,8.8,19.4,0.27,77.41,0.0,,,Ayee
2024-11-06 20:27,1,9.1,18.7,1.0,74.27,0.0,,,Ayee
2024-11-06 20:32,1,9.5,18.2,2.48,79.58,0.0,,,Ayee
2024-11-06 20:37,1,9.5,18.2,0.68,76.6,0.0,,,Ayee
2024-11-06 20:42,1,8.9,18.2,2.17,74.05,0.0,,,Ayee
2024-11-06 20:47,1,8.5,20.6,1.18,79.02,0.0,,,Ayee
2024-11-06 20:52,1,8.6,19.2,1.18,81.21,0.0,,,Ayee
2024-11-06 20:57,1,8.9,19.0,0.71,73.95,0.0,,,Ayee
2024-11-06 21:02,1,9.0,19.2,0.47,79.49,0.0,,,Ayee
2024-11-06 21:07,1,9.2,18.6,1.02,74.54,0.0,,,Ayee
2024-11-06 21:12,1,8.8,18.9,0.07,80.74,0.0,,,Ayee
2024-11-06 21:17,1,8.7,19.2,1.26,76.45,0.0,,,Ayee
2024-11-06 21:22,1,8.6,19.3,2.28,75.84,0.0,,,Ayee
2024-11-06 21:27,1,8.6,19.3,2.35,78.56,0.0,,,Ayee
2024-11-06 21:32,1,7.9,19.9,1.18,77.37,0.0,,,Ayee
2024-11-06 21:37,1,8.2,21.6,0.41,81.93,0.0,,,Ayee
2024-11-06 21:42,1,8.4,21.4,2.21,73.76,0.0,,,Ayee
2024-11-06 21:47,1,7.9,23.0,0.33,73.5,0.0,,,Ayee
2024-11-06 21:52,1,7.9,22.7,0.12,72.27,0.0,,,Ayee
2024-11-06 21:57,1,8.0,21.6,1.58,75.56,0.0,,,Ayee
2024-11-06 22:02,1,7.8,21.2,0.38,74.22,0.0,,,Ayee
2024-11-06 22:07,1,8.1,21.5,0.12,73.29,0.0,,,Ayee
2024-11-06 22:12,1,8.0,22.3,1.54,78.6,0.0,,,Ayee
2024-11-06 22:17,1,8.2,22.2,0.98,79.94,0.0,,,Ayee
2024-11-06 22:22,1,8.4,22.3,2.1,75.48,0.0,,,Ayee
2024-11-06 22:27,1,8.8,22.1,3.26,77.24,0.0,,,Ayee
2024-11-06 22:32,1,8.9,21.8,0.84,76.37,0.0,,,Ayee
2024-11-06 22:37,1,8.6,22.3,0.03,72.82,0.0,,,Ayee
2024-11-06 22:42,1,7.9,23.7,0.27,78.39,0.0,,,Ayee
2024-11-06 22:47,1,7.8,22.7,0.56,79.64,0.0,,,Ayee
2024-11-06 22:52,1,8.5,22.3,0.4,74.01,0.0,,,Ayee
2024-11-06 22:57,1,7.9,23.3,0.16,81.3,0.0,,,Ayee
2024-11-06 23:02,1,7.6,23.8,0.0,74.29,0.0,,,Ayee
2024-11-06 23:07,1,7.5,23.8,0.77,79.72,0.0,,,Ayee
2024-11-06 23:12,1,7.6,23.2,0.53,75.9,0.0,,,Ayee
2024-11-06 23:17,1,7.7,22.7,0.0,75.2,0.0,,,Ayee
2024-11-06 23:22,1,7.6,23.2,0.0,72.67,0.0,,,Ayee
2024-11-06 23:27,1,7.5,23.3,0.9,79.19,0.0,,,Ayee
2024-11-06 23:32,1,7.5,23.1,0.84,76.16,0.0,,,Ayee
2024-11-06 23:37,1,7.9,22.2,1.0,75.22,0.0,,,Ayee
2024-11-06 23:42,1,7.2,23.8,0.09,74.03,0.0,,,Ayee
2024-11-06 23:47,1,7.0,23.3,2.15,77.28,0.0,,,Ayee
2024-11-06 23:52,1,7.2,23.4,0.01,75.79,0.0,,,Ayee
2024-11-06 23:57,1,7.3,23.0,0.1,73.67,0.0,,,Ayee
2024-11-07 00:02,1,7.2,22.8,0.09,72.23,0.0,,,Ayee
2024-11-07 00:07,1,7.1,23.1,0.12,77.35,0.0,,,Ayee
2024-11-07 00:12,1,6.8,23.0,2.11,77.56,0.0,,,Ayee
2024-11-07 00:17,1,6.9,22.7,1.24,75.52,0.0,,,Ayee
2024-11-07 00:22,1,6.6,24.7,0.75,81.02,0.0,,,Ayee
2024-11-07 00:27,1,6.3,24.3,1.75,80.04,0.0,,,Ayee
2024-11-07 00:32,1,6.7,23.2,0.96,71.67,0.0,,,Ayee
2024-11-07 00:37,1,6.8,22.9,1.17,77.24,0.0,,,Ayee
2024-11-07 00:42,1,6.6,23.1,1.1,72.99,0.0,,,Ayee
2024-11-07 00:47,1,6.4,23.4,0.14,72.8,0.0,,,Ayee
2024-11-07 00:52,1,6.0,24.6,0.31,75.14,0.0,,,Ayee
2024-11-07 00:57,1,6.0,23.7,2.06,79.85,0.0,,,Ayee
2024-11-07 01:02,1,6.2,24.0,0.16,77.2,0.0,,,Ayee
2024-11-07 01:07,1,6.2,24.3,0.0,76.26,0.0,,,Ayee
2024-11-07 01:12,1,6.2,23.8,1.2,80.4,0.0,,,Ayee
2024-11-07 01:17,1,6.3,23.1,2.0,78.79,0.0,,,Ayee
2024-11-07 01:22,1,6.0,23.8,0.12,70.76,0.0,,,Ayee
2024-11-07 01:27,1,6.2,23.8,1.19,76.62,0.0,,,Ayee
2024-11-07 01:32,1,6.0,23.8,1.71,77.03,0.0,,,Ayee
2024-11-07 01:37,1,6.1,23.5,0.55,74.84,0.0,,,Ayee
2024-11-07 01:42,1,6.1,23.6,0.83,70.89,0.0,,,Ayee
2024-11-07 01:47,1,6.1,24.1,0.01,70.55,0.0,,,Ayee
2024-11-07 01:52,1,5.8,24.0,0.09,70.06,0.0,,,Ayee
2024-11-07 01:57,1,5.9,24.8,0.4,76.64,0.0,,,Ayee
2024-11-07 02:02,1,5.8,25.3,0.33,71.55,0.0,,,Ayee
2024-11-07 02:07,1,5.9,25.2,0.0,72.46,0.0,,,Ayee
2024-11-07 02:12,1,6.0,24.8,0.01,72.74,0.0,,,Ayee
2024-11-07 02:17,1,6.0,24.7,0.55,72.44,0.0,,,Ayee
2024-11-07 02:22,1,6.1,23.8,0.44,77.26,0.0,,,Ayee
2024-11-07 02:27,1,5.8,24.1,1.3,76.9,0.0,,,Ayee
2024-11-07 02:32,1,5.6,23.9,1.36,75.75,0.0,,,Ayee
2024-11-07 02:37,1,5.4,24.5,0.66,70.32,0.0,,,Ayee
2024-11-07 02:42,1,5.2,24.6,0.14,69.68,0.0,,,Ayee
2024-11-07 02:47,1,5.2,24.1,1.52,75.45,0.0,,,Ayee
2024-11-07 02:52,1,5.2,25.1,0.0,70.53,0.0,,,Ayee
2024-11-07 02:57,1,5.5,24.7,0.0,72.95,0.0,,,Ayee
2024-11-07 03:02,1,5.6,24.8,0.0,72.18,0.0,,,Ayee
2024-11-07 03:07,1,5.4,25.4,0.0,71.84,0.0,,,Ayee
2024-11-07 03:12,1,5.1,25.6,0.03,75.01,0.0,,,Ayee
2024-11-07 03:17,1,5.2,24.9,0.21,59.27,0.0,,,Ayee
2024-11-07 03:22,1,5.4,24.9,0.0,35.35,0.0,,,Ayee
2024-11-07 03:27,1,5.5,24.0,1.17,32.55,0.0,,,Ayee
2024-11-07 03:32,1,5.4,23.9,0.16,37.71,0.0,,,Ayee
2024-11-07 03:37,1,5.3,24.7,0.31,38.52,0.0,,,Ayee
2024-11-07 03:42,1,5.1,24.4,0.92,36.2,0.0,,,Ayee
2024-11-07 03:47,1,5.2,24.4,0.29,22.84,0.0,,,Ayee
2024-11-07 03:52,1,5.4,23.9,1.47,29.37,0.0,,,Ayee
2024-11-07 03:57,1,5.3,23.8,1.67,17.81,0.0,,,Ayee
2024-11-07 04:02,1,5.2,23.9,1.32,19.79,0.0,,,Ayee
2024-11-07 04:07,1,4.9,24.5,0.68,25.16,0.0,,,Ayee
2024-11-07 04:12,1,5.1,24.6,1.12,33.59,0.0,,,Ayee
2024-11-07 04:17,1,5.1,24.5,0.79,22.7,0.0,,,Ayee
2024-11-07 04:22,1,5.2,24.4,0.83,30.02,0.0,,,Ayee
2024-11-07 04:27,1,4.9,24.4,1.58,35.78,0.0,,,Ayee
2024-11-07 04:32,1,5.1,24.3,0.88,39.82,0.0,,,Ayee
2024-11-07 04:37,1,5.4,24.1,0.38,39.09,0.0,,,Ayee
2024-11-07 04:42,1,5.4,24.0,0.68,46.48,0.0,,,Ayee
2024-11-07 04:47,1,4.9,23.8,1.05,62.22,0.0,,,Ayee
2024-11-07 04:52,1,4.4,25.0,0.09,66.34,0.0,,,Ayee
2024-11-07 04:57,1,4.4,25.6,0.36,64.96,0.0,,,Ayee
2024-11-07 05:02,1,4.5,25.4,0.11,69.19,0.0,,,Ayee
2024-11-07 05:07,1,4.7,25.5,0.33,67.58,0.0,,,Ayee
2024-11-07 05:12,1,4.7,24.7,0.59,71.93,0.0,,,Ayee
2024-11-07 05:17,1,4.6,25.3,0.03,66.07,0.0,,,Ayee
2024-11-07 05:22,1,4.5,25.4,0.42,65.6,0.0,,,Ayee
2024-11-07 05:27,1,4.7,24.9,1.86,66.68,0.0,,,Ayee
2024-11-07 05:32,1,4.4,25.1,1.53,64.47,0.0,,,Ayee
2024-11-07 05:37,1,4.3,25.5,0.44,70.36,0.0,,,Ayee
2024-11-07 05:42,1,4.5,25.1,0.77,67.28,0.0,,,Ayee
2024-11-07 05:48,1,4.3,26.0,0.14,67.21,0.0,,,Ayee
2024-11-07 05:53,1,3.8,26.1,0.9,68.47,0.0,,,Ayee
2024-11-07 05:58,1,3.7,26.2,0.21,66.53,0.0,,,Ayee
2024-11-07 06:03,1,3.8,26.8,0.07,67.98,0.0,,,Ayee
2024-11-07 06:08,1,4.1,26.6,0.16,66.41,0.0,,,Ayee
2024-11-07 06:13,1,4.3,25.5,1.17,65.56,0.0,,,Ayee
2024-11-07 06:18,1,4.2,26.1,0.03,66.36,0.0,,,Ayee
2024-11-07 06:23,1,3.9,26.3,0.0,66.45,0.0,,,Ayee
2024-11-07 06:28,1,3.7,26.4,0.38,71.12,0.0,,,Ayee
2024-11-07 06:33,1,3.8,26.5,0.51,72.76,0.0,,,Ayee
2024-11-07 06:38,1,4.1,26.4,1.26,64.81,0.0,,,Ayee
2024-11-07 06:43,1,4.3,25.7,1.07,63.18,0.0,,,Ayee
2024-11-07 06:48,1,4.2,25.8,1.4,65.39,0.0,,,Ayee
2024-11-07 06:53,1,4.3,27.2,0.0,71.31,0.0,,,Ayee
2024-11-07 06:58,1,4.0,26.8,0.0,66.0,0.0,,,Ayee
2024-11-07 07:03,1,4.0,26.4,0.27,68.21,0.0,,,Ayee
2024-11-07 07:08,1,4.1,26.4,0.0,61.76,0.0,,,Ayee
2024-11-07 07:13,1,4.1,26.0,0.96,65.54,0.0,,,Ayee
2024-11-07 07:18,1,4.3,26.0,0.0,64.71,0.0,,,Ayee
2024-11-07 07:23,1,4.1,26.1,0.47,66.87,0.0,,,Ayee
2024-11-07 07:28,1,3.9,26.4,1.0,62.82,0.0,,,Ayee
2024-11-07 07:33,1,3.9,26.2,0.25,63.73,0.0,,,Ayee
2024-11-07 07:38,1,3.9,26.9,0.09,66.98,0.0,,,Ayee
2024-11-07 07:43,1,4.0,27.1,0.23,63.24,0.0,,,Ayee
2024-11-07 07:48,1,4.1,27.0,0.25,63.92,0.0,,,Ayee
2024-11-07 07:53,1,5.3,25.8,0.0,65.22,0.0,,,Ayee
2024-11-07 07:58,1,6.2,24.1,0.0,65.88,0.0,,,Ayee
2024-11-07 08:03,1,7.5,22.8,0.0,64.92,0.0,,,Ayee
2024-11-07 08:08,1,8.0,21.7,0.08,66.34,0.0,,,Ayee
2024-11-07 08:13,1,8.4,22.6,0.01,64.54,0.0,,,Ayee
2024-11-07 08:18,1,8.4,22.1,0.0,65.07,0.0,,,Ayee
2024-11-07 08:23,1,8.8,21.4,0.23,66.79,0.0,,,Ayee
2024-11-07 08:28,1,8.7,21.5,0.05,64.07,0.0,,,Ayee
2024-11-07 08:33,1,7.8,23.6,0.58,65.45,0.0,,,Ayee
2024-11-07 08:38,1,7.0,24.4,2.06,64.67,0.0,,,Ayee
2024-11-07 08:43,1,6.6,25.2,1.35,65.85,0.0,,,Ayee
2024-11-07 08:48,1,6.7,25.9,0.64,69.02,0.0,,,Ayee
2024-11-07 08:53,1,7.3,26.4,0.0,66.66,0.0,,,Ayee
2024-11-07 08:58,1,7.3,27.7,0.0,60.86,0.0,,,Ayee
2024-11-07 09:03,1,7.7,27.3,0.67,66.36,0.0,,,Ayee
2024-11-07 09:08,1,7.7,26.2,0.21,64.18,0.0,,,Ayee
2024-11-07 09:13,1,8.3,23.9,0.0,63.56,0.0,,,Ayee
2024-11-07 09:18,1,8.1,24.0,0.0,64.35,0.0,,,Ayee
2024-11-07 09:23,1,8.7,23.6,0.03,60.57,0.0,,,Ayee
2024-11-07 09:28,1,8.2,23.2,0.67,63.84,0.0,,,Ayee
2024-11-07 09:33,1,8.2,23.0,0.69,65.81,0.0,,,Ayee
2024-11-07 09:38,1,8.4,22.3,0.0,65.68,0.0,,,Ayee
2024-11-07 09:43,1,7.9,24.5,1.2,64.54,0.0,,,Ayee
2024-11-07 09:48,1,7.9,24.6,2.45,61.05,0.0,,,Ayee
2024-11-07 09:53,1,8.1,24.3,0.77,65.64,0.0,,,Ayee
2024-11-07 09:58,1,8.3,23.8,0.0,64.01,0.0,,,Ayee
2024-11-07 10:03,1,8.6,23.1,1.23,65.64,0.0,,,Ayee
2024-11-07 10:08,1,8.7,23.1,0.96,66.56,0.0,,,Ayee
2024-11-07 10:13,1,8.7,21.5,1.16,65.62,0.0,,,Ayee
2024-11-07 10:18,1,8.8,22.8,1.84,64.05,0.0,,,Ayee
2024-11-07 10:23,1,8.4,21.7,1.18,64.18,0.0,,,Ayee
2024-11-07 10:28,1,8.9,21.5,1.3,60.44,0.0,,,Ayee
2024-11-07 10:33,1,9.1,21.3,0.92,68.02,0.0,,,Ayee
2024-11-07 10:38,1,9.1,20.9,1.88,72.23,0.0,,,Ayee
2024-11-07 10:43,1,8.9,21.0,2.73,65.79,0.0,,,Ayee
2024-11-07 10:48,1,9.0,20.6,0.7,65.41,0.0,,,Ayee
2024-11-07 10:53,1,9.0,20.6,1.12,67.6,0.0,,,Ayee
2024-11-07 10:58,1,9.8,19.9,0.55,64.52,0.0,,,Ayee
2024-11-07 11:03,1,9.5,20.2,1.31,64.73,0.0,,,Ayee
2024-11-07 11:08,1,9.6,20.4,3.32,63.03,0.0,,,Ayee
2024-11-07 11:13,1,9.7,20.2,1.27,66.26,0.0,,,Ayee
2024-11-07 11:18,1,9.8,20.0,1.35,64.41,0.0,,,Ayee
2024-11-07 11:23,1,9.7,20.5,1.04,66.9,0.0,,,Ayee
2024-11-07 11:28,1,10.0,20.4,1.31,62.73,0.0,,,Ayee
2024-11-07 11:33,1,10.0,20.5,1.53,64.88,0.0,,,Ayee
2024-11-07 11:38,1,10.1,20.2,2.21,65.26,0.0,,,Ayee
2024-11-07 11:43,1,10.1,19.9,1.61,64.77,0.0,,,Ayee
2024-11-07 11:48,1,10.0,19.8,1.42,65.37,0.0,,,Ayee
2024-11-07 11:53,1,10.1,19.9,0.37,70.68,0.0,,,Ayee
2024-11-07 11:58,1,10.3,19.8,0.22,66.19,0.0,,,Ayee
2024-11-07 12:03,1,10.7,19.3,1.46,66.22,0.0,,,Ayee
2024-11-07 12:08,1,10.6,19.6,0.21,61.8,0.0,,,Ayee
2024-11-07 12:13,1,10.6,19.7,2.2,65.81,0.0,,,Ayee
2024-11-07 12:18,1,10.6,19.3,2.4,67.02,0.0,,,Ayee
2024-11-07 12:23,1,10.6,19.3,0.43,65.18,0.0,,,Ayee
2024-11-07 12:28,1,10.7,19.1,1.11,64.86,0.0,,,Ayee
2024-11-07 12:33,1,10.8,19.1,2.28,68.11,0.0,,,Ayee
2024-11-07 12:38,1,10.9,18.4,0.0,66.41,0.0,,,Ayee
2024-11-07 12:43,1,11.9,17.6,0.0,68.19,0.0,,,Ayee
2024-11-07 12:48,1,12.1,17.7,0.0,62.65,0.0,,,Ayee
2024-11-07 12:53,1,11.7,17.6,0.44,65.49,0.0,,,Ayee
2024-11-07 12:58,1,11.4,17.5,0.78,62.27,0.0,,,Ayee
2024-11-07 13:03,1,11.8,17.7,0.08,66.0,0.0,,,Ayee
2024-11-07 13:08,1,11.5,17.4,1.5,67.07,0.0,,,Ayee
2024-11-07 13:13,1,11.4,17.9,2.31,64.79,0.0,,,Ayee
2024-11-07 13:18,1,11.3,17.8,0.09,63.56,0.0,,,Ayee
2024-11-07 13:23,1,11.7,17.2,1.76,67.0,0.0,,,Ayee
2024-11-07 13:28,1,11.7,17.2,0.71,65.18,0.0,,,Ayee
2024-11-07 13:33,1,11.6,17.4,0.54,63.6,0.0,,,Ayee
2024-11-07 13:38,1,12.1,16.8,0.37,64.62,0.0,,,Ayee
2024-11-07 13:43,1,12.1,16.8,2.1,64.94,0.0,,,Ayee
2024-11-07 13:48,1,11.8,17.0,1.38,64.96,0.0,,,Ayee
2024-11-07 13:53,1,12.0,16.8,0.26,62.1,0.0,,,Ayee
2024-11-07 13:58,1,12.1,16.8,0.13,62.22,0.0,,,Ayee
2024-11-07 14:03,1,12.2,16.5,0.54,64.58,0.0,,,Ayee
2024-11-07 14:08,1,12.1,16.6,0.98,66.0,0.0,,,Ayee
2024-11-07 14:13,1,11.9,16.9,0.52,64.41,0.0,,,Ayee
2024-11-07 14:18,1,11.7,17.0,0.21,64.16,0.0,,,Ayee
2024-11-07 14:23,1,11.4,17.3,0.61,63.18,0.0,,,Ayee
2024-11-07 14:28,1,11.4,16.8,0.22,66.77,0.0,,,Ayee
2024-11-07 14:33,1,11.4,16.9,0.0,63.99,0.0,,,Ayee
2024-11-07 14:38,1,11.4,16.5,0.08,63.43,0.0,,,Ayee
2024-11-07 14:43,1,11.5,16.2,0.02,64.01,0.0,,,Ayee
2024-11-07 14:48,1,11.6,16.3,0.06,66.26,0.0,,,Ayee
2024-11-07 14:53,1,11.4,16.6,0.37,64.84,0.0,,,Ayee
2024-11-07 14:58,1,11.4,16.5,0.41,64.84,0.0,,,Ayee
2024-11-07 15:03,1,11.3,16.5,0.0,64.01,0.0,,,Ayee
2024-11-07 15:08,1,11.4,16.3,0.32,63.65,0.0,,,Ayee
2024-11-07 15:13,1,11.1,16.5,0.82,64.86,0.0,,,Ayee
2024-11-07 15:18,1,11.1,16.3,1.09,65.58,0.0,,,Ayee
2024-11-07 15:23,1,11.2,16.5,0.0,63.11,0.0,,,Ayee
2024-11-07 15:28,1,11.3,16.3,0.0,65.81,0.0,,,Ayee
2024-11-07 15:33,1,11.2,16.4,1.08,64.54,0.0,,,Ayee
2024-11-07 15:38,1,11.2,16.2,0.32,66.22,0.0,,,Ayee
2024-11-07 15:43,1,11.2,16.0,2.09,63.82,0.0,,,Ayee
2024-11-07 15:48,1,10.9,16.6,1.82,63.07,0.0,,,Ayee
2024-11-07 15:53,1,10.8,16.5,1.15,64.16,0.0,,,Ayee
2024-11-07 15:58,1,11.0,16.5,1.82,62.14,0.0,,,Ayee
2024-11-07 16:03,1,10.9,16.5,1.0,66.51,0.0,,,Ayee
2024-11-07 16:08,1,10.8,16.6,1.41,61.9,0.0,,,Ayee
2024-11-07 16:13,1,10.7,16.2,1.12,61.73,0.0,,,Ayee
2024-11-07 16:18,1,11.1,16.1,2.41,59.46,0.0,,,Ayee
2024-11-07 16:23,1,11.0,16.2,0.76,63.67,0.0,,,Ayee
2024-11-07 16:28,1,11.1,15.7,1.0,66.0,0.0,,,Ayee
2024-11-07 16:33,1,11.2,15.6,1.33,61.27,0.0,,,Ayee
2024-11-07 16:38,1,11.2,15.7,1.87,63.45,0.0,,,Ayee
2024-11-07 16:43,1,10.8,16.3,0.32,66.32,0.0,,,Ayee
2024-11-07 16:48,1,10.8,16.5,1.58,64.77,0.0,,,Ayee
2024-11-07 16:53,1,10.7,16.4,2.99,66.15,0.0,,,Ayee
2024-11-07 16:58,1,10.6,16.2,0.0,61.99,0.0,,,Ayee
2024-11-07 17:03,1,10.6,17.3,0.6,62.97,0.0,,,Ayee
2024-11-07 17:08,1,10.6,16.6,2.07,67.55,0.0,,,Ayee
2024-11-07 17:13,1,10.0,16.8,1.93,62.56,0.0,,,Ayee
2024-11-07 17:18,1,10.3,17.6,0.56,59.48,0.0,,,Ayee
2024-11-07 17:23,1,10.3,16.8,1.71,63.54,0.0,,,Ayee
2024-11-07 17:28,1,9.8,17.1,3.33,64.07,0.0,,,Ayee
2024-11-07 17:33,1,9.7,16.7,2.87,67.24,0.0,,,Ayee
2024-11-07 17:38,1,9.8,16.7,2.17,61.65,0.0,,,Ayee
2024-11-07 17:43,1,10.0,17.0,0.77,64.77,0.0,,,Ayee
2024-11-07 17:48,1,10.0,16.9,2.17,66.6,0.0,,,Ayee
2024-11-07 17:53,1,9.7,16.8,3.17,66.36,0.0,,,Ayee
2024-11-07 17:58,1,9.6,17.1,1.15,66.53,0.0,,,Ayee
2024-11-07 18:03,1,10.1,16.8,1.32,65.64,0.0,,,Ayee
2024-11-07 18:08,1,9.9,17.2,0.88,67.72,0.0,,,Ayee
2024-11-07 18:13,1,9.8,16.9,1.38,64.96,0.0,,,Ayee
2024-11-07 18:18,1,9.9,16.7,1.22,67.98,0.0,,,Ayee
2024-11-07 18:23,1,10.0,17.0,0.53,66.77,0.0,,,Ayee
2024-11-07 18:28,1,9.8,16.8,3.0,67.15,0.0,,,Ayee
2024-11-07 18:33,1,9.4,16.8,2.37,67.3,0.0,,,Ayee
2024-11-07 18:38,1,9.7,16.1,1.62,66.0,0.0,,,Ayee
2024-11-07 18:43,1,9.7,17.3,0.0,67.98,0.0,,,Ayee
2024-11-07 18:48,1,9.6,16.4,2.02,67.49,0.0,,,Ayee
2024-11-07 18:53,1,9.6,15.8,2.93,67.51,0.0,,,Ayee
2024-11-07 18:58,1,9.6,16.0,0.6,67.79,0.0,,,Ayee
2024-11-07 19:03,1,9.2,18.6,2.02,66.87,0.0,,,Ayee
2024-11-07 19:08,1,9.3,16.3,1.88,66.3,0.0,,,Ayee
2024-11-07 19:13,1,9.6,15.8,2.21,61.93,0.0,,,Ayee
2024-11-07 19:18,1,9.8,15.2,0.27,64.73,0.0,,,Ayee
2024-11-07 19:23,1,9.7,15.2,1.75,63.62,0.0,,,Ayee
2024-11-07 19:28,1,9.5,15.5,1.86,65.05,0.0,,,Ayee
2024-11-07 19:33,1,9.4,15.4,1.78,67.72,0.0,,,Ayee
2024-11-07 19:38,1,9.5,15.2,3.17,64.41,0.0,,,Ayee
2024-11-07 19:43,1,9.6,14.4,1.52,62.29,0.0,,,Ayee
2024-11-07 19:48,1,9.7,15.0,1.56,65.03,0.0,,,Ayee
2024-11-07 19:53,1,9.6,14.5,1.58,70.32,0.0,,,Ayee
2024-11-07 19:58,1,9.7,15.4,0.14,62.5,0.0,,,Ayee
2024-11-07 20:03,1,9.6,16.1,2.07,67.02,0.0,,,Ayee
2024-11-07 20:08,1,9.2,15.5,3.16,62.37,0.0,,,Ayee
2024-11-07 20:13,1,9.0,14.7,1.56,65.85,0.0,,,Ayee
2024-11-07 20:18,1,9.4,13.9,1.39,68.51,0.0,,,Ayee
2024-11-07 20:23,1,9.5,15.0,0.12,65.51,0.0,,,Ayee
2024-11-07 20:28,1,9.4,15.2,0.29,64.41,0.0,,,Ayee
2024-11-07 20:33,1,9.1,15.8,3.56,66.05,0.0,,,Ayee
2024-11-07 20:38,1,8.7,15.2,1.84,62.48,0.0,,,Ayee
2024-11-07 20:43,1,8.8,14.5,2.17,66.19,0.0,,,Ayee
2024-11-07 20:48,1,9.0,14.5,1.11,67.43,0.0,,,Ayee
2024-11-07 20:53,1,9.0,14.8,2.54,65.94,0.0,,,Ayee
2024-11-07 20:58,1,8.7,15.2,3.59,66.28,0.0,,,Ayee
2024-11-07 21:03,1,8.8,14.6,0.41,64.09,0.0,,,Ayee
2024-11-07 21:08,1,9.1,14.7,2.52,64.64,0.0,,,Ayee
2024-11-07 21:13,1,8.8,15.1,3.72,69.53,0.0,,,Ayee
2024-11-07 21:18,1,8.6,15.5,0.43,63.52,0.0,,,Ayee
2024-11-07 21:23,1,8.4,16.0,0.49,65.81,0.0,,,Ayee
2024-11-07 21:28,1,8.4,16.2,1.51,65.03,0.0,,,Ayee
2024-11-07 21:33,1,8.6,15.7,2.37,64.13,0.0,,,Ayee
2024-11-07 21:38,1,8.5,16.8,1.0,67.0,0.0,,,Ayee
2024-11-07 21:43,1,8.7,16.9,0.23,64.98,0.0,,,Ayee
2024-11-07 21:48,1,8.6,17.6,2.15,65.88,0.0,,,Ayee
2024-11-07 21:53,1,8.6,17.5,1.58,66.87,0.0,,,Ayee
2024-11-07 21:58,1,8.2,18.6,3.22,64.79,0.0,,,Ayee
2024-11-07 22:03,1,8.3,18.5,1.94,68.96,0.0,,,Ayee
2024-11-07 22:08,1,8.4,18.3,1.37,63.99,0.0,,,Ayee
2024-11-07 22:13,1,8.5,18.3,0.79,64.54,0.0,,,Ayee
2024-11-07 22:18,1,8.5,18.6,3.06,64.39,0.0,,,Ayee
2024-11-07 22:23,1,8.2,18.5,1.49,60.86,0.0,,,Ayee
2024-11-07 22:28,1,8.1,18.3,1.19,67.09,0.0,,,Ayee
2024-11-07 22:33,1,8.2,18.9,3.0,63.39,0.0,,,Ayee
2024-11-07 22:38,1,8.1,18.8,2.3,63.58,0.0,,,Ayee
2024-11-07 22:43,1,7.6,19.1,1.24,64.26,0.0,,,Ayee
2024-11-07 22:48,1,8.0,18.8,0.7,63.79,0.0,,,Ayee
2024-11-07 22:53,1,8.4,18.6,1.24,65.96,0.0,,,Ayee
2024-11-07 22:58,1,8.3,18.3,3.01,63.35,0.0,,,Ayee
2024-11-07 23:03,1,7.9,18.2,3.05,66.79,0.0,,,Ayee
2024-11-07 23:08,1,7.8,18.3,2.74,63.77,0.0,,,Ayee
2024-11-07 23:13,1,8.1,17.5,1.92,67.89,0.0,,,Ayee
2024-11-07 23:18,1,8.1,18.1,0.0,63.84,0.0,,,Ayee
2024-11-07 23:23,1,7.8,17.6,2.78,64.3,0.0,,,Ayee
2024-11-07 23:28,1,7.8,17.9,2.65,64.77,0.0,,,Ayee
2024-11-07 23:33,1,7.5,17.7,1.18,64.2,0.0,,,Ayee
2024-11-07 23:38,1,7.7,18.2,1.73,62.63,0.0,,,Ayee
2024-11-07 23:43,1,7.8,18.2,1.43,65.79,0.0,,,Ayee
2024-11-07 23:48,1,7.6,18.3,0.77,65.07,0.0,,,Ayee
2024-11-07 23:53,1,7.8,18.1,1.76,66.9,0.0,,,Ayee
2024-11-07 23:58,1,7.9,17.7,2.34,63.58,0.0,,,Ayee
2024-11-08 00:03,1,8.2,17.6,0.0,63.2,0.0,,,Ayee
2024-11-08 00:08,1,7.9,18.2,1.49,63.79,0.0,,,Ayee
2024-11-08 00:13,1,7.4,18.5,0.0,63.5,0.0,,,Ayee
2024-11-08 00:18,1,7.5,18.4,1.82,62.29,0.0,,,Ayee
2024-11-08 00:23,1,7.4,18.5,2.58,64.81,0.0,,,Ayee
2024-11-08 00:28,1,7.4,18.5,0.12,67.15,0.0,,,Ayee
2024-11-08 00:33,1,7.4,18.5,0.75,67.3,0.0,,,Ayee
2024-11-08 00:38,1,7.5,18.7,1.18,70.06,0.0,,,Ayee
2024-11-08 00:43,1,7.4,18.8,0.42,65.28,0.0,,,Ayee
2024-11-08 00:48,1,7.2,18.9,1.95,62.97,0.0,,,Ayee
2024-11-08 00:53,1,6.8,19.2,0.0,64.96,0.0,,,Ayee
2024-11-08 00:58,1,6.9,19.2,1.3,64.33,0.0,,,Ayee
2024-11-08 01:03,1,6.8,19.2,2.62,59.78,0.0,,,Ayee
2024-11-08 01:08,1,6.8,19.3,0.31,65.2,0.0,,,Ayee
2024-11-08 01:13,1,6.4,20.0,2.88,64.54,0.0,,,Ayee
2024-11-08 01:18,1,6.4,20.0,3.34,64.47,0.0,,,Ayee
2024-11-08 01:23,1,6.3,20.4,0.25,65.32,0.0,,,Ayee
2024-11-08 01:28,1,6.8,19.9,0.64,64.62,0.0,,,Ayee
2024-11-08 01:33,1,6.7,19.6,0.1,61.8,0.0,,,Ayee
2024-11-08 01:39,1,6.9,19.9,2.08,66.64,0.0,,,Ayee
2024-11-08 01:44,1,6.9,19.1,0.32,63.77,0.0,,,Ayee
2024-11-08 01:49,1,7.1,19.0,0.32,63.37,0.0,,,Ayee
2024-11-08 01:54,1,6.9,19.3,1.0,69.21,0.0,,,Ayee
2024-11-08 01:59,1,6.9,19.3,0.71,66.41,0.0,,,Ayee
2024-11-08 02:04,1,6.8,19.5,1.36,64.52,0.0,,,Ayee
2024-11-08 02:09,1,6.5,19.9,2.03,62.22,0.0,,,Ayee
2024-11-08 02:14,1,6.4,20.0,0.9,65.2,0.0,,,Ayee
2024-11-08 02:19,1,6.3,19.9,3.0,64.6,0.0,,,Ayee
2024-11-08 02:24,1,6.3,20.5,2.34,66.05,0.0,,,Ayee
2024-11-08 02:29,1,6.5,19.9,1.19,66.92,0.0,,,Ayee
2024-11-08 02:34,1,6.6,20.1,0.51,63.14,0.0,,,Ayee
2024-11-08 02:39,1,6.5,20.4,2.75,64.07,0.0,,,Ayee
2024-11-08 02:44,1,6.1,20.8,2.38,65.68,0.0,,,Ayee
2024-11-08 02:49,1,6.2,20.9,2.77,63.75,0.0,,,Ayee
2024-11-08 02:54,1,6.5,20.5,1.58,63.54,0.0,,,Ayee
2024-11-08 02:59,1,6.8,20.2,0.83,62.16,0.0,,,Ayee
2024-11-08 03:04,1,6.8,20.1,2.25,62.52,0.0,,,Ayee
2024-11-08 03:09,1,6.4,21.0,2.78,63.6,0.0,,,Ayee
2024-11-08 03:14,1,6.2,20.7,2.23,64.09,0.0,,,Ayee
2024-11-08 03:19,1,5.9,21.0,1.64,61.33,0.0,,,Ayee
2024-11-08 03:24,1,6.0,21.0,0.14,60.95,0.0,,,Ayee
2024-11-08 03:29,1,6.3,20.5,1.71,63.11,0.0,,,Ayee
2024-11-08 03:34,1,6.5,20.4,3.17,62.48,0.0,,,Ayee
2024-11-08 03:39,1,6.4,20.7,1.64,62.29,0.0,,,Ayee
2024-11-08 03:44,1,6.5,20.5,1.56,64.69,0.0,,,Ayee
2024-11-08 03:49,1,6.7,20.2,1.62,63.09,0.0,,,Ayee
2024-11-08 03:54,1,6.4,20.0,1.41,61.59,0.0,,,Ayee
2024-11-08 03:59,1,6.4,20.2,2.62,61.56,0.0,,,Ayee
2024-11-08 04:04,1,6.2,20.3,1.26,60.76,0.0,,,Ayee
2024-11-08 04:09,1,6.5,20.4,0.58,68.11,0.0,,,Ayee
2024-11-08 04:14,1,6.7,19.7,2.54,63.43,0.0,,,Ayee
2024-11-08 04:19,1,6.4,20.4,0.07,64.64,0.0,,,Ayee
2024-11-08 04:24,1,6.3,20.8,0.0,62.5,0.0,,,Ayee
2024-11-08 04:29,1,6.2,20.8,2.69,63.99,0.0,,,Ayee
2024-11-08 04:34,1,6.2,20.7,2.41,61.12,0.0,,,Ayee
2024-11-08 04:39,1,6.4,20.5,1.01,65.77,0.0,,,Ayee
2024-11-08 04:44,1,6.4,20.6,1.03,60.63,0.0,,,Ayee
2024-11-08 04:49,1,6.5,20.4,1.62,64.54,0.0,,,Ayee
2024-11-08 04:54,1,6.3,20.7,1.75,62.78,0.0,,,Ayee
2024-11-08 04:59,1,6.4,20.4,1.16,63.41,0.0,,,Ayee
2024-11-08 05:04,1,6.0,20.5,2.5,61.56,0.0,,,Ayee
2024-11-08 05:09,1,6.0,20.4,1.77,67.66,0.0,,,Ayee
2024-11-08 05:14,1,5.7,20.8,2.15,65.47,0.0,,,Ayee
2024-11-08 05:19,1,5.8,20.8,1.88,80.02,0.0,,,Ayee
2024-11-08 05:24,1,5.8,20.5,2.23,84.35,0.0,,,Ayee
2024-11-08 05:29,1,5.7,20.7,1.9,78.15,0.0,,,Ayee
2024-11-08 05:34,1,5.7,20.9,2.62,79.7,0.0,,,Ayee
2024-11-08 05:39,1,5.6,21.0,2.69,85.59,0.0,,,Ayee
2024-11-08 05:44,1,5.8,20.6,2.02,81.32,0.0,,,Ayee
2024-11-08 05:49,1,6.0,20.4,1.77,83.19,0.0,,,Ayee
2024-11-08 05:54,1,5.9,20.4,0.07,87.07,0.0,,,Ayee
2024-11-08 05:59,1,5.8,20.6,1.47,83.36,0.0,,,Ayee
2024-11-08 06:04,1,5.5,20.9,1.69,82.34,0.0,,,Ayee
2024-11-08 06:09,1,5.5,20.7,1.05,83.19,0.0,,,Ayee
2024-11-08 06:14,1,5.6,20.9,0.42,84.95,0.0,,,Ayee
2024-11-08 06:19,1,5.5,20.6,2.75,85.03,0.0,,,Ayee
2024-11-08 06:24,1,5.2,21.3,2.51,83.95,0.0,,,Ayee
2024-11-08 06:29,1,5.3,21.1,1.77,82.85,0.0,,,Ayee
2024-11-08 06:34,1,5.5,20.7,0.73,77.68,0.0,,,Ayee
2024-11-08 06:39,1,5.7,20.7,1.1,86.69,0.0,,,Ayee
2024-11-08 06:44,1,5.6,21.2,2.58,83.59,0.0,,,Ayee
2024-11-08 06:49,1,5.3,21.1,1.62,86.63,0.0,,,Ayee
2024-11-08 06:54,1,5.6,20.7,0.92,83.87,0.0,,,Ayee
2024-11-08 06:59,1,5.8,19.9,1.38,86.29,0.0,,,Ayee
2024-11-08 07:04,1,5.5,20.7,0.31,85.39,0.0,,,Ayee
2024-11-08 07:09,1,5.8,20.4,0.71,80.36,0.0,,,Ayee
2024-11-08 07:14,1,5.7,20.8,1.82,80.15,0.0,,,Ayee
2024-11-08 07:19,1,5.3,21.2,1.3,78.85,0.0,,,Ayee
2024-11-08 07:24,1,5.6,20.8,0.83,75.69,0.0,,,Ayee
2024-11-08 07:29,1,5.7,20.9,1.1,80.38,0.0,,,Ayee
2024-11-08 07:34,1,5.7,20.7,0.81,76.43,0.0,,,Ayee
2024-11-08 07:39,1,5.7,20.6,1.25,81.04,0.0,,,Ayee
2024-11-08 07:44,1,5.6,20.6,0.42,85.16,0.0,,,Ayee
2024-11-08 07:49,1,5.8,20.9,0.01,82.74,0.0,,,Ayee
2024-11-08 07:54,1,6.4,19.9,0.34,81.51,0.0,,,Ayee
2024-11-08 07:59,1,7.5,19.3,0.0,76.2,0.0,,,Ayee
2024-11-08 08:04,1,8.3,18.4,0.0,77.66,0.0,,,Ayee
2024-11-08 08:09,1,8.7,18.3,0.0,83.02,0.0,,,Ayee
2024-11-08 08:14,1,9.5,17.4,0.0,81.64,0.0,,,Ayee
2024-11-08 08:19,1,9.6,17.8,0.0,84.86,0.0,,,Ayee
2024-11-08 08:24,1,9.3,18.0,0.0,85.08,0.0,,,Ayee
2024-11-08 08:29,1,9.3,18.3,0.0,79.94,0.0,,,Ayee
2024-11-08 08:34,1,9.6,17.8,0.14,79.02,0.0,,,Ayee
2024-11-08 08:39,1,9.7,18.6,0.0,81.57,0.0,,,Ayee
2024-11-08 08:44,1,9.8,18.3,0.23,84.48,0.0,,,Ayee
2024-11-08 08:49,1,9.4,19.0,0.25,82.76,0.0,,,Ayee
2024-11-08 08:54,1,9.2,20.2,0.0,79.45,0.0,,,Ayee
2024-11-08 08:59,1,9.6,18.2,0.21,82.0,0.0,,,Ayee
2024-11-08 09:04,1,9.5,18.8,0.03,82.59,0.0,,,Ayee
2024-11-08 09:09,1,9.4,20.1,0.49,81.04,0.0,,,Ayee
2024-11-08 09:14,1,9.8,20.6,0.0,86.84,0.0,,,Ayee
2024-11-08 09:19,1,9.8,21.1,0.0,86.58,0.0,,,Ayee
2024-11-08 09:24,1,10.2,19.1,0.12,82.46,0.0,,,Ayee
2024-11-08 09:29,1,10.2,19.4,0.0,81.0,0.0,,,Ayee
2024-11-08 09:34,1,9.4,20.6,0.16,82.82,0.0,,,Ayee
2024-11-08 09:39,1,9.6,22.3,1.13,78.39,0.0,,,Ayee
2024-11-08 09:44,1,9.1,24.4,0.0,80.68,0.0,,,Ayee
2024-11-08 09:49,1,9.7,23.0,0.4,81.42,0.0,,,Ayee
2024-11-08 09:54,1,9.6,22.2,0.14,79.11,0.0,,,Ayee
2024-11-08 09:59,1,9.7,21.7,0.97,80.06,0.0,,,Ayee
2024-11-08 10:04,1,9.6,20.2,1.8,79.55,0.0,,,Ayee
2024-11-08 10:09,1,10.0,17.3,0.0,81.04,0.0,,,Ayee
2024-11-08 10:14,1,10.3,17.3,0.14,75.37,0.0,,,Ayee
2024-11-08 10:19,1,10.8,18.2,0.34,79.19,0.0,,,Ayee
2024-11-08 10:24,1,10.5,18.1,0.07,80.32,0.0,,,Ayee
2024-11-08 10:29,1,10.3,18.2,1.1,78.07,0.0,,,Ayee
2024-11-08 10:34,1,10.1,18.4,1.2,87.31,0.0,,,Ayee
2024-11-08 10:39,1,10.3,17.5,0.68,83.82,0.0,,,Ayee
2024-11-08 10:44,1,10.8,16.7,2.3,79.75,0.0,,,Ayee
2024-11-08 10:49,1,10.4,16.8,0.53,77.81,0.0,,,Ayee
2024-11-08 10:54,1,10.3,16.8,1.42,79.68,0.0,,,Ayee
2024-11-08 10:59,1,10.6,16.9,0.64,80.28,0.0,,,Ayee
2024-11-08 11:04,1,10.7,16.9,0.16,78.36,0.0,,,Ayee
2024-11-08 11:09,1,10.5,17.1,2.61,88.71,0.0,,,Ayee
2024-11-08 11:14,1,11.0,16.7,1.39,82.82,0.0,,,Ayee
2024-11-08 11:19,1,10.8,16.0,1.71,81.4,0.0,,,Ayee
2024-11-08 11:24,1,10.8,16.5,1.73,80.74,0.0,,,Ayee
2024-11-08 11:29,1,11.0,16.6,2.5,83.95,0.0,,,Ayee
2024-11-08 11:34,1,10.9,16.5,2.64,85.52,0.0,,,Ayee
2024-11-08 11:39,1,10.8,16.5,0.26,83.7,0.0,,,Ayee
2024-11-08 11:44,1,11.7,15.8,1.25,86.58,0.0,,,Ayee
2024-11-08 11:49,1,11.4,16.1,1.21,87.24,0.0,,,Ayee
2024-11-08 11:54,1,11.4,16.0,0.67,83.02,0.0,,,Ayee
2024-11-08 11:59,1,11.3,16.2,0.65,85.5,0.0,,,Ayee
2024-11-08 12:04,1,11.2,16.1,1.48,85.76,0.0,,,Ayee
2024-11-08 12:09,1,11.3,15.9,1.4,81.1,0.0,,,Ayee
2024-11-08 12:14,1,11.4,15.5,0.83,85.52,0.0,,,Ayee
2024-11-08 12:19,1,11.9,14.4,1.57,82.68,0.0,,,Ayee
2024-11-08 12:24,1,11.5,15.4,2.07,88.35,0.0,,,Ayee
2024-11-08 12:29,1,11.4,15.5,0.46,82.25,0.0,,,Ayee
2024-11-08 12:34,1,12.0,15.1,0.02,84.78,0.0,,,Ayee
2024-11-08 12:39,1,12.7,14.3,0.08,84.72,0.0,,,Ayee
2024-11-08 12:44,1,13.3,13.8,0.37,81.55,0.0,,,Ayee
2024-11-08 12:49,1,12.7,14.4,0.41,84.21,0.0,,,Ayee
2024-11-08 12:54,1,12.5,14.2,0.44,84.74,0.0,,,Ayee
2024-11-08 12:59,1,12.8,14.1,0.0,82.44,0.0,,,Ayee
2024-11-08 13:04,1,12.5,13.6,1.01,82.93,0.0,,,Ayee
2024-11-08 13:09,1,12.0,14.1,1.46,82.53,0.0,,,Ayee
2024-11-08 13:14,1,12.0,14.2,3.16,81.0,0.0,,,Ayee
2024-11-08 13:19,1,11.9,13.6,0.09,83.25,0.0,,,Ayee
2024-11-08 13:24,1,12.5,13.5,0.0,85.88,0.0,,,Ayee
2024-11-08 13:29,1,13.3,13.2,0.0,89.09,0.0,,,Ayee
2024-11-08 13:34,1,12.8,13.2,0.5,84.42,0.0,,,Ayee
2024-11-08 13:39,1,12.4,13.1,2.3,83.02,0.0,,,Ayee
2024-11-08 13:44,1,12.4,13.2,1.07,84.33,0.0,,,Ayee
2024-11-08 13:49,1,12.5,12.9,0.76,85.2,0.0,,,Ayee
2024-11-08 13:54,1,12.3,12.9,0.5,83.21,0.0,,,Ayee
2024-11-08 13:59,1,12.6,12.9,0.22,84.25,0.0,,,Ayee
2024-11-08 14:01,0,0.0,0.0,0.83,87.75,0.0,,,Ayee
2024-11-08 14:12,1,12.3,13.7,0.0,85.59,0.0,,,Ayee
2024-11-08 14:21,0,12.5,12.7,0.56,84.4,0.0,,,Ayee
2024-11-08 14:24,0,12.5,12.9,1.5,85.63,0.0,,,Ayee
2024-11-13 14:43,1,6.8,27.8,2.84,121.4,0,0.0,0.0,Ayee
2024-11-13 14:48,1,6.6,27.0,2.04,110.03,0,-0.25,0.0,Ayee
2024-11-13 14:53,2,6.5,28.1,1.89,113.9,0,-0.25,0.0,Ayee
2024-11-13 14:58,2,6.4,29.8,2.87,105.87,0,-0.25,0.0,Ayee
2024-11-13 15:03,3,6.5,29.3,3.39,100.54,0,-0.23,0.0,Ayee
2024-11-13 15:08,4,6.4,29.4,4.06,98.71,0,-0.23,0.0,Ayee
2024-11-13 15:13,4,6.3,28.8,3.29,94.55,0,-0.23,0.0,Ayee
2024-11-13 15:18,5,6.3,29.0,2.5,88.47,0,-0.23,0.0,Ayee
2024-11-13 15:23,5,6.3,28.9,2.87,90.87,0,0.03,0.0,Ayee
2024-11-13 15:28,6,6.3,30.2,3.33,97.2,0,0.03,0.0,Ayee
2024-11-13 15:33,7,6.3,28.8,3.26,78.53,0,0.03,0.0,Ayee
2024-11-13 15:38,7,6.3,30.0,4.46,85.12,0,0.04,0.0,Ayee
2024-11-13 15:43,8,6.4,28.5,2.5,97.46,0,0.04,0.0,Ayee
2024-11-13 15:48,8,6.3,30.0,2.35,95.72,0,0.04,0.0,Ayee
2024-11-13 15:53,9,6.1,30.9,4.58,95.33,0,0.16,0.0,Ayee
2024-11-13 15:58,10,6.1,30.3,3.09,98.18,0,0.16,0.0,Ayee
2024-11-13 16:03,11,6.1,31.2,1.71,100.41,0,0.16,0.0,Ayee
2024-11-13 16:08,11,5.7,33.4,4.92,97.95,0,0.06,0.0,Ayee
2024-11-13 16:13,12,5.8,33.4,3.91,98.37,0,0.06,0.0,Ayee
2024-11-13 16:18,12,5.7,33.4,3.06,100.69,0,0.06,0.0,Ayee
2024-11-13 16:23,13,5.7,33.7,4.65,98.78,0,0.14,0.0,Ayee
2024-11-13 16:28,14,5.6,35.7,0.79,100.77,0,0.14,0.0,Ayee
2024-11-13 16:33,14,5.7,33.5,3.34,100.77,0,0.14,0.0,Ayee
2024-11-13 16:38,15,5.7,35.0,2.54,100.94,0,0.14,0.0,Ayee
2024-11-13 16:43,15,5.7,34.0,3.21,101.64,0,0.23,0.0,Ayee
2024-11-13 16:48,16,5.6,34.4,5.85,101.07,0,0.23,0.0,Ayee
2024-11-13 16:53,17,5.5,34.3,2.88,100.3,0,0.23,0.0,Ayee
2024-11-13 16:58,17,5.5,35.2,3.34,101.07,0,0.07,0.0,Ayee
2024-11-13 17:03,18,5.4,37.0,2.54,101.88,0,0.07,0.0,Ayee
2024-11-13 17:08,19,5.2,36.3,2.08,101.98,0,0.07,0.0,Ayee
2024-11-13 17:13,19,5.3,35.8,2.07,104.32,0,0.03,0.0,Ayee
2024-11-13 17:18,20,5.4,35.0,2.08,102.15,0,0.03,0.0,Ayee
2024-11-13 17:23,20,5.2,36.6,2.5,101.03,0,0.03,0.0,Ayee
2024-11-13 17:28,21,5.1,36.8,2.97,102.22,0,0.0,0.0,Ayee
2024-11-13 17:33,22,5.0,37.4,2.88,102.22,0,0.0,0.0,Ayee
2024-11-13 17:38,22,4.9,37.2,6.44,101.71,0,0.37,0.0,Ayee
2024-11-13 17:43,23,5.1,36.8,1.84,103.3,0,0.37,0.0,Ayee
2024-11-13 17:48,23,5.4,35.3,1.78,103.15,0,0.06,0.0,Ayee
2024-11-13 17:53,24,5.6,33.1,2.04,103.17,0,0.06,0.0,Ayee
2024-11-13 17:58,25,5.6,33.8,1.43,104.04,0,0.06,0.0,Ayee
2024-11-13 18:03,25,5.3,36.8,1.64,102.47,0,-0.37,0.0,Ayee
2024-11-13 18:08,25,5.2,36.9,2.08,103.87,0,0.06,0.0,Ayee
2024-11-13 18:13,26,4.7,38.6,3.43,103.94,0,0.06,0.0,Ayee
2024-11-13 18:18,26,4.5,40.2,2.38,102.47,0,-0.2,0.0,Ayee
2024-11-13 18:23,26,4.8,39.7,2.32,104.6,0,-0.23,0.0,Ayee
2024-11-13 18:28,26,4.8,38.9,4.19,105.87,0,0.09,0.0,Ayee
2024-11-13 18:33,26,4.7,39.1,4.08,104.04,0,0.08,0.0,Ayee
2024-11-13 18:38,26,4.8,38.8,2.02,103.43,0,-0.28,0.0,Ayee
2024-11-13 18:43,26,4.9,38.2,4.93,103.38,0,0.2,0.0,Ayee
2024-11-13 18:48,26,5.0,37.1,1.26,103.11,0,-0.2,0.0,Ayee
2024-11-13 18:53,27,5.1,37.3,1.34,104.7,0,0.05,0.0,Ayee
2024-11-13 18:58,28,4.8,39.4,3.54,103.13,0,0.05,0.0,Ayee
2024-11-13 19:03,28,4.9,39.5,1.97,104.68,0,-0.3,0.0,Ayee
2024-11-13 19:08,28,4.9,39.2,1.12,104.85,0,-0.44,0.0,Ayee
2024-11-13 19:13,28,4.8,39.2,2.0,104.98,0,-0.19,0.0,Ayee
2024-11-13 19:18,29,4.9,39.2,2.51,103.68,0,-0.22,0.0,Ayee
2024-11-13 19:23,30,4.9,38.8,3.1,103.81,0,-0.22,0.0,Ayee
2024-11-13 19:28,30,4.9,39.3,2.65,104.3,0,-0.32,0.0,Ayee
2024-11-13 19:33,31,4.6,40.4,1.49,105.66,0,-0.32,0.0,Ayee
2024-11-13 19:38,31,4.7,39.7,1.3,102.81,0,-0.37,0.0,Ayee
2024-11-13 19:43,32,4.6,42.2,1.34,105.19,0,-0.4,0.0,Ayee
2024-11-13 19:48,32,4.4,42.2,2.78,104.68,0,-0.14,0.0,Ayee
2024-11-13 19:53,32,4.6,41.9,3.54,103.94,0,-0.03,0.0,Ayee
2024-11-13 19:58,32,4.3,42.6,3.17,104.77,0,-0.07,0.0,Ayee
2024-11-13 20:03,32,4.5,41.6,1.71,105.4,0,-0.32,0.0,Ayee
2024-11-13 20:08,32,4.6,41.7,1.41,102.66,0,-0.38,0.0,Ayee
2024-11-13 20:13,32,4.5,41.2,2.75,104.43,0,-0.15,0.0,Ayee
2024-11-13 20:18,32,4.6,40.4,0.32,104.72,0,-0.55,0.0,Ayee
2024-11-13 20:23,32,4.8,40.7,0.0,104.13,0,-0.63,0.0,Ayee
2024-11-13 20:28,32,4.4,42.0,1.78,105.25,0,-0.3,0.0,Ayee
2024-11-13 20:33,32,4.5,41.3,2.01,105.68,0,-0.27,0.0,Ayee
2024-11-13 20:38,32,4.6,39.8,0.66,104.19,0,-0.49,0.0,Ayee
2024-11-13 20:43,32,4.9,39.4,0.53,104.55,0,-0.54,0.0,Ayee
2024-11-13 20:48,32,4.9,39.4,0.16,105.61,0,-0.53,0.0,Ayee
2024-11-13 20:53,33,4.7,40.4,0.09,106.44,0,-0.62,0.0,Ayee
2024-11-13 20:58,34,4.4,43.1,0.0,106.21,0,-0.62,0.0,Ayee
2024-11-13 21:03,34,4.4,41.3,0.25,104.85,0,-0.55,0.0,Ayee
2024-11-13 21:08,34,4.7,40.0,0.29,107.36,0,-0.56,0.0,Ayee
2024-11-13 21:13,34,4.7,39.4,0.12,105.3,0,-0.58,0.0,Ayee
2024-11-13 21:18,34,4.6,38.7,0.0,105.91,0,-0.59,0.0,Ayee
2024-11-13 21:23,34,4.2,45.9,0.0,106.46,0,-0.62,0.0,Ayee
2024-11-13 21:28,34,3.8,46.2,0.29,105.42,0,-0.53,0.0,Ayee
2024-11-13 21:33,34,3.7,44.2,1.17,105.59,0,-0.35,0.0,Ayee
2024-11-13 21:38,34,4.2,41.4,0.0,105.78,0,-0.57,0.0,Ayee
2024-11-13 21:43,34,3.9,47.1,0.0,105.64,0,-0.6,0.0,Ayee
2024-11-13 21:48,34,3.9,44.0,0.84,105.87,0,-0.43,0.0,Ayee
2024-11-13 21:53,34,4.0,41.6,1.61,105.64,0,-0.29,0.0,Ayee
2024-11-13 21:58,34,4.3,38.8,0.69,106.42,0,-0.44,0.0,Ayee
2024-11-13 22:03,34,4.5,37.6,0.0,106.15,0,-0.57,0.0,Ayee
2024-11-13 22:08,34,4.3,46.8,1.06,106.93,0,-0.46,0.0,Ayee
2024-11-13 22:13,34,3.3,49.2,0.64,105.55,0,-0.45,0.0,Ayee
2024-11-13 22:18,34,3.4,45.8,0.31,107.95,0,-0.48,0.0,Ayee
2024-11-13 22:23,34,3.7,43.0,0.75,106.0,0,-0.41,0.0,Ayee
2024-11-13 22:28,34,4.0,41.0,0.7,105.3,0,-0.43,0.0,Ayee
2024-11-13 22:33,34,4.4,38.9,0.42,105.42,0,-0.5,0.0,Ayee
2024-11-13 22:38,34,4.6,38.8,0.0,106.51,0,-0.59,0.0,Ayee
2024-11-13 22:43,34,4.1,43.2,0.49,107.04,0,-0.5,0.0,Ayee
2024-11-13 22:48,34,3.8,44.2,0.42,106.44,0,-0.49,0.0,Ayee
2024-11-13 22:53,34,3.8,44.5,0.11,106.23,0,-0.54,0.0,Ayee
2024-11-13 22:58,34,3.8,46.2,0.16,108.14,0,-0.55,0.0,Ayee
2024-11-13 23:03,34,3.5,47.7,0.0,107.25,0,-0.56,0.0,Ayee
2024-11-13 23:08,34,3.4,47.0,0.36,106.93,0,-0.49,0.0,Ayee
2024-11-13 23:13,34,3.3,46.6,0.6,107.1,0,-0.43,0.0,Ayee
2024-11-13 23:18,34,3.4,46.0,0.4,107.89,0,-0.47,0.0,Ayee
2024-11-13 23:23,34,3.4,48.8,0.47,107.06,0,-0.48,0.0,Ayee
2024-11-13 23:28,34,2.9,50.1,0.33,108.44,0,-0.47,0.0,Ayee
2024-11-13 23:33,34,3.0,48.2,0.38,106.76,0,-0.45,0.0,Ayee
2024-11-13 23:38,34,3.1,48.0,0.0,106.7,0,-0.52,0.0,Ayee
2024-11-13 23:43,34,3.1,47.5,0.0,107.31,0,-0.52,0.0,Ayee
2024-11-13 23:48,34,3.2,46.9,0.46,107.97,0,-0.45,0.0,Ayee
2024-11-13 23:53,34,3.3,46.0,0.66,106.38,0,-0.41,0.0,Ayee
2024-11-13 23:58,34,3.4,45.8,0.09,108.25,0,-0.52,0.0,Ayee
2024-11-14 0:03,34,3.3,45.8,0.29,107.97,0,-0.47,0.0,Ayee
2024-11-14 0:08,34,3.1,46.3,0.23,108.25,0,-0.47,0.0,Ayee
2024-11-14 0:13,34,3.2,46.7,0.23,107.8,0,-0.48,0.0,Ayee
2024-11-14 0:18,34,3.2,45.8,0.83,107.95,0,-0.37,0.0,Ayee
2024-11-14 0:23,34,3.5,44.9,1.47,107.04,0,-0.29,0.0,Ayee
2024-11-14 0:28,34,3.4,44.6,0.14,108.29,0,-0.5,0.0,Ayee
2024-11-14 0:33,34,3.3,44.3,0.0,108.65,0,-0.51,0.0,Ayee
2024-11-14 0:38,34,3.3,45.5,0.61,107.42,0,-0.42,0.0,Ayee
2024-11-14 0:43,34,3.1,45.7,0.9,108.21,0,-0.35,0.0,Ayee
2024-11-14 0:48,34,3.1,46.5,0.38,106.04,0,-0.44,0.0,Ayee
2024-11-14 0:53,34,3.2,42.9,0.7,106.4,0,-0.36,0.0,Ayee
2024-11-14 0:58,34,3.6,43.1,1.12,107.44,0,-0.34,0.0,Ayee
2024-11-14 1:03,34,3.4,44.6,0.0,107.7,0,-0.52,0.0,Ayee
2024-11-14 1:08,34,3.2,44.4,1.49,107.93,0,-0.25,0.0,Ayee
2024-11-14 1:13,34,3.6,46.2,0.81,108.78,0,-0.42,0.0,Ayee
2024-11-14 1:18,34,3.4,46.3,0.33,107.65,0,-0.48,0.0,Ayee
2024-11-14 1:23,34,3.5,41.7,0.16,108.86,0,-0.47,0.0,Ayee
2024-11-14 1:28,34,3.3,43.7,0.0,107.78,0,-0.5,0.0,Ayee
2024-11-14 1:33,34,3.0,43.3,0.49,108.55,0,-0.38,0.0,Ayee
2024-11-14 1:38,34,3.1,44.8,0.12,109.14,0,-0.47,0.0,Ayee
2024-11-14 1:43,34,3.1,43.8,0.27,108.44,0,-0.43,0.0,Ayee
2024-11-14 1:48,34,3.3,43.3,0.29,107.57,0,-0.45,0.0,Ayee
2024-11-14 1:53,34,3.3,44.0,2.25,107.95,0,-0.13,0.0,Ayee
2024-11-14 1:58,34,3.3,41.9,2.69,106.89,0,-0.03,0.0,Ayee
2024-11-14 2:03,34,3.8,37.1,0.7,108.59,0,-0.37,0.0,Ayee
2024-11-14 2:08,34,4.7,23.7,2.39,107.0,0,-0.04,0.0,Ayee
2024-11-14 2:13,35,5.2,35.3,0.77,108.1,0,-0.21,0.0,Ayee
2024-11-14 2:18,35,4.2,38.8,0.06,107.8,0,-0.5,0.0,Ayee
2024-11-14 2:23,36,3.4,40.2,0.77,108.55,0,-0.5,0.0,Ayee
2024-11-14 2:28,36,3.6,35.9,0.14,109.23,0,-0.43,0.0,Ayee
2024-11-14 2:33,36,4.0,36.3,0.2,107.04,0,-0.46,0.0,Ayee
2024-11-14 2:38,36,4.0,38.0,0.0,107.93,0,-0.52,0.0,Ayee
2024-11-14 2:43,36,3.7,38.5,0.33,107.4,0,-0.43,0.0,Ayee
2024-11-14 2:48,36,3.6,32.1,0.98,108.33,0,-0.25,0.0,Ayee
2024-11-14 2:53,36,4.0,35.0,0.05,108.63,0,-0.48,0.0,Ayee
2024-11-14 2:58,36,4.9,25.4,2.45,108.8,0,-0.07,0.0,Ayee
2024-11-14 3:03,36,4.0,37.1,0.0,108.67,0,-0.51,0.0,Ayee
2024-11-14 3:08,36,3.6,35.2,1.3,106.8,0,-0.23,0.0,Ayee
2024-11-14 3:13,36,3.8,36.0,0.53,109.18,0,-0.39,0.0,Ayee
2024-11-14 3:18,36,4.4,25.5,0.11,107.95,0,-0.41,0.0,Ayee
2024-11-14 3:23,36,4.4,23.8,0.36,108.23,0,-0.35,0.0,Ayee
2024-11-14 3:28,36,4.8,34.7,1.53,106.91,0,-0.41,0.0,Ayee
2024-11-14 3:33,37,3.4,33.8,1.01,107.1,0,-0.41,0.0,Ayee
2024-11-14 3:38,37,4.5,31.0,0.55,107.38,0,-0.21,0.0,Ayee
2024-11-14 3:43,38,4.5,22.6,3.34,107.25,0,0.15,0.0,Ayee
2024-11-14 3:48,38,5.0,21.7,0.0,108.29,0,-0.41,0.0,Ayee
2024-11-14 3:53,39,4.7,31.4,0.33,108.5,0,-0.41,0.0,Ayee
2024-11-14 3:58,39,3.6,37.2,0.0,108.44,0,-0.46,0.0,Ayee
2024-11-14 4:03,40,3.7,22.4,2.17,108.8,0,0.04,0.0,Ayee
2024-11-14 4:08,40,4.9,21.7,0.96,107.89,0,-0.28,0.0,Ayee
2024-11-14 4:13,41,4.6,22.7,0.38,107.8,0,-0.21,0.0,Ayee
2024-11-14 4:18,41,5.2,20.2,0.53,108.67,0,-0.37,0.0,Ayee
2024-11-14 4:23,41,5.2,20.0,0.43,109.29,0,-0.38,0.0,Ayee
2024-11-14 4:28,41,5.1,20.7,1.43,109.82,0,-0.22,0.0,Ayee
2024-11-14 4:33,41,5.1,21.4,0.22,108.61,0,-0.42,0.0,Ayee
2024-11-14 4:38,41,5.2,20.6,0.03,108.93,0,-0.46,0.0,Ayee
2024-11-14 4:43,41,5.2,20.9,0.62,109.08,0,-0.36,0.0,Ayee
2024-11-14 4:48,41,5.1,20.9,1.28,109.44,0,-0.24,0.0,Ayee
2024-11-14 4:53,41,5.3,20.1,0.81,108.25,0,0.02,0.0,Ayee
2024-11-14 4:58,42,5.2,21.2,0.92,107.46,0,0.02,0.0,Ayee
2024-11-14 5:03,42,5.3,20.5,1.05,108.04,0,0.02,0.0,Ayee
2024-11-14 5:08,43,5.0,20.8,1.69,108.63,0,-0.16,0.0,Ayee
2024-11-14 5:13,43,5.3,21.3,0.0,108.91,0,0.04,0.0,Ayee
2024-11-14 5:18,44,5.0,19.9,0.83,109.14,0,0.04,0.0,Ayee
2024-11-14 5:23,45,5.4,20.4,3.32,108.74,0,0.04,0.0,Ayee
2024-11-14 5:28,45,5.3,20.1,3.03,108.42,0,0.02,0.0,Ayee
2024-11-14 5:33,46,5.3,20.8,0.51,108.91,0,0.02,0.0,Ayee
2024-11-14 5:38,46,5.2,20.7,0.9,108.29,0,0.02,0.0,Ayee
2024-11-14 5:43,47,5.3,18.9,1.95,108.61,0,0.01,0.0,Ayee
2024-11-14 5:48,48,5.4,20.5,0.42,108.46,0,0.01,0.0,Ayee
2024-11-14 5:53,48,5.2,20.7,1.01,109.54,0,0.01,0.0,Ayee
2024-11-14 5:58,49,5.2,19.6,1.05,109.1,0,-0.28,0.0,Ayee
2024-11-14 6:03,49,5.1,21.0,0.29,108.5,0,-0.41,0.0,Ayee
2024-11-14 6:08,49,5.0,20.0,0.53,110.25,0,-0.19,0.0,Ayee
2024-11-14 6:13,50,5.0,19.9,0.96,110.16,0,-0.19,0.0,Ayee
2024-11-14 6:18,51,5.1,22.1,0.7,108.93,0,-0.19,0.0,Ayee
2024-11-14 6:23,51,5.1,25.0,0.6,108.55,0,-0.4,0.0,Ayee
2024-11-14 6:28,51,4.9,22.9,0.34,109.27,0,-0.35,0.0,Ayee
2024-11-14 6:33,52,5.0,21.3,1.37,109.65,0,-0.21,0.0,Ayee
2024-11-14 6:38,53,5.0,23.2,0.66,108.89,0,-0.21,0.0,Ayee
2024-11-14 6:43,53,4.7,26.0,1.11,109.84,0,-0.34,0.0,Ayee
2024-11-14 6:48,54,4.4,28.5,0.92,109.78,0,-0.34,0.0,Ayee
2024-11-14 6:53,54,4.4,22.2,1.18,108.86,0,-0.2,0.0,Ayee
2024-11-14 6:58,54,4.7,23.9,1.45,108.78,0,-0.2,0.0,Ayee
2024-11-14 7:03,54,4.8,22.8,1.3,109.82,0,-0.23,0.0,Ayee
2024-11-14 7:08,54,4.5,23.7,0.18,109.48,0,-0.4,0.0,Ayee
2024-11-14 7:13,55,4.5,25.3,0.82,109.37,0,-0.34,0.0,Ayee
2024-11-14 7:18,55,4.4,29.8,0.47,109.01,0,-0.34,0.0,Ayee
2024-11-14 7:23,56,3.9,27.9,0.55,108.14,0,-0.31,0.0,Ayee
2024-11-14 7:28,56,4.6,27.6,1.49,108.27,0,-0.22,0.0,Ayee
2024-11-14 7:33,56,4.3,28.6,0.07,108.84,0,-0.44,0.0,Ayee
2024-11-14 7:38,56,3.9,26.9,0.25,108.44,0,-0.35,0.0,Ayee
2024-11-14 7:44,56,4.0,31.6,3.12,109.16,0,0.07,0.0,Ayee
2024-11-14 7:49,56,3.3,34.3,0.0,108.57,0,-0.4,0.0,Ayee
2024-11-14 7:54,56,3.0,37.7,0.47,108.84,0,-0.33,0.0,Ayee
2024-11-14 7:59,56,3.0,36.7,0.66,108.18,0,-0.28,0.0,Ayee
2024-11-14 8:04,56,3.1,37.8,0.03,108.95,0,-0.41,0.0,Ayee
2024-11-14 8:09,56,3.1,36.3,1.28,108.84,0,-0.19,0.0,Ayee
2024-11-14 8:14,56,3.2,37.0,0.01,108.63,0,-0.42,0.0,Ayee
2024-11-14 8:19,56,2.9,38.6,0.98,108.67,0,-0.24,0.0,Ayee
2024-11-14 8:24,56,3.1,35.4,0.77,108.44,0,-0.26,0.0,Ayee
2024-11-14 8:29,56,3.3,38.6,0.62,108.67,0,-0.34,0.0,Ayee
2024-11-14 8:34,56,3.2,38.7,1.0,108.84,0,-0.27,0.0,Ayee
2024-11-14 8:39,56,3.0,41.1,2.69,109.42,0,0.01,0.0,Ayee
2024-11-14 8:44,56,3.1,37.4,1.25,108.55,0,-0.21,0.0,Ayee
2024-11-14 8:49,56,3.4,35.1,0.06,109.08,0,-0.41,0.0,Ayee
2024-11-14 8:54,56,3.7,38.0,2.15,108.55,0,-0.13,0.0,Ayee
2024-11-14 8:59,56,3.5,35.6,2.73,109.99,0,0.02,0.0,Ayee
2024-11-14 9:04,56,3.8,33.7,0.56,108.89,0,-0.36,0.0,Ayee
2024-11-14 9:09,56,3.9,33.4,0.0,109.18,0,-0.46,0.0,Ayee
2024-11-14 9:14,56,4.1,35.5,0.84,109.61,0,-0.36,0.0,Ayee
2024-11-14 9:19,56,4.0,34.2,0.82,109.18,0,-0.34,0.0,Ayee
2024-11-14 9:24,56,4.1,33.9,1.19,108.01,0,-0.29,0.0,Ayee
2024-11-14 9:29,56,3.9,36.6,1.16,107.23,0,-0.3,0.0,Ayee
2024-11-14 9:34,56,4.1,32.5,0.67,108.69,0,-0.36,0.0,Ayee
2024-11-14 9:39,56,4.3,37.4,1.6,111.14,0,-0.28,0.0,Ayee
2024-11-14 9:44,56,4.1,34.0,0.81,109.29,0,-0.35,0.0,Ayee
2024-11-14 9:49,56,4.2,33.4,0.36,109.25,0,-0.43,0.0,Ayee
2024-11-14 9:54,56,4.6,32.2,1.58,108.69,0,-0.26,0.0,Ayee
2024-11-14 9:59,56,4.7,30.8,0.0,109.8,0,-0.52,0.0,Ayee
2024-11-14 10:04,56,5.1,27.7,1.12,108.57,0,-0.46,0.0,Ayee
2024-11-14 10:09,57,4.8,31.8,2.53,108.04,0,0.17,0.0,Ayee
2024-11-14 10:14,57,4.7,28.4,2.77,108.38,0,0.17,0.0,Ayee
2024-11-14 10:19,58,5.1,28.0,1.87,109.86,0,0.17,0.0,Ayee
2024-11-14 10:24,59,5.1,27.8,0.06,110.07,0,0.17,0.0,Ayee
2024-11-14 10:29,59,5.2,30.9,0.45,110.16,0,-0.5,0.0,Ayee
2024-11-14 10:34,59,5.0,27.0,0.38,109.8,0,-0.2,0.0,Ayee
2024-11-14 10:39,60,5.5,20.7,1.24,108.89,0,-0.2,0.0,Ayee
2024-11-14 10:44,60,6.6,17.3,2.35,108.33,0,-0.2,0.0,Ayee
2024-11-14 10:49,61,6.7,22.3,0.65,108.99,0,-0.53,0.0,Ayee
2024-11-14 10:54,61,5.9,29.3,0.8,109.97,0,0.01,0.0,Ayee
2024-11-14 10:59,62,6.0,24.3,0.25,109.27,0,0.01,0.0,Ayee
2024-11-14 11:04,62,6.8,17.4,2.46,109.29,0,0.01,0.0,Ayee
2024-11-14 11:09,63,6.9,23.8,0.8,109.65,0,-0.55,0.0,Ayee
2024-11-14 11:14,63,5.4,32.5,4.23,109.14,0,0.01,0.0,Ayee
2024-11-14 11:19,64,5.1,29.2,1.0,108.5,0,0.01,0.0,Ayee
2024-11-14 11:24,64,5.8,24.8,1.74,109.63,0,0.01,0.0,Ayee
2024-11-14 11:29,65,6.3,22.5,1.0,109.5,0,-0.43,0.0,Ayee
2024-11-14 11:34,65,6.9,21.0,1.43,109.33,0,-0.41,0.0,Ayee
2024-11-14 11:39,65,6.9,23.1,1.1,108.63,0,-0.49,0.0,Ayee
2024-11-14 11:44,65,6.7,21.2,0.0,108.35,0,-0.63,0.0,Ayee
2024-11-14 11:49,65,6.8,21.6,0.89,109.25,0,-0.5,0.0,Ayee
2024-11-14 11:54,65,6.8,24.0,2.65,110.71,0,-0.23,0.0,Ayee
2024-11-14 11:59,65,6.6,24.5,1.24,110.27,0,0.0,0.0,Ayee
2024-11-14 12:04,66,6.5,24.5,2.63,109.16,0,0.0,0.0,Ayee
2024-11-14 12:09,67,6.5,26.0,2.2,109.57,0,0.0,0.0,Ayee
2024-11-14 12:14,67,6.5,23.4,4.92,108.59,0,0.01,0.0,Ayee
2024-11-14 12:19,68,6.5,22.8,4.25,108.59,0,0.01,0.0,Ayee
2024-11-14 12:24,69,6.6,22.0,2.78,110.82,0,0.01,0.0,Ayee
2024-11-14 12:29,69,6.7,22.2,2.46,109.97,0,0.07,0.0,Ayee
2024-11-14 12:34,70,6.8,21.8,1.61,109.76,0,0.07,0.0,Ayee
2024-11-14 12:39,70,6.9,20.7,1.93,109.52,0,0.07,0.0,Ayee
2024-11-14 12:44,71,6.9,21.5,3.83,110.35,0,-0.02,0.0,Ayee
2024-11-14 12:49,71,6.5,24.6,3.52,109.37,0,0.23,0.0,Ayee
2024-11-14 12:54,72,6.9,22.1,3.83,110.58,0,0.23,0.0,Ayee
2024-11-14 12:59,73,6.8,23.5,3.0,110.01,0,0.23,0.0,Ayee
2024-11-14 13:04,73,6.8,21.9,4.73,108.89,0,0.21,0.0,Ayee
2024-11-14 13:09,74,6.7,21.4,1.97,108.76,0,0.21,0.0,Ayee
2024-11-14 13:14,75,6.6,24.4,3.82,109.03,0,0.21,0.0,Ayee
2024-11-14 13:19,75,6.9,23.8,3.6,110.01,0,0.0,0.0,Ayee
2024-11-14 13:24,76,6.9,22.2,2.0,109.18,0,0.0,0.0,Ayee
2024-11-14 13:29,76,7.1,21.0,3.98,110.52,0,0.0,0.0,Ayee
2024-11-14 13:34,77,7.0,22.8,1.92,109.8,0,-0.36,0.0,Ayee
2024-11-14 13:39,77,7.0,24.6,3.33,110.25,0,0.09,0.0,Ayee
2024-11-14 13:44,78,7.0,21.0,10.82,110.71,0,0.09,0.0,Ayee
2024-11-14 13:49,79,7.5,18.3,0.88,109.12,0,0.09,0.0,Ayee
2024-11-14 13:54,79,7.2,21.7,3.66,108.33,0,0.17,0.0,Ayee
2024-11-14 13:59,80,7.3,20.8,3.53,109.42,0,0.17,0.0,Ayee
2024-11-14 14:04,81,7.1,20.6,3.39,109.95,0,0.17,0.0,Ayee
2024-11-14 14:09,81,6.9,20.8,6.48,109.4,0,0.03,0.0,Ayee
2024-11-14 14:14,82,7.3,20.0,4.5,109.99,0,0.03,0.0,Ayee
2024-11-14 14:19,82,7.0,20.8,4.69,109.82,0,0.03,0.0,Ayee
2024-11-14 14:24,83,7.2,17.0,4.46,108.35,0,0.19,0.0,Ayee
2024-11-14 14:29,84,7.1,21.3,4.93,109.93,0,0.19,0.0,Ayee
2024-11-14 14:34,84,6.9,23.3,4.26,109.8,0,0.19,0.0,Ayee
2024-11-14 14:39,85,6.9,21.4,2.17,108.63,0,0.19,0.0,Ayee
2024-11-14 14:44,85,7.0,20.3,2.33,110.07,0,0.01,0.0,Ayee
2024-11-14 14:49,86,6.9,22.1,3.74,109.69,0,0.01,0.0,Ayee
2024-11-14 14:54,87,6.8,22.7,2.32,109.4,0,0.01,0.0,Ayee
2024-11-14 14:59,87,7.2,21.3,4.17,109.71,0,0.05,0.0,Ayee
2024-11-14 15:04,88,7.0,20.6,3.69,109.74,0,0.05,0.0,Ayee
2024-11-14 15:09,88,7.0,22.3,3.67,109.63,0,0.05,0.0,Ayee
2024-11-14 15:14,89,7.0,22.6,2.61,109.8,0,0.09,0.0,Ayee
2024-11-14 15:19,89,7.0,24.5,2.37,108.55,0,0.09,0.0,Ayee
2024-11-14 15:24,90,7.1,23.9,2.61,107.95,0,0.09,0.0,Ayee
2024-11-14 15:29,91,7.2,20.9,2.31,109.5,0,0.09,0.0,Ayee
2024-11-14 15:34,91,7.2,20.8,3.05,109.4,0,0.05,0.0,Ayee
2024-11-14 15:39,92,7.1,21.6,3.11,109.1,0,0.05,0.0,Ayee
2024-11-14 15:44,92,6.8,22.5,3.22,109.97,0,0.05,0.0,Ayee
2024-11-14 15:49,93,7.0,22.3,4.07,109.29,0,0.0,0.0,Ayee
2024-11-14 15:54,93,6.8,22.7,3.66,109.63,0,0.0,0.0,Ayee
2024-11-14 15:59,94,6.6,23.7,3.74,108.89,0,0.0,0.0,Ayee
2024-11-14 16:04,95,6.7,23.0,2.87,109.29,0,0.0,0.0,Ayee
2024-11-14 16:09,95,6.8,23.6,3.22,108.16,0,0.0,0.0,Ayee
2024-11-14 16:14,96,6.6,23.4,2.69,107.8,0,0.0,0.0,Ayee
2024-11-14 16:19,97,6.6,23.0,1.52,109.44,0,0.0,0.0,Ayee
2024-11-14 16:24,97,6.7,23.8,2.58,110.56,0,-0.23,0.0,Ayee
2024-11-14 16:29,97,6.6,23.9,2.24,109.65,0,0.01,0.0,Ayee
2024-11-14 16:34,98,6.6,23.5,2.46,109.12,0,0.01,0.0,Ayee
2024-11-14 16:39,99,6.9,20.9,1.49,110.75,0,0.01,0.0,Ayee
2024-11-14 16:44,99,6.5,23.8,2.45,108.97,0,-0.23,0.0,Ayee
2024-11-14 16:49,99,6.3,24.1,2.47,109.67,0,0.02,0.0,Ayee
2024-11-14 16:54,100,6.6,21.6,0.98,108.59,0,0.02,0.0,Ayee
2024-11-14 16:59,101,6.5,21.1,0.6,109.35,0,0.02,0.0,Ayee
2024-11-14 17:04,101,6.5,23.3,1.56,109.23,0,-0.37,0.0,Ayee
2024-11-14 17:09,101,6.5,21.5,0.21,110.61,0,-0.58,0.0,Ayee
2024-11-14 17:14,101,6.6,22.3,2.12,110.46,0,-0.28,0.0,Ayee
2024-11-14 17:19,101,6.5,22.2,0.27,111.14,0,-0.57,0.0,Ayee
2024-11-14 17:24,101,6.0,24.9,3.75,112.39,0,0.01,0.0,Ayee
2024-11-14 17:29,102,5.9,24.7,1.41,111.84,0,0.01,0.0,Ayee
2024-11-14 17:34,102,6.0,23.8,0.18,109.84,0,0.01,0.0,Ayee
2024-11-14 17:39,103,5.8,25.9,1.39,110.1,0,0.06,0.0,Ayee
2024-11-14 17:44,104,6.1,21.8,0.73,112.73,0,0.06,0.0,Ayee
2024-11-14 17:49,104,6.3,21.5,0.38,110.75,0,0.06,0.0,Ayee
2024-11-14 17:54,105,6.0,24.4,0.84,112.64,0,-0.45,0.0,Ayee
2024-11-14 17:59,105,6.0,24.1,1.78,111.48,0,-0.29,0.0,Ayee
2024-11-14 18:04,105,6.0,23.0,0.7,112.01,0,-0.46,0.0,Ayee
2024-11-14 18:09,105,6.2,21.6,1.17,111.35,0,-0.39,0.0,Ayee
2024-11-14 18:14,105,6.3,20.7,0.29,111.94,0,-0.53,0.0,Ayee
2024-11-14 18:19,105,6.5,20.3,0.12,111.99,0,-0.58,0.0,Ayee
2024-11-14 18:24,105,6.0,23.9,1.95,111.6,0,-0.26,0.0,Ayee
2024-11-14 18:29,105,5.7,24.6,1.88,114.13,0,-0.25,0.0,Ayee
2024-11-14 18:34,105,5.8,24.1,2.32,112.35,0,0.03,0.0,Ayee
2024-11-14 18:39,105,5.7,26.5,1.97,112.07,0,0.03,0.0,Ayee
2024-11-14 18:44,106,5.3,26.6,0.59,111.86,0,0.03,0.0,Ayee
2024-11-14 18:49,107,5.3,26.9,2.04,110.9,0,0.03,0.0,Ayee
2024-11-14 18:54,107,5.3,26.5,1.9,112.98,0,0.03,0.0,Ayee
2024-11-14 18:59,108,5.5,25.2,0.66,113.01,0,0.03,0.0,Ayee
2024-11-14 19:04,108,5.7,25.6,1.32,112.28,0,0.03,0.0,Ayee
2024-11-14 19:09,109,5.4,25.5,0.4,112.43,0,-0.47,0.0,Ayee
2024-11-14 19:14,109,5.5,25.9,0.71,111.88,0,-0.43,0.0,Ayee
2024-11-14 19:19,109,5.4,26.3,2.54,112.43,0,0.15,0.0,Ayee
2024-11-14 19:24,110,5.3,23.3,1.43,112.09,0,0.15,0.0,Ayee
2024-11-14 19:29,110,5.3,25.4,0.0,112.2,0,0.15,0.0,Ayee
2024-11-14 19:34,111,5.2,27.2,0.86,111.18,0,-0.39,0.0,Ayee
2024-11-14 19:39,111,5.3,26.2,2.21,112.56,0,0.27,0.0,Ayee
2024-11-14 19:44,112,5.2,25.9,0.81,112.03,0,0.27,0.0,Ayee
2024-11-14 19:49,113,5.3,24.2,0.6,113.39,0,0.27,0.0,Ayee
2024-11-14 19:54,113,5.3,24.3,0.47,112.14,0,-0.43,0.0,Ayee
2024-11-14 19:59,113,5.6,24.1,1.82,113.39,0,-0.24,0.0,Ayee
2024-11-14 20:04,113,5.6,25.0,0.31,113.96,0,-0.5,0.0,Ayee
2024-11-14 20:09,113,5.7,24.3,0.0,112.64,0,-0.56,0.0,Ayee
2024-11-14 20:14,113,5.5,24.5,0.1,113.62,0,-0.52,0.0,Ayee
2024-11-14 20:19,113,5.4,23.5,1.17,113.64,0,-0.32,0.0,Ayee
2024-11-14 20:24,113,5.9,22.7,0.72,113.28,0,-0.44,0.0,Ayee
2024-11-14 20:29,113,5.9,23.0,0.01,114.0,0,-0.56,0.0,Ayee
2024-11-14 20:34,113,5.6,23.5,0.31,114.32,0,-0.48,0.0,Ayee
2024-11-14 20:39,113,5.6,25.3,0.42,112.77,0,-0.49,0.0,Ayee
2024-11-14 20:44,113,5.2,25.0,0.51,113.22,0,-0.42,0.0,Ayee
2024-11-14 20:49,113,5.2,24.7,1.58,114.56,0,-0.24,0.0,Ayee
2024-11-14 20:54,113,5.6,27.5,1.06,115.47,0,-0.4,0.0,Ayee
2024-11-14 20:59,113,5.2,25.5,1.18,115.68,0,-0.32,0.0,Ayee
2024-11-14 21:04,113,5.4,23.9,1.01,116.04,0,-0.35,0.0,Ayee
2024-11-14 21:09,113,5.5,24.0,0.0,114.28,0,-0.53,0.0,Ayee
2024-11-14 21:14,113,4.9,26.3,1.26,114.07,0,-0.21,0.0,Ayee
2024-11-14 21:19,113,4.9,25.4,1.28,113.77,0,-0.21,0.0,Ayee
2024-11-14 21:24,114,4.9,23.5,0.21,115.85,0,-0.43,0.0,Ayee
2024-11-14 21:29,114,5.0,24.7,1.47,115.58,0,-0.37,0.0,Ayee
2024-11-14 21:34,115,4.9,23.5,0.09,115.77,0,-0.31,0.0,Ayee
2024-11-14 21:39,116,4.8,22.3,0.46,115.0,0,-0.31,0.0,Ayee
2024-11-14 21:44,116,5.3,18.4,0.59,115.89,0,-0.31,0.0,Ayee
2024-11-14 21:49,117,6.0,22.5,0.66,117.34,0,-0.46,0.0,Ayee
2024-11-14 21:54,117,5.4,19.6,1.47,116.34,0,-0.23,0.0,Ayee
2024-11-14 21:59,117,5.9,17.6,2.15,115.77,0,0.01,0.0,Ayee
2024-11-14 22:04,118,6.3,17.3,0.29,114.75,0,0.01,0.0,Ayee
2024-11-14 22:09,118,4.9,26.0,0.12,117.34,0,0.01,0.0,Ayee
2024-11-14 22:14,119,4.6,26.8,1.32,116.96,0,-0.28,0.0,Ayee
2024-11-14 22:19,119,4.6,25.3,1.2,117.68,0,-0.28,0.0,Ayee
2024-11-14 22:24,120,4.7,24.0,0.73,118.38,0,-0.32,0.0,Ayee
2024-11-14 22:29,120,4.9,19.9,0.0,117.81,0,-0.43,0.0,Ayee
2024-11-14 22:34,121,5.1,26.1,1.4,116.91,0,-0.43,0.0,Ayee
2024-11-14 22:39,121,4.8,23.3,0.14,116.43,0,-0.05,0.0,Ayee
2024-11-14 22:44,122,4.8,23.2,0.73,118.25,0,-0.05,0.0,Ayee
2024-11-14 22:49,123,4.9,22.7,0.73,116.55,0,-0.31,0.0,Ayee
2024-11-14 22:54,123,5.0,21.8,0.0,117.66,0,-0.38,0.0,Ayee
2024-11-14 22:59,124,4.5,27.1,0.51,117.76,0,-0.38,0.0,Ayee
2024-11-14 23:04,124,4.1,26.2,0.66,118.15,0,-0.29,0.0,Ayee
2024-11-14 23:09,124,4.4,25.9,2.37,117.13,0,-0.04,0.0,Ayee
2024-11-14 23:14,124,4.6,22.9,1.77,116.68,0,-0.13,0.0,Ayee
2024-11-14 23:19,124,4.9,21.4,1.17,118.42,0,-0.21,0.0,Ayee
2024-11-14 23:24,125,5.2,19.7,0.0,116.6,0,-0.45,0.0,Ayee
2024-11-14 23:29,125,5.1,23.8,0.0,116.68,0,-0.49,0.0,Ayee
2024-11-14 23:34,125,4.6,21.7,0.91,115.85,0,-0.44,0.0,Ayee
2024-11-14 23:39,126,5.0,21.5,1.1,117.53,0,-0.44,0.0,Ayee
2024-11-14 23:44,127,5.0,20.7,0.51,117.68,0,-0.44,0.0,Ayee
2024-11-14 23:49,127,4.8,21.2,0.29,117.19,0,-0.33,0.0,Ayee
2024-11-14 23:54,128,5.0,22.3,0.0,116.77,0,-0.33,0.0,Ayee
2024-11-14 23:59,129,4.7,22.2,0.44,116.17,0,-0.33,0.0,Ayee
2024-11-15 0:04,129,4.7,23.1,0.27,116.47,0,-0.35,0.0,Ayee
2024-11-15 0:09,130,4.6,23.1,1.55,116.72,0,-0.35,0.0,Ayee
2024-11-15 0:14,130,4.6,23.0,0.36,117.81,0,-0.36,0.0,Ayee
2024-11-15 0:19,130,4.5,23.4,0.0,116.87,0,-0.42,0.0,Ayee
2024-11-15 0:24,130,4.5,22.8,0.16,117.7,0,-0.38,0.0,Ayee
2024-11-15 0:29,130,4.4,22.4,1.33,117.98,0,-0.18,0.0,Ayee
2024-11-15 0:34,130,4.8,20.7,0.88,116.83,0,-0.28,0.0,Ayee
2024-11-15 0:39,131,4.7,19.7,1.12,118.57,0,-0.25,0.0,Ayee
2024-11-15 0:44,131,4.9,20.1,0.09,117.95,0,-0.25,0.0,Ayee
2024-11-15 0:49,132,5.0,21.5,0.0,117.57,0,-0.25,0.0,Ayee
2024-11-15 0:54,133,4.8,20.7,0.18,118.78,0,-0.25,0.0,Ayee
2024-11-15 0:59,133,4.6,21.4,0.25,118.34,0,-0.33,0.0,Ayee
2024-11-15 1:04,134,4.7,21.5,0.0,119.63,0,-0.42,0.0,Ayee
2024-11-15 1:09,134,4.5,22.0,0.09,119.44,0,-0.39,0.0,Ayee
2024-11-15 1:14,134,4.6,21.2,0.75,118.59,0,-0.28,0.0,Ayee
2024-11-15 1:19,134,4.6,20.7,0.64,120.31,0,-0.29,0.0,Ayee
2024-11-15 1:24,134,4.9,20.0,0.51,118.51,0,-0.34,0.0,Ayee
2024-11-15 1:29,134,4.8,20.0,0.27,119.46,0,-0.41,0.0,Ayee
2024-11-15 1:34,135,4.8,20.5,0.07,119.36,0,-0.37,0.0,Ayee
2024-11-15 1:39,135,4.5,23.5,1.32,120.99,0,-0.37,0.0,Ayee
2024-11-15 1:44,136,4.6,22.0,1.06,119.51,0,-0.24,0.0,Ayee
2024-11-15 1:49,136,4.6,21.9,0.72,119.7,0,-0.29,0.0,Ayee
2024-11-15 1:54,137,4.5,23.9,1.12,121.03,0,-0.37,0.0,Ayee
2024-11-15 1:59,137,4.6,23.3,0.84,121.14,0,-0.37,0.0,Ayee
2024-11-15 2:04,138,4.6,22.9,0.16,121.5,0,-0.4,0.0,Ayee
2024-11-15 2:09,139,4.4,24.5,0.03,121.16,0,-0.43,0.0,Ayee
2024-11-15 2:14,140,4.1,24.4,0.12,121.78,0,-0.43,0.0,Ayee
2024-11-15 2:19,140,4.0,24.1,0.0,121.5,0,-0.36,0.0,Ayee
2024-11-15 2:24,141,4.0,22.2,0.0,121.33,0,-0.32,0.0,Ayee
2024-11-15 2:29,142,4.0,26.4,0.25,123.05,0,-0.32,0.0,Ayee
2024-11-15 2:34,143,3.9,26.0,0.25,123.41,0,-0.38,0.0,Ayee
2024-11-15 2:39,143,3.8,25.2,1.01,122.33,0,-0.38,0.0,Ayee
2024-11-15 2:44,144,3.8,24.0,1.21,122.27,0,-0.38,0.0,Ayee
2024-11-15 2:49,145,3.8,22.5,1.03,121.84,0,-0.19,0.0,Ayee
2024-11-15 2:54,146,3.9,21.9,0.44,122.82,0,-0.19,0.0,Ayee
2024-11-15 2:59,146,3.9,23.4,0.0,122.22,0,-0.19,0.0,Ayee
2024-11-15 3:04,147,3.9,23.2,0.0,121.93,0,-0.35,0.0,Ayee
2024-11-15 3:09,148,3.7,24.5,0.0,122.12,0,-0.34,0.0,Ayee
2024-11-15 3:14,149,3.5,25.1,1.28,122.54,0,-0.24,0.0,Ayee
2024-11-15 3:19,150,3.4,24.1,0.16,121.54,0,-0.24,0.0,Ayee
2024-11-15 3:24,150,3.7,26.1,0.0,120.65,0,-0.24,0.0,Ayee
2024-11-15 3:29,151,3.8,26.1,0.0,121.18,0,-0.37,0.0,Ayee
2024-11-15 3:34,152,3.7,26.3,0.21,121.67,0,-0.33,0.0,Ayee
2024-11-15 3:39,153,3.4,26.3,0.31,122.44,0,-0.23,0.0,Ayee
2024-11-15 3:44,153,3.4,25.3,0.29,120.84,0,-0.23,0.0,Ayee
2024-11-15 3:50,154,3.4,25.2,0.09,121.69,0,-0.32,0.0,Ayee
2024-11-15 3:55,155,3.5,25.6,0.01,121.06,0,-0.31,0.0,Ayee
2024-11-15 4:00,156,3.5,26.0,0.0,122.27,0,-0.31,0.0,Ayee
2024-11-15 4:05,156,3.2,26.3,0.0,121.27,0,-0.33,0.0,Ayee
2024-11-15 4:10,157,3.0,26.2,1.06,122.12,0,-0.32,0.0,Ayee
2024-11-15 4:15,158,2.9,26.5,0.7,122.22,0,-0.11,0.0,Ayee
2024-11-15 4:20,159,3.0,26.1,0.12,121.2,0,-0.24,0.0,Ayee
2024-11-15 4:25,160,3.0,25.4,0.07,121.97,0,-0.24,0.0,Ayee
2024-11-15 4:30,160,3.0,26.0,0.14,121.67,0,-0.26,0.0,Ayee
2024-11-15 4:35,161,2.8,26.1,0.46,121.16,0,-0.27,0.0,Ayee
2024-11-15 4:40,162,2.8,27.4,0.36,122.33,0,-0.27,0.0,Ayee
2024-11-15 4:45,163,2.9,27.2,0.14,122.48,0,-0.27,0.0,Ayee
2024-11-15 4:50,163,2.9,26.9,0.27,123.05,0,-0.27,0.0,Ayee
2024-11-15 4:55,164,2.8,27.6,0.22,121.76,0,-0.27,0.0,Ayee
2024-11-15 5:00,165,2.7,27.7,0.0,122.12,0,-0.23,0.0,Ayee
2024-11-15 5:05,166,2.8,28.0,0.03,122.05,0,-0.23,0.0,Ayee
2024-11-15 5:10,166,2.7,28.0,0.0,121.95,0,-0.23,0.0,Ayee
2024-11-15 5:15,167,2.6,29.0,0.0,122.27,0,-0.27,0.0,Ayee
2024-11-15 5:20,168,2.6,29.6,0.22,122.54,0,-0.27,0.0,Ayee
2024-11-15 5:25,169,2.6,29.2,0.11,121.93,0,-0.28,0.0,Ayee
2024-11-15 5:30,170,2.6,29.9,0.03,122.42,0,-0.28,0.0,Ayee
2024-11-15 5:35,170,2.5,29.2,0.11,123.07,0,-0.23,0.0,Ayee
2024-11-15 5:40,171,2.5,29.2,0.14,121.52,0,-0.29,0.0,Ayee
2024-11-15 5:45,172,2.3,29.6,0.0,122.12,0,-0.29,0.0,Ayee
2024-11-15 5:50,173,2.3,28.8,0.36,121.61,0,-0.22,0.0,Ayee
2024-11-15 5:55,173,2.3,30.3,0.0,122.82,0,-0.22,0.0,Ayee
2024-11-15 6:00,174,2.2,30.2,0.03,122.27,0,-0.23,0.0,Ayee
2024-11-15 6:05,175,2.2,30.9,0.38,121.46,0,-0.25,0.0,Ayee
2024-11-15 6:10,176,2.1,30.0,0.57,122.27,0,-0.25,0.0,Ayee
2024-11-15 6:15,176,2.0,30.0,0.44,122.99,0,-0.25,0.0,Ayee
2024-11-15 6:20,177,2.2,29.9,0.0,122.61,0,-0.2,0.0,Ayee
2024-11-15 6:25,178,2.2,31.0,0.0,122.27,0,-0.2,0.0,Ayee
2024-11-15 6:30,179,2.2,30.8,0.07,122.69,0,-0.25,0.0,Ayee
2024-11-15 6:35,180,2.0,29.8,0.55,122.35,0,-0.25,0.0,Ayee
2024-11-15 6:40,180,1.9,30.0,0.07,122.86,0,-0.17,0.0,Ayee
2024-11-15 6:45,181,2.0,30.7,0.18,122.33,0,-0.18,0.0,Ayee
2024-11-15 6:50,182,1.9,30.7,0.0,122.56,0,-0.18,0.0,Ayee
2024-11-15 6:55,183,2.1,30.3,0.24,122.35,0,-0.22,0.0,Ayee
2024-11-15 7:00,183,2.1,29.9,0.42,122.27,0,-0.22,0.0,Ayee
2024-11-15 7:05,184,2.1,29.3,0.18,122.31,0,-0.22,0.0,Ayee
2024-11-15 7:10,185,2.0,29.9,0.85,122.86,0,-0.08,0.0,Ayee
2024-11-15 7:15,186,2.0,29.7,0.86,122.39,0,-0.08,0.0,Ayee
2024-11-15 7:20,186,2.0,29.5,0.72,122.42,0,-0.08,0.0,Ayee
2024-11-15 7:25,187,2.0,29.6,0.85,122.46,0,-0.13,0.0,Ayee
2024-11-15 7:30,188,2.0,29.4,0.81,122.31,0,-0.13,0.0,Ayee
2024-11-15 7:35,189,2.1,29.1,0.31,123.2,0,-0.15,0.0,Ayee
2024-11-15 7:40,190,2.0,29.4,0.51,122.56,0,-0.15,0.0,Ayee
2024-11-15 7:45,190,2.1,29.7,0.07,123.41,0,-0.15,0.0,Ayee
2024-11-15 7:50,191,2.2,29.3,0.0,122.73,0,-0.2,0.0,Ayee
2024-11-15 7:55,192,2.3,28.8,0.0,122.25,0,-0.2,0.0,Ayee
2024-11-15 8:00,193,2.6,29.5,0.0,122.67,0,-0.26,0.0,Ayee
2024-11-15 8:05,193,2.7,29.0,0.0,122.69,0,-0.26,0.0,Ayee
2024-11-15 8:10,194,3.4,28.5,0.0,122.58,0,-0.26,0.0,Ayee
2024-11-15 8:15,195,4.4,27.2,0.0,122.48,0,-0.41,0.0,Ayee
2024-11-15 8:20,196,4.8,26.1,0.0,123.01,0,-0.41,0.0,Ayee
2024-11-15 8:25,196,5.0,25.5,0.0,122.61,0,-0.41,0.0,Ayee
2024-11-15 8:30,197,4.4,25.8,0.0,122.42,0,-0.48,0.0,Ayee
2024-11-15 8:35,198,4.4,27.1,0.0,122.1,0,-0.48,0.0,Ayee
2024-11-15 8:40,199,4.6,26.6,0.26,122.56,0,-0.48,0.0,Ayee
2024-11-15 8:45,200,4.6,26.5,0.11,122.22,0,-0.48,0.0,Ayee
2024-11-15 8:50,200,5.1,25.6,0.15,122.14,0,-0.48,0.0,Ayee
2024-11-15 8:55,201,5.1,25.4,0.13,123.18,0,-0.48,0.0,Ayee
2024-11-15 9:00,201,5.3,25.0,0.31,122.12,0,-0.47,0.0,Ayee
2024-11-15 9:05,201,5.1,25.3,0.99,123.07,0,-0.34,0.0,Ayee
2024-11-15 9:10,201,4.3,27.7,0.14,122.52,0,-0.4,0.0,Ayee
2024-11-15 9:15,202,4.2,30.9,1.21,122.54,0,-0.4,0.0,Ayee
2024-11-15 9:20,203,3.6,34.4,0.68,122.44,0,-0.27,0.0,Ayee
2024-11-15 9:25,204,3.8,32.7,0.09,122.84,0,-0.27,0.0,Ayee
2024-11-15 9:30,204,3.9,32.2,0.59,122.8,0,-0.27,0.0,Ayee
2024-11-15 9:35,205,4.0,27.9,0.39,122.18,0,-0.27,0.0,Ayee
2024-11-15 9:40,206,4.3,27.5,0.58,122.67,0,-0.27,0.0,Ayee
2024-11-15 9:45,207,4.7,26.1,0.81,122.54,0,-0.33,0.0,Ayee
2024-11-15 9:50,207,5.3,25.1,0.24,122.25,0,-0.33,0.0,Ayee
2024-11-15 9:55,208,4.7,28.4,1.2,122.67,0,-0.33,0.0,Ayee
2024-11-15 10:00,209,5.0,25.0,0.11,122.5,0,-0.35,0.0,Ayee
2024-11-15 10:05,210,5.1,27.8,2.45,122.86,0,-0.35,0.0,Ayee
2024-11-15 10:10,210,4.9,27.0,2.08,122.9,0,-0.35,0.0,Ayee
2024-11-15 10:15,211,5.2,26.4,0.66,121.8,0,-0.21,0.0,Ayee
2024-11-15 10:20,212,5.0,24.8,1.68,121.86,0,-0.21,0.0,Ayee
2024-11-15 10:25,213,5.6,28.0,0.89,121.57,0,-0.44,0.0,Ayee
2024-11-15 10:30,213,5.7,23.8,1.15,122.42,0,-0.36,0.0,Ayee
2024-11-15 10:35,213,6.4,23.6,0.0,122.33,0,-0.62,0.0,Ayee
2024-11-15 10:40,213,6.1,22.9,0.24,122.05,0,-0.54,0.0,Ayee
2024-11-15 10:45,213,5.8,23.5,0.0,122.97,0,-0.56,0.0,Ayee
2024-11-15 10:50,213,5.9,23.0,0.79,121.29,0,-0.43,0.0,Ayee
2024-11-15 10:55,213,5.6,24.2,1.04,121.93,0,-0.37,0.0,Ayee
2024-11-15 11:00,213,5.7,23.3,1.27,121.54,0,-0.33,0.0,Ayee
2024-11-15 11:05,213,5.3,24.2,0.39,121.44,0,-0.45,0.0,Ayee
2024-11-15 11:10,213,5.4,23.8,0.76,121.46,0,-0.39,0.0,Ayee
2024-11-15 11:15,213,5.4,23.3,0.45,121.84,0,-0.44,0.0,Ayee
2024-11-15 11:20,213,5.7,26.1,1.21,121.97,0,-0.37,0.0,Ayee
2024-11-15 11:25,213,5.8,26.7,1.89,122.75,0,-0.28,0.0,Ayee
2024-11-15 11:30,213,5.7,25.8,0.52,122.56,0,-0.48,0.0,Ayee
2024-11-15 11:35,213,5.9,23.1,0.0,122.56,0,-0.56,0.0,Ayee
2024-11-15 11:40,213,6.6,22.3,0.63,122.44,0,-0.53,0.0,Ayee
2024-11-15 11:45,213,6.1,24.7,1.94,122.58,0,-0.28,0.0,Ayee
2024-11-15 11:50,213,5.8,23.4,0.32,122.82,0,-0.5,0.0,Ayee
2024-11-15 11:55,213,6.3,23.5,0.0,122.63,0,-0.61,0.0,Ayee
2024-11-15 12:00,213,6.4,24.8,0.43,122.37,0,-0.56,0.0,Ayee
2024-11-15 12:05,213,6.2,22.8,0.73,121.84,0,-0.47,0.0,Ayee
2024-11-15 12:10,213,6.5,23.8,1.44,122.65,0,-0.4,0.0,Ayee
2024-11-15 12:15,213,6.4,22.0,0.8,122.84,0,-0.47,0.0,Ayee
2024-11-15 12:20,213,6.4,26.6,2.4,122.5,0,-0.26,0.0,Ayee
2024-11-15 12:25,213,6.4,21.5,0.87,122.25,0,0.05,0.0,Ayee
2024-11-15 12:30,214,7.2,22.0,0.0,122.92,0,0.05,0.0,Ayee
2024-11-15 12:35,215,7.2,21.9,1.25,123.22,0,-0.48,0.0,Ayee
2024-11-15 12:40,215,6.7,24.8,4.08,123.71,0,0.05,0.0,Ayee
2024-11-15 12:45,216,6.2,25.2,1.8,122.56,0,0.05,0.0,Ayee
2024-11-15 12:50,216,6.3,23.9,2.61,122.73,0,0.05,0.0,Ayee
2024-11-15 12:55,217,6.3,24.6,1.48,123.03,0,0.01,0.0,Ayee
2024-11-15 13:00,218,6.8,21.6,2.32,122.33,0,0.01,0.0,Ayee
2024-11-15 13:05,218,7.0,22.1,2.81,122.12,0,0.01,0.0,Ayee
2024-11-15 13:10,219,6.7,22.3,3.74,122.18,0,0.0,0.0,Ayee
2024-11-15 13:15,220,6.6,21.9,2.46,121.33,0,0.0,0.0,Ayee
2024-11-15 13:20,220,6.7,21.5,3.17,121.93,0,0.0,0.0,Ayee
2024-11-15 13:25,221,7.3,19.2,2.24,121.67,0,-0.3,0.0,Ayee
2024-11-15 13:30,221,7.4,19.0,2.37,122.08,0,-0.29,0.0,Ayee
2024-11-15 13:35,221,7.2,21.8,4.44,120.97,0,0.05,0.0,Ayee
2024-11-15 13:40,222,7.1,18.3,2.65,122.61,0,0.05,0.0,Ayee
2024-11-15 13:45,223,7.1,19.8,4.16,122.73,0,0.05,0.0,Ayee
2024-11-15 13:50,223,7.2,19.5,2.32,121.82,0,0.06,0.0,Ayee
2024-11-15 13:55,224,7.3,18.9,3.74,122.37,0,0.06,0.0,Ayee
2024-11-15 14:00,224,7.3,17.4,4.57,122.35,0,0.06,0.0,Ayee
2024-11-15 14:05,225,7.2,16.1,3.28,121.99,0,0.33,0.0,Ayee
2024-11-15 14:10,226,7.5,15.2,3.74,122.46,0,0.33,0.0,Ayee
2024-11-15 14:15,227,7.5,15.5,2.54,122.12,0,-0.24,0.0,Ayee
2024-11-15 14:20,227,7.6,17.6,2.49,122.22,0,0.2,0.0,Ayee
2024-11-15 14:25,228,7.6,15.4,3.83,122.12,0,0.2,0.0,Ayee
2024-11-15 14:30,229,7.4,15.2,1.63,122.82,0,-0.37,0.0,Ayee
2024-11-15 14:35,229,7.3,18.1,3.98,122.2,0,0.04,0.0,Ayee
2024-11-15 14:40,230,7.4,16.3,3.44,122.08,0,0.04,0.0,Ayee
2024-11-15 14:45,231,7.3,15.6,2.55,122.14,0,0.01,0.0,Ayee
2024-11-15 14:50,232,7.7,13.9,3.17,122.22,0,0.01,0.0,Ayee
2024-11-15 14:55,232,7.3,16.3,4.56,122.48,0,0.01,0.0,Ayee
2024-11-15 15:00,233,7.4,16.5,5.1,122.56,0,0.18,0.0,Ayee
2024-11-15 15:05,234,7.5,13.7,5.3,122.84,0,0.18,0.0,Ayee
2024-11-15 15:10,235,7.5,15.5,3.44,122.22,0,0.02,0.0,Ayee
2024-11-15 15:15,235,7.4,16.8,2.61,121.48,0,0.02,0.0,Ayee
2024-11-15 15:20,236,7.4,16.7,2.95,122.95,0,0.02,0.0,Ayee
2024-11-15 15:25,237,7.3,16.8,4.06,123.18,0,0.09,0.0,Ayee
2024-11-15 15:30,238,7.1,18.1,1.89,121.78,0,0.09,0.0,Ayee
2024-11-15 15:35,238,7.1,16.5,3.83,122.05,0,0.09,0.0,Ayee
2024-11-15 15:40,239,6.9,18.6,3.98,122.92,0,0.32,0.0,Ayee
2024-11-15 15:45,240,6.9,21.6,3.06,121.67,0,0.32,0.0,Ayee
2024-11-15 15:50,241,6.7,16.9,5.84,122.92,0,0.46,0.0,Ayee
2024-11-15 15:55,242,6.7,20.7,4.57,121.95,0,0.46,0.0,Ayee
2024-11-15 16:00,242,6.2,19.6,5.67,121.54,0,0.46,0.0,Ayee
2024-11-15 16:05,243,6.3,19.6,8.08,121.54,0,0.77,0.0,Ayee
2024-11-15 16:10,243,6.2,20.6,8.08,121.84,0,0.77,0.0,Ayee
2024-11-15 16:15,244,6.1,21.5,4.33,121.57,0,0.77,0.0,Ayee
2024-11-15 16:20,245,6.0,21.5,4.82,122.56,0,0.65,0.0,Ayee
2024-11-15 16:25,246,6.1,19.8,5.66,122.48,0,0.65,0.0,Ayee
2024-11-15 16:30,246,6.1,20.2,4.92,122.52,0,0.65,0.0,Ayee
2024-11-15 16:35,247,6.0,19.8,3.74,122.84,0,0.42,0.0,Ayee
2024-11-15 16:40,248,5.9,22.6,2.74,121.76,0,0.42,0.0,Ayee
2024-11-15 16:45,249,5.9,20.9,5.66,122.56,0,0.42,0.0,Ayee
2024-11-15 16:50,249,5.7,21.8,5.85,122.16,0,0.37,0.0,Ayee
2024-11-15 16:55,250,5.6,21.5,6.44,122.48,0,0.37,0.0,Ayee
2024-11-15 17:00,251,5.6,21.2,5.89,122.35,0,0.37,0.0,Ayee
2024-11-15 17:05,251,5.6,22.1,4.57,122.63,0,0.14,0.0,Ayee
2024-11-15 17:10,252,5.4,22.8,3.4,122.05,0,0.14,0.0,Ayee
2024-11-15 17:15,253,5.4,22.3,4.93,122.33,0,0.69,0.0,Ayee
2024-11-15 17:20,253,5.3,23.7,6.44,122.08,0,0.69,0.0,Ayee
2024-11-15 17:25,254,5.2,23.7,6.43,122.8,0,0.69,0.0,Ayee
2024-11-15 17:30,255,5.3,23.5,6.62,122.84,0,0.11,0.0,Ayee
2024-11-15 17:35,256,5.1,26.1,4.98,121.57,0,0.11,0.0,Ayee
2024-11-15 17:40,256,5.1,25.2,4.84,122.56,0,0.11,0.0,Ayee
2024-11-15 17:45,257,5.0,24.7,4.31,122.29,0,0.33,0.0,Ayee
2024-11-15 17:50,258,5.0,23.8,3.34,122.33,0,0.33,0.0,Ayee
2024-11-15 17:55,259,5.0,24.0,3.11,122.31,0,0.07,0.0,Ayee
2024-11-15 18:00,260,4.9,24.5,3.39,122.78,0,0.07,0.0,Ayee
2024-11-15 18:05,260,4.7,24.9,4.07,122.71,0,0.3,0.0,Ayee
2024-11-15 18:10,261,4.8,24.5,2.41,123.58,0,0.1,0.0,Ayee
2024-11-15 18:15,262,4.9,24.5,3.47,122.8,0,0.1,0.0,Ayee
2024-11-15 18:20,263,4.7,25.4,6.44,123.12,0,0.17,0.0,Ayee
2024-11-15 18:25,263,4.7,25.4,4.26,123.29,0,0.17,0.0,Ayee
2024-11-15 18:30,264,4.5,25.5,4.33,123.09,0,0.17,0.0,Ayee
2024-11-15 18:35,265,4.5,25.6,4.82,123.39,0,0.42,0.0,Ayee
2024-11-15 18:40,266,4.5,26.1,3.17,122.84,0,0.42,0.0,Ayee
2024-11-15 18:45,266,4.4,26.2,3.98,122.95,0,0.42,0.0,Ayee
2024-11-15 18:50,267,4.4,26.4,5.42,122.99,0,0.37,0.0,Ayee
2024-11-15 18:55,268,4.2,26.5,3.23,123.97,0,0.37,0.0,Ayee
2024-11-15 19:00,269,4.3,26.4,4.98,123.14,0,0.19,0.0,Ayee
2024-11-15 19:05,270,4.2,26.4,3.6,123.82,0,0.19,0.0,Ayee
2024-11-15 19:10,270,4.3,25.9,2.57,124.05,0,0.19,0.0,Ayee
2024-11-15 19:15,271,4.3,26.6,5.35,124.09,0,0.42,0.0,Ayee
2024-11-15 19:20,272,4.3,26.5,4.93,124.22,0,0.42,0.0,Ayee
2024-11-15 19:25,273,4.2,27.0,3.66,124.09,0,0.19,0.0,Ayee
2024-11-15 19:30,273,4.0,27.6,3.48,124.48,0,0.19,0.0,Ayee
2024-11-15 19:35,274,4.2,27.1,5.36,123.39,0,0.19,0.0,Ayee
2024-11-15 19:40,275,4.0,27.0,5.45,124.05,0,0.18,0.0,Ayee
2024-11-15 19:45,276,4.1,27.1,2.67,124.37,0,0.18,0.0,Ayee
2024-11-15 19:50,276,4.1,27.3,4.78,124.2,0,0.18,0.0,Ayee
2024-11-15 19:55,277,3.8,27.7,3.8,123.97,0,0.5,0.0,Ayee
2024-11-15 20:00,278,4.0,27.8,4.72,124.39,0,0.5,0.0,Ayee
2024-11-15 20:05,279,3.9,27.7,2.78,123.52,0,0.31,0.0,Ayee
2024-11-15 20:10,280,3.9,27.0,3.54,124.45,0,0.31,0.0,Ayee
2024-11-15 20:15,280,3.9,26.8,2.18,124.14,0,0.31,0.0,Ayee
2024-11-15 20:20,281,4.1,26.4,2.92,123.65,0,0.01,0.0,Ayee
2024-11-15 20:25,282,4.2,26.2,5.5,124.45,0,0.01,0.0,Ayee
2024-11-15 20:30,283,4.0,27.1,4.85,123.58,0,0.57,0.0,Ayee
2024-11-15 20:35,283,3.9,27.1,4.57,124.37,0,0.57,0.0,Ayee
2024-11-15 20:40,284,4.0,27.3,4.71,123.65,0,0.57,0.0,Ayee
2024-11-15 20:45,285,3.8,27.5,3.98,123.86,0,0.77,0.0,Ayee
2024-11-15 20:50,286,3.7,27.4,3.01,123.29,0,0.77,0.0,Ayee
2024-11-15 20:55,286,4.0,26.7,1.01,123.52,0,0.77,0.0,Ayee
2024-11-15 21:00,287,3.9,26.0,3.71,123.52,0,-0.3,0.0,Ayee
2024-11-15 21:05,288,4.2,25.3,2.21,123.39,0,-0.3,0.0,Ayee
2024-11-15 21:10,289,4.3,25.8,4.65,123.46,0,0.3,0.0,Ayee
2024-11-15 21:15,290,4.2,25.6,2.75,123.84,0,0.3,0.0,Ayee
2024-11-15 21:20,290,4.1,26.1,3.54,123.97,0,0.3,0.0,Ayee
2024-11-15 21:25,291,3.7,27.4,5.11,122.73,0,0.31,0.0,Ayee
2024-11-15 21:30,292,3.8,26.9,4.58,122.8,0,0.31,0.0,Ayee
2024-11-15 21:35,293,3.7,26.9,4.58,123.48,0,0.56,0.0,Ayee
2024-11-15 21:40,294,3.7,26.9,5.55,123.18,0,0.56,0.0,Ayee
2024-11-15 21:45,294,3.5,27.6,4.48,124.01,0,0.56,0.0,Ayee
2024-11-15 21:50,295,3.7,26.1,2.91,123.29,0,0.2,0.0,Ayee
2024-11-15 21:55,296,3.6,27.4,2.87,123.39,0,0.2,0.0,Ayee
2024-11-15 22:00,297,3.5,27.6,5.8,123.84,0,0.61,0.0,Ayee
2024-11-15 22:05,297,3.4,27.1,3.98,125.92,0,0.61,0.0,Ayee
2024-11-15 22:10,298,3.5,27.0,1.95,125.52,0,0.61,0.0,Ayee
2024-11-15 22:15,299,3.3,27.6,3.69,125.6,0,0.31,0.0,Ayee
2024-11-15 22:20,300,3.4,27.4,2.75,125.88,0,0.31,0.0,Ayee
2024-11-15 22:25,300,3.4,26.9,2.42,125.62,0,0.31,0.0,Ayee
2024-11-15 22:30,301,3.4,27.8,2.82,125.81,0,0.07,0.0,Ayee
2024-11-15 22:35,302,3.2,27.6,2.4,125.37,0,0.07,0.0,Ayee
2024-11-15 22:40,303,3.2,27.4,3.01,125.18,0,0.36,0.0,Ayee
2024-11-15 22:45,304,3.1,28.4,1.95,125.41,0,0.36,0.0,Ayee
2024-11-15 22:50,304,3.1,27.6,1.5,124.99,0,0.36,0.0,Ayee
2024-11-15 22:55,305,3.0,28.2,2.28,125.58,0,0.3,0.0,Ayee
2024-11-15 23:00,306,3.0,28.2,2.97,125.11,0,0.3,0.0,Ayee
2024-11-15 23:05,307,2.8,27.5,0.46,119.78,0,-0.2,0.0,Ayee
2024-11-15 23:10,307,3.1,25.4,0.81,123.75,0,-0.2,0.0,Ayee
2024-11-15 23:15,308,3.0,28.2,1.4,123.65,0,-0.2,0.0,Ayee
2024-11-15 23:20,309,2.9,27.2,0.59,124.07,0,-0.03,0.0,Ayee
2024-11-15 23:25,310,2.9,27.7,1.88,123.82,0,-0.03,0.0,Ayee
2024-11-15 23:30,310,2.8,26.9,0.11,124.2,0,-0.03,0.0,Ayee
2024-11-15 23:35,311,2.4,29.5,2.83,123.73,0,-0.18,0.0,Ayee
2024-11-15 23:40,312,2.8,26.9,1.38,123.8,0,-0.18,0.0,Ayee
2024-11-15 23:45,313,3.0,26.4,0.22,123.29,0,-0.27,0.0,Ayee
2024-11-15 23:50,314,2.6,27.4,0.33,123.46,0,-0.27,0.0,Ayee
2024-11-15 23:55,314,2.5,29.5,1.05,123.41,0,-0.27,0.0,Ayee
2024-11-16 0:00,315,2.4,26.9,0.83,123.58,0,-0.22,0.0,Ayee
2024-11-16 0:06,316,2.5,27.9,0.33,123.77,0,-0.22,0.0,Ayee
2024-11-16 0:11,317,2.6,26.6,1.7,123.75,0,0.09,0.0,Ayee
2024-11-16 0:16,317,2.9,27.5,0.85,123.58,0,0.09,0.0,Ayee
2024-11-16 0:21,318,2.4,28.3,0.09,123.35,0,0.09,0.0,Ayee
2024-11-16 0:26,319,2.3,27.8,1.06,123.69,0,-0.12,0.0,Ayee
2024-11-16 0:31,320,2.4,26.8,0.11,123.65,0,-0.12,0.0,Ayee
2024-11-16 0:36,320,2.5,27.6,0.0,123.82,0,-0.12,0.0,Ayee
2024-11-16 0:41,321,2.3,27.5,1.45,123.88,0,-0.24,0.0,Ayee
2024-11-16 0:46,322,2.6,26.8,0.0,124.07,0,-0.24,0.0,Ayee
2024-11-16 0:51,323,2.2,26.4,0.79,124.11,0,-0.17,0.0,Ayee
2024-11-16 0:56,324,2.7,26.2,0.61,123.5,0,-0.17,0.0,Ayee
2024-11-16 1:01,324,2.5,26.2,0.0,123.58,0,-0.17,0.0,Ayee
2024-11-16 1:06,325,2.4,27.6,0.57,123.65,0,-0.22,0.0,Ayee
2024-11-16 1:11,326,2.3,27.1,1.07,123.99,0,-0.22,0.0,Ayee
2024-11-16 1:16,327,2.4,26.7,0.36,123.84,0,-0.15,0.0,Ayee
2024-11-16 1:21,328,2.4,26.9,0.03,123.52,0,-0.15,0.0,Ayee
2024-11-16 1:26,328,2.3,27.5,0.44,123.99,0,-0.15,0.0,Ayee
2024-11-16 1:31,329,2.2,27.4,0.31,124.2,0,-0.17,0.0,Ayee
2024-11-16 1:36,330,2.0,27.0,0.72,124.05,0,-0.17,0.0,Ayee
2024-11-16 1:41,330,2.0,27.4,0.0,123.99,0,-0.17,0.0,Ayee
2024-11-16 1:46,331,2.1,26.9,0.0,124.07,0,-0.19,0.0,Ayee
2024-11-16 1:51,332,1.7,28.5,0.16,123.69,0,-0.19,0.0,Ayee
2024-11-16 1:56,333,1.6,28.2,0.16,123.75,0,-0.07,0.0,Ayee
2024-11-16 2:01,334,1.6,28.2,0.0,123.77,0,-0.07,0.0,Ayee
2024-11-16 2:06,334,1.7,28.5,0.66,123.88,0,-0.07,0.0,Ayee
2024-11-16 2:11,335,1.8,28.2,0.87,124.31,0,-0.17,0.0,Ayee
2024-11-16 2:16,336,1.7,28.0,0.33,123.8,0,-0.17,0.0,Ayee
2024-11-16 2:21,337,1.6,28.0,0.38,124.41,0,-0.09,0.0,Ayee
2024-11-16 2:26,338,1.8,27.6,1.62,124.16,0,-0.09,0.0,Ayee
2024-11-16 2:31,338,2.0,27.7,1.1,124.03,0,-0.09,0.0,Ayee
2024-11-16 2:36,339,1.9,28.0,0.22,124.16,0,0.19,0.0,Ayee
2024-11-16 2:41,340,1.7,28.4,0.96,123.69,0,0.19,0.0,Ayee
2024-11-16 2:46,341,1.7,28.1,0.87,124.26,0,-0.06,0.0,Ayee
2024-11-16 2:51,341,1.8,28.3,0.22,124.2,0,-0.06,0.0,Ayee
2024-11-16 2:56,342,1.8,28.2,0.01,123.9,0,-0.06,0.0,Ayee
2024-11-16 3:01,343,1.7,28.2,0.7,123.94,0,-0.13,0.0,Ayee
2024-11-16 3:06,344,1.5,28.5,0.31,124.24,0,-0.13,0.0,Ayee
2024-11-16 3:11,344,1.5,29.0,0.24,123.97,0,-0.13,0.0,Ayee
2024-11-16 3:16,345,1.3,28.7,0.09,123.94,0,-0.14,0.0,Ayee
2024-11-16 3:21,346,1.1,28.5,0.46,123.77,0,-0.14,0.0,Ayee
2024-11-16 3:26,347,1.2,28.6,0.01,123.97,0,-0.09,0.0,Ayee
2024-11-16 3:31,348,0.9,28.4,1.11,124.01,0,-0.09,0.0,Ayee
2024-11-16 3:36,348,1.3,28.0,0.0,124.18,0,-0.09,0.0,Ayee
2024-11-16 3:41,349,1.5,27.8,0.0,123.8,0,-0.12,0.0,Ayee
2024-11-16 3:46,350,1.4,27.4,1.17,124.33,0,-0.12,0.0,Ayee
2024-11-16 3:51,351,1.7,27.2,1.36,124.05,0,0.06,0.0,Ayee
2024-11-16 3:56,351,1.7,27.5,1.98,123.92,0,0.06,0.0,Ayee
2024-11-16 4:01,352,1.7,27.4,0.44,123.84,0,0.06,0.0,Ayee
2024-11-16 4:06,353,1.5,27.5,0.24,123.9,0,0.01,0.0,Ayee
2024-11-16 4:11,354,1.6,27.1,0.36,123.52,0,0.01,0.0,Ayee
2024-11-16 4:16,354,1.8,27.3,1.85,122.54,0,0.01,0.0,Ayee
2024-11-16 4:21,355,1.7,27.5,0.74,122.75,0,-0.03,0.0,Ayee
2024-11-16 4:26,356,1.7,27.6,0.0,123.56,0,-0.03,0.0,Ayee
2024-11-16 4:31,357,1.4,27.5,0.33,122.44,0,-0.05,0.0,Ayee
2024-11-16 4:36,358,1.6,26.9,0.25,123.16,0,-0.05,0.0,Ayee
2024-11-16 4:41,358,1.8,27.2,0.55,123.12,0,-0.05,0.0,Ayee
2024-11-16 4:46,359,1.7,26.9,0.81,122.52,0,-0.07,0.0,Ayee
2024-11-16 4:51,360,1.2,29.6,0.0,123.03,0,-0.07,0.0,Ayee
2024-11-16 4:56,361,1.0,28.3,0.0,122.82,0,-0.09,0.0,Ayee
2024-11-16 5:01,361,0.7,30.5,0.0,122.82,0,-0.09,0.0,Ayee
2024-11-16 5:06,362,0.5,29.4,0.51,122.69,0,-0.09,0.0,Ayee
2024-11-16 5:11,363,1.3,27.6,0.53,123.26,0,0.07,0.0,Ayee
2024-11-16 5:16,364,1.5,26.9,1.02,123.09,0,0.07,0.0,Ayee
2024-11-16 5:21,364,1.5,26.8,0.0,122.82,0,0.07,0.0,Ayee
2024-11-16 5:26,365,1.0,30.3,0.0,123.22,0,-0.13,0.0,Ayee
2024-11-16 5:31,366,0.6,30.7,0.0,123.6,0,-0.13,0.0,Ayee
2024-11-16 5:36,367,0.4,31.2,0.0,123.8,0,-0.07,0.0,Ayee
2024-11-16 5:41,368,0.3,30.0,0.0,123.2,0,-0.07,0.0,Ayee
2024-11-16 5:46,368,0.3,29.9,0.05,123.56,0,-0.07,0.0,Ayee
2024-11-16 5:51,369,0.4,30.2,0.0,123.48,0,-0.02,0.0,Ayee
2024-11-16 5:56,370,0.5,30.0,0.01,123.75,0,-0.02,0.0,Ayee
2024-11-16 6:01,371,0.6,29.2,0.0,123.73,0,-0.05,0.0,Ayee
2024-11-16 6:06,372,0.5,29.3,0.07,123.52,0,-0.05,0.0,Ayee
2024-11-16 6:11,372,0.5,29.7,0.0,122.92,0,-0.05,0.0,Ayee
2024-11-16 6:16,373,0.4,29.8,0.0,123.86,0,-0.04,0.0,Ayee
2024-11-16 6:21,374,0.2,32.6,0.0,123.54,0,-0.04,0.0,Ayee
2024-11-16 6:26,375,-0.1,31.6,0.25,123.67,0,-0.04,0.0,Ayee
2024-11-16 6:31,375,0.3,30.9,0.35,123.37,0,-0.01,0.0,Ayee
2024-11-16 6:36,376,0.3,29.7,0.0,123.82,0,-0.01,0.0,Ayee
2024-11-16 6:41,377,0.4,30.0,0.0,123.65,0,-0.04,0.0,Ayee
2024-11-16 6:46,377,0.5,29.9,0.11,124.09,0,-0.04,0.0,Ayee
2024-11-16 6:51,378,0.5,29.8,0.0,123.88,0,-0.04,0.0,Ayee
2024-11-16 6:56,379,0.6,30.2,0.0,123.52,0,-0.07,0.0,Ayee
2024-11-16 7:01,380,0.4,30.6,0.0,123.48,0,-0.07,0.0,Ayee
2024-11-16 7:06,380,0.4,30.7,0.22,123.97,0,-0.07,0.0,Ayee
2024-11-16 7:11,381,0.4,30.3,0.0,123.5,0,-0.02,0.0,Ayee
2024-11-16 7:16,382,0.5,30.0,0.0,123.75,0,-0.02,0.0,Ayee
2024-11-16 7:21,383,0.7,29.2,0.0,123.5,0,-0.06,0.0,Ayee
2024-11-16 7:26,384,0.6,30.6,0.0,123.05,0,-0.06,0.0,Ayee
2024-11-16 7:31,384,0.6,31.1,0.0,123.75,0,-0.06,0.0,Ayee
2024-11-16 7:36,385,0.3,32.2,0.0,124.18,0,-0.07,0.0,Ayee
2024-11-16 7:41,386,0.2,31.6,0.03,123.99,0,-0.07,0.0,Ayee
2024-11-16 7:46,387,0.5,30.0,0.0,124.09,0,-0.06,0.0,Ayee
2024-11-16 7:51,387,0.7,32.3,0.0,123.67,0,-0.06,0.0,Ayee
2024-11-16 7:56,388,0.7,30.2,0.0,124.2,0,-0.06,0.0,Ayee
2024-11-16 8:01,389,0.7,30.1,0.0,123.43,0,-0.08,0.0,Ayee
2024-11-16 8:06,390,0.7,31.3,0.0,124.2,0,-0.08,0.0,Ayee
2024-11-16 8:11,390,0.7,30.8,0.03,123.86,0,-0.08,0.0,Ayee
2024-11-16 8:16,391,1.0,31.7,0.0,124.03,0,-0.06,0.0,Ayee
2024-11-16 8:21,392,0.8,30.2,0.0,124.01,0,-0.06,0.0,Ayee
2024-11-16 8:26,393,1.2,29.0,0.0,123.77,0,-0.1,0.0,Ayee
2024-11-16 8:31,394,1.7,28.0,0.0,124.22,0,-0.1,0.0,Ayee
2024-11-16 8:36,394,2.1,27.2,0.0,123.63,0,-0.1,0.0,Ayee
2024-11-16 8:41,395,2.3,29.0,0.21,123.9,0,-0.19,0.0,Ayee
2024-11-16 8:46,396,2.8,28.3,0.0,124.01,0,-0.19,0.0,Ayee
2024-11-16 8:51,397,3.5,29.6,0.19,123.94,0,-0.34,0.0,Ayee
2024-11-16 8:56,397,3.7,26.6,0.0,123.54,0,-0.34,0.0,Ayee
2024-11-16 9:01,398,4.3,26.5,0.16,123.63,0,-0.34,0.0,Ayee
2024-11-16 9:06,399,4.3,27.5,0.05,123.54,0,-0.42,0.0,Ayee
2024-11-16 9:11,400,3.7,26.8,0.16,123.52,0,-0.42,0.0,Ayee
2024-11-16 9:16,400,3.2,29.6,0.51,122.99,0,-0.42,0.0,Ayee
2024-11-16 9:21,401,3.0,30.0,0.46,123.69,0,-0.18,0.0,Ayee
2024-11-16 9:26,402,2.8,31.6,0.35,124.2,0,-0.18,0.0,Ayee
2024-11-16 9:31,403,3.2,30.2,1.34,123.8,0,-0.28,0.0,Ayee
2024-11-16 9:36,404,3.1,29.8,0.89,123.82,0,-0.28,0.0,Ayee
2024-11-16 9:41,404,3.1,28.5,0.11,123.94,0,-0.28,0.0,Ayee
2024-11-16 9:46,405,3.2,28.6,0.1,123.94,0,-0.32,0.0,Ayee
2024-11-16 9:51,406,2.9,30.3,0.21,123.54,0,-0.32,0.0,Ayee
2024-11-16 9:56,407,2.9,29.4,0.0,123.92,0,-0.26,0.0,Ayee
2024-11-16 10:01,408,3.1,30.0,1.39,123.94,0,-0.26,0.0,Ayee
2024-11-16 10:06,408,3.1,31.9,2.07,124.18,0,-0.26,0.0,Ayee
2024-11-16 10:11,409,3.0,27.5,0.32,123.84,0,-0.19,0.0,Ayee
2024-11-16 10:16,410,3.7,28.6,1.85,123.71,0,-0.19,0.0,Ayee
2024-11-16 10:21,411,3.6,27.7,1.2,124.07,0,-0.19,0.0,Ayee
2024-11-16 10:26,411,3.8,26.9,0.3,123.46,0,-0.16,0.0,Ayee
2024-11-16 10:31,412,3.7,27.4,0.33,123.39,0,-0.16,0.0,Ayee
2024-11-16 10:36,413,3.6,25.9,0.48,123.94,0,-0.25,0.0,Ayee
2024-11-16 10:41,414,3.7,25.7,0.24,123.73,0,-0.25,0.0,Ayee
2024-11-16 10:46,414,4.0,27.4,0.36,123.63,0,-0.25,0.0,Ayee
2024-11-16 10:51,415,3.6,27.1,0.19,123.82,0,-0.27,0.0,Ayee
2024-11-16 10:56,416,4.0,26.9,0.8,123.99,0,-0.27,0.0,Ayee
2024-11-16 11:01,417,3.8,26.0,0.28,124.01,0,-0.23,0.0,Ayee
2024-11-16 11:06,418,3.9,27.9,1.03,123.97,0,-0.23,0.0,Ayee
2024-11-16 11:11,418,3.8,26.4,0.21,124.05,0,-0.23,0.0,Ayee
2024-11-16 11:16,419,3.9,26.3,1.26,123.86,0,-0.09,0.0,Ayee
2024-11-16 11:21,420,4.0,29.1,2.53,124.24,0,-0.09,0.0,Ayee
2024-11-16 11:26,421,4.0,28.3,2.24,124.24,0,-0.16,0.0,Ayee
2024-11-16 11:31,421,4.3,26.6,2.04,123.84,0,-0.16,0.0,Ayee
2024-11-16 11:36,422,4.4,27.7,1.52,124.22,0,-0.16,0.0,Ayee
2024-11-16 11:41,423,4.3,25.6,0.08,123.86,0,-0.01,0.0,Ayee
2024-11-16 11:46,424,4.4,27.1,1.67,124.43,0,-0.01,0.0,Ayee
2024-11-16 11:51,424,4.5,25.8,2.68,124.52,0,-0.01,0.0,Ayee
2024-11-16 11:56,425,4.4,24.6,2.28,124.31,0,0.11,0.0,Ayee
2024-11-16 12:01,426,4.4,27.4,2.3,124.79,0,0.11,0.0,Ayee
2024-11-16 12:06,427,4.2,25.2,2.41,124.22,0,0.07,0.0,Ayee
2024-11-16 12:11,428,4.4,25.9,2.67,124.37,0,0.07,0.0,Ayee
2024-11-16 12:16,428,4.2,24.7,4.26,124.48,0,0.07,0.0,Ayee
2024-11-16 12:21,429,4.2,29.9,4.26,124.31,0,0.15,0.0,Ayee
2024-11-16 12:26,430,4.4,27.7,3.98,124.65,0,0.15,0.0,Ayee
2024-11-16 12:31,431,4.3,25.3,4.19,124.37,0,0.35,0.0,Ayee
2024-11-16 12:36,431,4.5,24.5,1.45,123.88,0,0.35,0.0,Ayee
2024-11-16 12:41,432,4.5,23.8,3.39,123.84,0,0.35,0.0,Ayee
2024-11-16 12:46,433,4.5,22.7,4.46,124.41,0,-0.03,0.0,Ayee
2024-11-16 12:51,434,4.6,22.2,2.65,123.69,0,-0.03,0.0,Ayee
2024-11-16 12:56,434,5.2,23.3,3.41,123.94,0,-0.03,0.0,Ayee
2024-11-16 13:01,435,5.1,21.4,3.89,123.29,0,0.34,0.0,Ayee
2024-11-16 13:06,436,5.0,21.7,2.49,123.5,0,0.34,0.0,Ayee
2024-11-16 13:11,437,5.4,23.2,3.54,123.03,0,0.04,0.0,Ayee
2024-11-16 13:16,438,5.2,21.0,2.94,123.65,0,0.04,0.0,Ayee
2024-11-16 13:21,438,5.4,22.5,1.32,123.9,0,0.04,0.0,Ayee
2024-11-16 13:26,439,5.3,23.6,3.03,123.63,0,0.04,0.0,Ayee
2024-11-16 13:31,440,5.2,21.2,3.98,124.07,0,0.04,0.0,Ayee
2024-11-16 13:36,441,5.4,21.3,4.57,123.58,0,0.14,0.0,Ayee
2024-11-16 13:41,441,5.3,22.3,2.58,124.26,0,0.14,0.0,Ayee
2024-11-16 13:46,442,5.3,22.7,3.97,123.24,0,0.14,0.0,Ayee
2024-11-16 13:51,443,5.3,21.6,3.54,123.07,0,0.05,0.0,Ayee
2024-11-16 13:56,444,5.4,22.2,3.0,123.54,0,0.05,0.0,Ayee
2024-11-16 14:01,444,5.3,20.8,4.67,125.39,0,0.05,0.0,Ayee
2024-11-16 14:06,445,5.4,21.7,3.22,125.43,0,0.27,0.0,Ayee
2024-11-16 14:11,446,5.3,19.4,3.28,125.47,0,0.27,0.0,Ayee
2024-11-16 14:16,447,5.5,19.1,3.46,125.39,0,0.11,0.0,Ayee
2024-11-16 14:21,448,5.5,21.8,3.11,124.33,0,0.11,0.0,Ayee
2024-11-16 14:26,448,5.6,18.5,2.64,123.65,0,0.11,0.0,Ayee
2024-11-16 14:31,449,5.4,18.8,2.16,123.67,0,0.34,0.0,Ayee
2024-11-16 14:36,450,5.3,21.2,3.5,124.05,0,0.34,0.0,Ayee
2024-11-16 14:41,451,5.3,20.5,4.58,123.5,0,0.11,0.0,Ayee
2024-11-16 14:46,452,5.4,20.9,2.87,123.37,0,0.11,0.0,Ayee
2024-11-16 14:51,452,5.3,22.4,5.28,123.84,0,0.11,0.0,Ayee
2024-11-16 14:56,453,5.3,22.0,1.65,123.86,0,0.23,0.0,Ayee
2024-11-16 15:01,454,5.4,20.6,1.37,124.39,0,0.23,0.0,Ayee
2024-11-16 15:06,455,5.4,20.2,3.14,124.26,0,0.04,0.0,Ayee
2024-11-16 15:11,455,5.5,20.6,5.69,124.11,0,0.04,0.0,Ayee
2024-11-16 15:16,456,5.3,19.1,3.94,124.2,0,0.04,0.0,Ayee
2024-11-16 15:21,457,5.3,20.5,1.24,124.09,0,0.22,0.0,Ayee
2024-11-16 15:26,458,5.5,21.1,4.29,124.24,0,0.22,0.0,Ayee
2024-11-16 15:31,458,5.3,21.6,4.48,124.37,0,0.22,0.0,Ayee
2024-11-16 15:36,459,5.0,23.8,4.03,124.33,0,0.13,0.0,Ayee
2024-11-16 15:41,460,5.0,22.7,3.24,124.45,0,0.13,0.0,Ayee
2024-11-16 15:46,461,5.0,22.5,4.26,124.31,0,0.04,0.0,Ayee
2024-11-16 15:51,462,5.1,22.2,2.47,124.43,0,0.04,0.0,Ayee
2024-11-16 15:56,462,5.1,23.0,3.06,124.6,0,0.04,0.0,Ayee
2024-11-16 16:01,463,4.9,21.5,3.24,124.11,0,0.06,0.0,Ayee
2024-11-16 16:06,464,5.0,22.1,1.43,124.82,0,0.06,0.0,Ayee
2024-11-16 16:11,465,4.7,23.5,2.76,124.54,0,-0.12,0.0,Ayee
2024-11-16 16:16,465,4.8,24.1,2.02,124.52,0,-0.12,0.0,Ayee
2024-11-16 16:21,466,4.8,23.2,1.47,124.07,0,-0.12,0.0,Ayee
2024-11-16 16:26,467,4.8,22.2,3.34,124.48,0,-0.06,0.0,Ayee
2024-11-16 16:31,468,4.8,23.0,2.03,123.48,0,-0.06,0.0,Ayee
2024-11-16 16:36,468,4.9,23.0,2.47,123.88,0,-0.06,0.0,Ayee
2024-11-16 16:41,469,4.7,24.6,2.78,123.99,0,-0.13,0.0,Ayee
2024-11-16 16:46,470,4.8,23.0,3.17,124.18,0,-0.13,0.0,Ayee
2024-11-16 16:51,471,4.8,22.9,2.12,123.97,0,-0.13,0.0,Ayee
2024-11-16 16:56,472,4.7,23.8,2.21,124.01,0,-0.13,0.0,Ayee
2024-11-16 17:01,472,4.6,23.3,2.1,123.8,0,-0.13,0.0,Ayee
2024-11-16 17:06,473,4.5,24.3,6.44,123.67,0,0.06,0.0,Ayee
2024-11-16 17:11,474,4.4,24.6,1.65,123.5,0,0.06,0.0,Ayee
2024-11-16 17:16,475,4.4,24.9,3.09,123.43,0,0.33,0.0,Ayee
2024-11-16 17:21,475,4.4,24.4,3.75,123.63,0,0.33,0.0,Ayee
2024-11-16 17:26,476,4.5,23.1,1.43,123.67,0,0.33,0.0,Ayee
2024-11-16 17:31,477,4.4,23.6,1.39,123.9,0,-0.3,0.0,Ayee
2024-11-16 17:36,478,4.3,24.9,2.75,123.24,0,-0.3,0.0,Ayee
2024-11-16 17:41,478,4.2,24.6,1.4,124.35,0,-0.3,0.0,Ayee
2024-11-16 17:46,479,4.2,24.2,2.43,124.01,0,-0.06,0.0,Ayee
2024-11-16 17:51,480,4.4,23.0,2.1,123.56,0,-0.06,0.0,Ayee
2024-11-16 17:56,481,4.2,23.9,1.4,123.63,0,-0.25,0.0,Ayee
2024-11-16 18:01,482,4.2,24.4,3.07,123.84,0,-0.25,0.0,Ayee
2024-11-16 18:06,482,4.2,24.5,1.5,124.24,0,-0.25,0.0,Ayee
2024-11-16 18:11,483,4.5,23.1,1.93,123.84,0,0.0,0.0,Ayee
2024-11-16 18:16,484,4.4,23.8,1.3,124.03,0,0.0,0.0,Ayee
2024-11-16 18:21,485,4.2,24.0,1.73,124.26,0,-0.16,0.0,Ayee
2024-11-16 18:26,486,4.3,23.8,2.08,123.65,0,-0.16,0.0,Ayee
2024-11-16 18:31,486,4.4,23.0,2.1,124.03,0,-0.16,0.0,Ayee
2024-11-16 18:36,487,4.3,24.0,3.01,123.54,0,0.13,0.0,Ayee
2024-11-16 18:41,488,4.3,24.0,3.02,124.14,0,0.13,0.0,Ayee
2024-11-16 18:46,488,4.2,24.2,2.38,123.97,0,0.13,0.0,Ayee
2024-11-16 18:51,489,4.1,24.6,1.05,124.01,0,-0.04,0.0,Ayee
2024-11-16 18:56,490,4.1,24.6,1.62,123.8,0,-0.04,0.0,Ayee
2024-11-16 19:01,491,4.2,24.6,1.92,123.94,0,-0.05,0.0,Ayee
2024-11-16 19:06,492,4.1,24.5,2.66,124.73,0,-0.05,0.0,Ayee
2024-11-16 19:11,492,4.2,24.4,1.65,124.58,0,-0.05,0.0,Ayee
2024-11-16 19:16,493,4.2,24.4,1.75,124.43,0,-0.12,0.0,Ayee
2024-11-16 19:21,494,4.2,25.5,2.61,124.14,0,-0.12,0.0,Ayee
2024-11-16 19:26,495,3.7,26.8,2.41,123.48,0,0.09,0.0,Ayee
2024-11-16 19:31,496,3.5,27.7,2.41,123.73,0,0.09,0.0,Ayee
2024-11-16 19:36,496,3.6,27.7,3.67,123.46,0,0.09,0.0,Ayee
2024-11-16 19:41,497,3.3,28.5,2.69,122.82,0,0.21,0.0,Ayee
2024-11-16 19:46,498,3.4,29.0,0.75,123.33,0,0.21,0.0,Ayee
2024-11-16 19:51,499,3.2,28.7,3.54,123.37,0,0.29,0.0,Ayee
2024-11-16 19:56,499,3.4,28.7,2.03,123.37,0,0.29,0.0,Ayee
2024-11-16 20:01,500,3.9,24.8,3.17,123.43,0,0.29,0.0,Ayee
2024-11-16 20:06,501,4.0,25.1,2.19,123.16,0,-0.25,0.0,Ayee
2024-11-16 20:11,502,4.4,23.1,1.4,123.24,0,-0.25,0.0,Ayee
2024-11-16 20:17,502,4.4,23.6,1.15,123.46,0,-0.25,0.0,Ayee
2024-11-16 20:22,503,4.2,25.3,2.54,123.58,0,0.08,0.0,Ayee
2024-11-16 20:27,504,3.8,27.7,8.32,122.99,0,0.08,0.0,Ayee
2024-11-16 20:32,505,3.9,25.5,4.4,123.77,0,0.31,0.0,Ayee
2024-11-16 20:37,506,4.0,25.9,2.12,123.75,0,0.31,0.0,Ayee
2024-11-16 20:42,506,4.2,24.1,1.71,124.24,0,0.31,0.0,Ayee
2024-11-16 20:47,507,3.9,26.0,0.64,122.88,0,-0.15,0.0,Ayee
2024-11-16 20:52,508,3.7,27.2,1.28,123.75,0,-0.15,0.0,Ayee
2024-11-16 20:57,509,3.4,29.2,2.25,123.73,0,0.01,0.0,Ayee
2024-11-16 21:02,509,3.0,31.0,0.77,123.33,0,0.01,0.0,Ayee
2024-11-16 21:07,510,2.9,30.3,0.81,123.67,0,0.01,0.0,Ayee
2024-11-16 21:12,511,2.9,30.0,1.18,123.46,0,-0.18,0.0,Ayee
2024-11-16 21:17,512,3.1,29.0,1.77,123.5,0,-0.18,0.0,Ayee
2024-11-16 21:22,512,3.4,28.5,2.85,123.26,0,-0.18,0.0,Ayee
2024-11-16 21:27,513,3.4,28.1,1.77,123.48,0,0.03,0.0,Ayee
2024-11-16 21:32,514,3.4,28.3,0.46,123.43,0,0.03,0.0,Ayee
2024-11-16 21:37,515,3.5,27.6,0.9,123.94,0,-0.07,0.0,Ayee
2024-11-16 21:42,516,3.4,27.3,0.66,123.2,0,-0.07,0.0,Ayee
2024-11-16 21:47,516,3.1,27.6,0.22,123.52,0,-0.07,0.0,Ayee
2024-11-16 21:52,517,3.3,28.3,2.03,123.35,0,-0.29,0.0,Ayee
2024-11-16 21:57,518,2.9,31.0,2.32,123.35,0,-0.29,0.0,Ayee
2024-11-16 22:02,519,2.8,30.2,1.0,122.86,0,-0.03,0.0,Ayee
2024-11-16 22:07,519,2.7,31.1,1.92,122.71,0,-0.03,0.0,Ayee
2024-11-16 22:12,520,2.5,31.7,2.84,122.92,0,-0.03,0.0,Ayee
2024-11-16 22:17,521,2.5,31.8,1.3,123.2,0,-0.07,0.0,Ayee
2024-11-16 22:22,522,2.9,31.1,0.44,123.2,0,-0.07,0.0,Ayee
2024-11-16 22:27,522,2.8,30.8,1.18,123.01,0,-0.07,0.0,Ayee
2024-11-16 22:32,523,2.6,31.7,0.76,123.58,0,0.12,0.0,Ayee
2024-11-16 22:37,524,2.6,31.5,1.53,123.33,0,0.12,0.0,Ayee
2024-11-16 22:42,525,2.5,31.3,1.02,123.63,0,-0.16,0.0,Ayee
2024-11-16 22:47,526,2.6,30.9,1.07,123.09,0,-0.16,0.0,Ayee
2024-11-16 22:52,526,2.6,30.9,0.07,123.46,0,-0.16,0.0,Ayee
2024-11-16 22:57,527,2.3,32.4,0.24,123.35,0,-0.26,0.0,Ayee
2024-11-16 23:02,528,2.2,33.4,0.11,123.48,0,-0.26,0.0,Ayee
2024-11-16 23:07,529,2.0,35.5,0.0,123.52,0,-0.29,0.0,Ayee
2024-11-16 23:12,530,1.8,36.1,0.11,123.14,0,-0.29,0.0,Ayee
2024-11-16 23:17,530,1.8,36.1,0.25,123.71,0,-0.29,0.0,Ayee
2024-11-16 23:22,531,1.5,35.8,0.38,123.05,0,-0.19,0.0,Ayee
2024-11-16 23:27,532,1.4,35.6,0.52,122.99,0,-0.19,0.0,Ayee
2024-11-16 23:32,533,1.5,35.5,0.11,123.63,0,-0.19,0.0,Ayee
2024-11-16 23:37,533,1.7,34.7,0.01,123.48,0,-0.2,0.0,Ayee
2024-11-16 23:42,534,1.7,35.5,0.0,123.54,0,-0.2,0.0,Ayee
2024-11-16 23:47,535,1.6,36.7,0.0,123.54,0,-0.22,0.0,Ayee
2024-11-16 23:52,536,1.4,36.8,0.0,123.54,0,-0.22,0.0,Ayee
2024-11-16 23:57,536,1.3,37.1,0.0,122.73,0,-0.22,0.0,Ayee
2024-11-17 0:02,537,1.4,36.8,0.16,122.71,0,-0.22,0.0,Ayee
2024-11-17 0:07,538,1.4,36.6,1.16,123.48,0,-0.22,0.0,Ayee
2024-11-17 0:12,539,1.5,37.0,0.29,122.86,0,-0.23,0.0,Ayee
2024-11-17 0:17,540,1.8,37.3,0.87,122.48,0,-0.23,0.0,Ayee
2024-11-17 0:22,540,1.9,37.7,1.9,123.05,0,-0.23,0.0,Ayee
2024-11-17 0:27,541,1.9,38.2,1.53,123.09,0,-0.1,0.0,Ayee
2024-11-17 0:32,542,1.9,38.8,0.0,122.71,0,-0.1,0.0,Ayee
2024-11-17 0:37,543,1.6,38.8,0.09,123.16,0,-0.27,0.0,Ayee
2024-11-17 0:42,543,1.7,39.9,0.33,123.56,0,-0.27,0.0,Ayee
2024-11-17 0:47,544,1.8,39.7,0.01,123.26,0,-0.27,0.0,Ayee
2024-11-17 0:52,545,1.7,39.5,0.0,123.26,0,-0.28,0.0,Ayee
2024-11-17 0:57,546,1.5,39.7,0.13,123.09,0,-0.28,0.0,Ayee
2024-11-17 1:02,546,1.5,39.5,0.4,123.48,0,-0.28,0.0,Ayee
2024-11-17 1:07,547,1.5,38.6,0.48,123.48,0,-0.2,0.0,Ayee
2024-11-17 1:12,548,1.5,40.3,0.22,123.43,0,-0.2,0.0,Ayee
2024-11-17 1:17,549,1.5,40.2,0.01,123.37,0,-0.27,0.0,Ayee
2024-11-17 1:22,550,1.5,40.5,0.68,123.33,0,-0.27,0.0,Ayee
2024-11-17 1:27,550,1.5,39.4,0.51,123.58,0,-0.27,0.0,Ayee
2024-11-17 1:32,551,1.5,40.4,0.0,123.65,0,-0.28,0.0,Ayee
2024-11-17 1:37,552,1.4,40.5,0.0,123.84,0,-0.28,0.0,Ayee
2024-11-17 1:42,553,1.2,40.9,0.0,123.69,0,-0.26,0.0,Ayee
2024-11-17 1:47,553,1.2,40.9,0.01,123.63,0,-0.26,0.0,Ayee
2024-11-17 1:52,554,1.2,41.1,0.14,123.69,0,-0.26,0.0,Ayee
2024-11-17 1:57,555,1.2,41.0,0.2,123.29,0,-0.21,0.0,Ayee
2024-11-17 2:02,556,1.2,42.4,0.4,123.46,0,-0.21,0.0,Ayee
2024-11-17 2:07,556,1.4,41.0,1.03,123.5,0,-0.21,0.0,Ayee
2024-11-17 2:12,557,1.3,41.1,0.0,123.67,0,-0.15,0.0,Ayee
2024-11-17 2:17,558,1.2,40.5,0.31,123.84,0,-0.15,0.0,Ayee
2024-11-17 2:22,559,1.2,40.2,0.16,123.18,0,-0.24,0.0,Ayee
2024-11-17 2:27,560,0.6,44.1,0.18,123.54,0,-0.24,0.0,Ayee
2024-11-17 2:32,560,0.4,44.6,0.98,123.48,0,-0.24,0.0,Ayee
2024-11-17 2:37,561,0.3,44.8,0.16,123.22,0,0.02,0.0,Ayee
2024-11-17 2:42,562,0.7,43.5,0.03,123.77,0,0.02,0.0,Ayee
2024-11-17 2:47,563,0.8,43.2,0.16,123.56,0,-0.18,0.0,Ayee
2024-11-17 2:52,563,0.8,43.1,0.07,123.73,0,-0.18,0.0,Ayee
2024-11-17 2:57,564,0.9,42.5,0.0,123.82,0,-0.18,0.0,Ayee
2024-11-17 3:02,565,0.8,43.9,0.0,123.77,0,-0.22,0.0,Ayee
2024-11-17 3:07,566,0.7,44.3,0.16,123.41,0,-0.22,0.0,Ayee
2024-11-17 3:12,566,0.5,44.5,0.0,123.48,0,-0.22,0.0,Ayee
2024-11-17 3:17,567,0.5,44.6,0.0,123.31,0,-0.2,0.0,Ayee
2024-11-17 3:22,568,0.2,45.1,0.0,123.41,0,-0.2,0.0,Ayee
2024-11-17 3:27,569,0.2,45.6,0.0,123.33,0,-0.18,0.0,Ayee
2024-11-17 3:32,570,0.1,46.4,0.0,123.67,0,-0.18,0.0,Ayee
2024-11-17 3:37,570,-0.1,46.2,0.68,123.65,0,-0.18,0.0,Ayee
2024-11-17 3:42,571,-0.1,47.1,0.0,123.37,0,-0.18,0.0,Ayee
2024-11-17 3:47,571,0.0,47.1,0.01,123.03,0,-0.18,0.0,Ayee
2024-11-17 3:52,571,-0.1,47.8,0.0,123.73,0,-0.19,0.0,Ayee
2024-11-17 3:57,572,-0.1,48.1,0.0,123.24,0,-0.19,0.0,Ayee
2024-11-17 4:02,573,-0.2,48.2,0.0,123.6,0,-0.19,0.0,Ayee
2024-11-17 4:07,573,-0.2,47.8,0.0,123.31,0,-0.19,0.0,Ayee
2024-11-17 4:12,573,-0.3,47.8,0.0,123.75,0,-0.19,0.0,Ayee
2024-11-17 4:17,573,-0.3,48.6,0.0,123.92,0,-0.19,0.0,Ayee
2024-11-17 4:22,573,-0.4,47.9,0.0,123.77,0,-0.19,0.0,Ayee
2024-11-17 4:27,573,-0.5,46.5,0.55,123.46,0,-0.19,0.0,Ayee
2024-11-17 4:32,573,-0.8,48.2,0.39,123.5,0,-0.19,0.0,Ayee
2024-11-17 4:37,573,-0.7,48.8,0.0,123.58,0,-0.19,0.0,Ayee
2024-11-17 4:42,573,-0.5,48.7,0.0,124.28,0,-0.19,0.0,Ayee
2024-11-17 4:47,573,-0.6,48.8,0.0,123.99,0,-0.19,0.0,Ayee
2024-11-17 4:52,573,-0.7,48.8,0.0,124.16,0,-0.19,0.0,Ayee
2024-11-17 4:57,573,-0.8,49.1,0.55,123.43,0,-0.19,0.0,Ayee
2024-11-17 5:02,573,-0.8,49.5,0.0,123.58,0,-0.19,0.0,Ayee
2024-11-17 5:07,573,-0.7,49.3,0.18,123.6,0,-0.19,0.0,Ayee
2024-11-17 5:12,573,-0.9,48.8,0.0,124.2,0,-0.19,0.0,Ayee
2024-11-17 5:17,573,-1.0,49.2,0.33,123.65,0,-0.19,0.0,Ayee
2024-11-17 5:22,573,-1.2,49.3,0.89,123.33,0,-0.19,0.0,Ayee
2024-11-17 5:27,573,-1.2,50.1,0.11,123.41,0,-0.19,0.0,Ayee
2024-11-17 5:32,573,-1.1,49.8,0.61,123.73,0,-0.19,0.0,Ayee
2024-11-17 5:37,573,-1.2,49.9,0.0,123.97,0,-0.19,0.0,Ayee
2024-11-17 5:42,573,-1.2,50.2,0.09,124.03,0,-0.19,0.0,Ayee
2024-11-17 5:47,573,-1.2,49.7,0.0,124.03,0,-0.19,0.0,Ayee
2024-11-17 5:52,573,-1.3,50.5,0.0,124.52,0,-0.19,0.0,Ayee
2024-11-17 5:57,573,-1.3,50.7,0.07,124.31,0,-0.19,0.0,Ayee
2024-11-17 6:02,573,-1.4,50.3,0.15,124.52,0,-0.19,0.0,Ayee
2024-11-17 6:07,573,-1.3,50.4,0.01,124.41,0,-0.19,0.0,Ayee
2024-11-17 6:12,573,-1.3,51.1,0.0,123.84,0,-0.19,0.0,Ayee
2024-11-17 6:17,573,-1.4,50.8,0.26,124.28,0,-0.19,0.0,Ayee
2024-11-17 6:22,573,-1.4,51.1,0.39,124.62,0,-0.19,0.0,Ayee
2024-11-17 6:27,573,-1.5,50.6,0.09,124.75,0,-0.19,0.0,Ayee
2024-11-17 6:32,573,-1.5,50.9,0.0,124.41,0,-0.19,0.0,Ayee
2024-11-17 6:37,573,-1.7,51.6,0.0,124.65,0,-0.19,0.0,Ayee
2024-11-17 6:42,573,-1.9,52.0,0.36,124.28,0,-0.19,0.0,Ayee
2024-11-17 6:47,573,-2.0,52.9,0.85,124.01,0,-0.19,0.0,Ayee
2024-11-17 6:52,573,-1.6,52.4,0.51,123.67,0,-0.19,0.0,Ayee
2024-11-17 6:57,573,-1.6,50.4,0.04,124.54,0,-0.19,0.0,Ayee
2024-11-17 7:02,573,-1.6,51.3,0.09,124.45,0,-0.19,0.0,Ayee
2024-11-17 7:07,573,-1.7,52.2,0.07,124.82,0,-0.19,0.0,Ayee
2024-11-17 7:12,573,-1.7,52.6,0.42,123.75,0,-0.19,0.0,Ayee
2024-11-17 7:17,573,-1.7,52.9,0.07,123.97,0,-0.19,0.0,Ayee
2024-11-17 7:22,573,-1.9,52.8,0.16,123.65,0,-0.19,0.0,Ayee
2024-11-17 7:27,573,-1.9,53.2,0.35,124.18,0,-0.19,0.0,Ayee
2024-11-17 7:32,573,-1.8,53.5,0.24,123.71,0,-0.19,0.0,Ayee
2024-11-17 7:37,573,-1.8,52.7,0.09,123.94,0,-0.19,0.0,Ayee
2024-11-17 7:42,573,-1.7,52.7,0.0,124.03,0,-0.19,0.0,Ayee
2024-11-17 7:47,573,-1.8,53.4,0.0,123.92,0,-0.19,0.0,Ayee
2024-11-17 7:52,573,-1.8,52.9,0.11,123.71,0,-0.19,0.0,Ayee
2024-11-17 7:57,573,-1.6,52.9,0.13,123.97,0,-0.19,0.0,Ayee
2024-11-17 8:02,573,-0.8,50.9,0.0,123.88,0,-0.19,0.0,Ayee
2024-11-17 8:07,573,-0.1,51.4,0.06,123.71,0,-0.19,0.0,Ayee
2024-11-17 8:12,573,0.3,49.3,0.0,123.86,0,-0.2,0.0,Ayee
2024-11-17 8:17,574,0.4,48.0,0.0,123.33,0,-0.2,0.0,Ayee
2024-11-17 8:22,575,0.8,46.4,0.0,124.14,0,-0.25,0.0,Ayee
2024-11-17 8:27,576,0.5,47.0,0.0,123.58,0,-0.25,0.0,Ayee
2024-11-17 8:32,576,1.0,45.9,0.0,123.9,0,-0.25,0.0,Ayee
2024-11-17 8:37,577,0.9,46.0,0.0,123.5,0,-0.27,0.0,Ayee
2024-11-17 8:42,578,1.5,44.7,0.0,123.24,0,-0.27,0.0,Ayee
2024-11-17 8:47,579,1.4,44.2,0.0,123.63,0,-0.3,0.0,Ayee
2024-11-17 8:52,579,1.2,45.3,0.11,123.16,0,-0.3,0.0,Ayee
2024-11-17 8:57,580,0.8,49.7,0.77,123.73,0,-0.3,0.0,Ayee
2024-11-17 9:02,581,0.7,48.0,0.7,123.43,0,-0.24,0.0,Ayee
2024-11-17 9:07,582,0.7,47.2,0.26,123.39,0,-0.24,0.0,Ayee
2024-11-17 9:12,582,0.6,50.9,1.11,123.33,0,-0.24,0.0,Ayee
2024-11-17 9:17,583,0.6,49.0,1.4,123.43,0,-0.16,0.0,Ayee
2024-11-17 9:22,584,0.4,48.3,2.73,123.46,0,-0.16,0.0,Ayee
2024-11-17 9:27,585,0.9,45.8,0.32,123.86,0,-0.24,0.0,Ayee
2024-11-17 9:32,586,0.8,46.6,0.06,123.39,0,-0.24,0.0,Ayee
2024-11-17 9:37,586,0.7,46.7,0.54,123.52,0,-0.24,0.0,Ayee
2024-11-17 9:42,587,1.3,44.4,0.22,123.67,0,-0.18,0.0,Ayee
2024-11-17 9:47,588,1.6,46.2,0.28,124.26,0,-0.18,0.0,Ayee
2024-11-17 9:52,589,1.6,45.6,1.64,123.09,0,0.07,0.0,Ayee
2024-11-17 9:57,589,1.5,43.1,0.04,123.8,0,0.07,0.0,Ayee
2024-11-17 10:02,590,1.5,44.9,1.05,123.54,0,0.07,0.0,Ayee
2024-11-17 10:07,591,1.6,43.8,1.19,123.69,0,-0.09,0.0,Ayee
2024-11-17 10:12,592,1.9,43.2,0.34,123.37,0,-0.09,0.0,Ayee
2024-11-17 10:17,592,1.8,43.4,1.0,123.33,0,-0.09,0.0,Ayee
2024-11-17 10:22,593,1.5,41.9,1.26,123.56,0,-0.04,0.0,Ayee
2024-11-17 10:27,594,1.8,43.6,1.31,123.9,0,-0.04,0.0,Ayee
2024-11-17 10:32,595,2.0,42.9,1.94,123.35,0,-0.19,0.0,Ayee
2024-11-17 10:37,596,2.2,39.1,0.21,123.01,0,-0.19,0.0,Ayee
2024-11-17 10:42,596,1.9,43.4,0.52,123.18,0,-0.19,0.0,Ayee
2024-11-17 10:47,597,1.7,38.9,1.09,123.5,0,-0.13,0.0,Ayee
2024-11-17 10:52,598,2.6,37.7,0.87,123.54,0,-0.13,0.0,Ayee
2024-11-17 10:57,599,2.3,36.8,0.39,123.29,0,-0.29,0.0,Ayee
2024-11-17 11:02,599,2.1,36.6,0.0,123.41,0,-0.29,0.0,Ayee
2024-11-17 11:07,600,2.1,39.7,2.2,123.52,0,-0.29,0.0,Ayee
2024-11-17 11:12,601,2.0,37.9,0.82,123.43,0,-0.19,0.0,Ayee
2024-11-17 11:17,602,2.2,37.0,1.56,123.97,0,-0.19,0.0,Ayee
2024-11-17 11:22,602,2.5,36.8,1.18,123.58,0,-0.19,0.0,Ayee
2024-11-17 11:27,603,2.6,34.9,0.0,123.12,0,-0.11,0.0,Ayee
2024-11-17 11:32,604,2.8,34.8,0.0,123.71,0,-0.11,0.0,Ayee
2024-11-17 11:37,605,2.9,35.6,1.28,123.22,0,-0.06,0.0,Ayee
2024-11-17 11:42,606,2.7,35.4,1.37,123.58,0,-0.06,0.0,Ayee
2024-11-17 11:47,606,3.2,34.6,1.94,123.29,0,-0.06,0.0,Ayee
2024-11-17 11:52,607,3.0,34.9,3.59,123.67,0,0.05,0.0,Ayee
2024-11-17 11:57,608,3.0,33.9,0.36,122.86,0,0.05,0.0,Ayee
2024-11-17 12:02,609,3.5,32.7,0.17,123.65,0,-0.22,0.0,Ayee
2024-11-17 12:07,610,3.4,33.3,3.85,123.41,0,-0.22,0.0,Ayee
2024-11-17 12:12,610,3.3,32.5,0.0,123.56,0,-0.22,0.0,Ayee
2024-11-17 12:17,611,3.1,32.3,0.33,123.69,0,0.07,0.0,Ayee
2024-11-17 12:22,612,3.4,31.7,1.5,122.92,0,0.07,0.0,Ayee
2024-11-17 12:27,613,3.2,32.1,0.29,123.07,0,-0.32,0.0,Ayee
2024-11-17 12:32,613,3.6,30.6,2.29,123.63,0,-0.32,0.0,Ayee
2024-11-17 12:37,614,3.8,32.4,2.47,123.2,0,-0.32,0.0,Ayee
2024-11-17 12:42,615,3.6,31.9,1.16,122.73,0,-0.38,0.0,Ayee
2024-11-17 12:47,616,3.6,33.2,1.96,123.33,0,-0.38,0.0,Ayee
2024-11-17 12:52,616,3.6,31.7,2.24,123.48,0,-0.38,0.0,Ayee
2024-11-17 12:57,617,3.7,27.6,1.89,123.16,0,0.23,0.0,Ayee
2024-11-17 13:02,618,3.5,29.8,1.86,122.82,0,0.23,0.0,Ayee
2024-11-17 13:07,619,3.9,27.6,1.76,123.05,0,-0.17,0.0,Ayee
2024-11-17 13:12,620,4.1,26.7,2.17,122.63,0,-0.17,0.0,Ayee
2024-11-17 13:17,620,3.8,29.9,4.35,122.65,0,-0.17,0.0,Ayee
2024-11-17 13:22,621,3.9,28.1,2.61,122.58,0,0.04,0.0,Ayee
2024-11-17 13:27,622,3.9,30.5,1.97,123.07,0,0.04,0.0,Ayee
2024-11-17 13:32,623,4.1,27.4,2.1,122.08,0,-0.09,0.0,Ayee
2024-11-17 13:37,623,4.2,22.4,1.43,122.46,0,-0.09,0.0,Ayee
2024-11-17 13:42,624,4.2,26.9,2.1,122.67,0,-0.09,0.0,Ayee
2024-11-17 13:47,625,4.2,24.5,3.85,123.05,0,0.03,0.0,Ayee
2024-11-17 13:52,626,4.2,23.0,1.73,122.92,0,0.03,0.0,Ayee
2024-11-17 13:57,626,4.3,23.1,1.97,123.09,0,0.03,0.0,Ayee
2024-11-17 14:02,627,4.3,23.1,1.85,122.84,0,-0.14,0.0,Ayee
2024-11-17 14:07,628,4.0,21.9,2.37,122.2,0,-0.14,0.0,Ayee
2024-11-17 14:12,629,4.2,21.4,0.53,122.48,0,-0.03,0.0,Ayee
2024-11-17 14:17,630,4.2,21.3,1.69,122.58,0,-0.03,0.0,Ayee
2024-11-17 14:22,630,4.1,20.6,0.0,122.14,0,-0.03,0.0,Ayee
2024-11-17 14:27,631,4.2,21.4,0.51,122.25,0,0.04,0.0,Ayee
2024-11-17 14:32,632,4.1,20.8,1.3,122.86,0,0.04,0.0,Ayee
2024-11-17 14:37,633,4.2,20.5,0.6,122.35,0,-0.25,0.0,Ayee
2024-11-17 14:42,633,4.2,21.6,0.75,122.37,0,-0.25,0.0,Ayee
2024-11-17 14:47,634,4.0,21.1,1.28,122.2,0,-0.25,0.0,Ayee
2024-11-17 14:52,635,4.1,19.8,0.96,122.63,0,-0.22,0.0,Ayee
2024-11-17 14:57,636,4.1,20.4,0.53,122.61,0,-0.22,0.0,Ayee
2024-11-17 15:02,636,4.1,20.5,1.24,122.65,0,-0.22,0.0,Ayee
2024-11-17 15:07,637,4.3,20.5,2.5,122.86,0,-0.15,0.0,Ayee
2024-11-17 15:12,638,4.2,19.7,1.62,122.56,0,-0.15,0.0,Ayee
2024-11-17 15:17,639,4.2,19.4,2.87,122.69,0,0.17,0.0,Ayee
2024-11-17 15:22,640,4.3,17.8,1.73,122.48,0,0.17,0.0,Ayee
2024-11-17 15:27,640,4.3,17.6,1.56,122.73,0,0.17,0.0,Ayee
2024-11-17 15:32,641,4.3,17.5,3.34,122.61,0,-0.04,0.0,Ayee
2024-11-17 15:37,642,4.2,18.6,3.33,122.48,0,-0.04,0.0,Ayee
2024-11-17 15:42,643,4.2,17.7,3.39,122.9,0,0.1,0.0,Ayee
2024-11-17 15:47,644,4.4,18.1,3.22,122.97,0,0.1,0.0,Ayee
2024-11-17 15:52,644,4.2,19.2,1.95,122.82,0,0.1,0.0,Ayee
2024-11-17 15:57,645,4.3,18.2,2.32,122.63,0,0.21,0.0,Ayee
2024-11-17 16:02,646,4.2,18.4,3.46,122.46,0,0.21,0.0,Ayee
2024-11-17 16:07,646,4.1,17.8,3.04,122.88,0,0.21,0.0,Ayee
2024-11-17 16:12,647,4.2,17.7,1.73,122.84,0,0.18,0.0,Ayee
2024-11-17 16:17,648,4.2,17.6,1.49,122.37,0,0.18,0.0,Ayee
2024-11-17 16:22,649,3.9,17.6,3.34,122.44,0,0.23,0.0,Ayee
2024-11-17 16:27,650,4.0,17.6,2.02,122.31,0,0.23,0.0,Ayee
2024-11-17 16:32,650,4.0,17.7,2.78,122.39,0,0.23,0.0,Ayee
2024-11-17 16:37,651,3.9,19.2,4.7,122.63,0,0.29,0.0,Ayee
2024-11-17 16:43,652,3.9,19.1,2.47,122.33,0,0.29,0.0,Ayee
2024-11-17 16:48,653,3.8,18.7,1.93,122.46,0,0.11,0.0,Ayee
2024-11-17 16:53,654,3.7,19.1,3.34,122.78,0,0.11,0.0,Ayee
2024-11-17 16:58,654,3.6,18.3,2.62,122.73,0,0.11,0.0,Ayee
2024-11-17 17:03,655,3.6,18.1,4.73,122.73,0,0.18,0.0,Ayee
2024-11-17 17:08,656,3.5,17.8,2.21,122.56,0,0.18,0.0,Ayee
2024-11-17 17:13,657,3.7,17.2,1.92,122.99,0,0.4,0.0,Ayee
2024-11-17 17:18,657,3.7,17.2,2.34,122.54,0,0.4,0.0,Ayee
2024-11-17 17:23,658,3.5,17.2,4.5,122.78,0,0.4,0.0,Ayee
2024-11-17 17:28,659,3.4,17.3,3.98,123.16,0,0.32,0.0,Ayee
2024-11-17 17:33,660,3.5,17.4,2.03,123.39,0,0.32,0.0,Ayee
2024-11-17 17:38,660,3.4,16.8,1.75,123.14,0,0.32,0.0,Ayee
2024-11-17 17:43,661,3.4,17.0,2.19,122.29,0,0.21,0.0,Ayee
2024-11-17 17:48,662,3.3,16.9,4.24,123.29,0,0.21,0.0,Ayee
2024-11-17 17:53,663,3.3,17.0,3.01,122.61,0,0.57,0.0,Ayee
2024-11-17 17:58,664,3.3,17.2,2.88,122.84,0,0.57,0.0,Ayee
2024-11-17 18:03,664,3.4,16.9,4.26,122.44,0,0.54,0.0,Ayee
2024-11-17 18:08,665,3.3,17.0,3.34,122.61,0,0.31,0.0,Ayee
2024-11-17 18:13,666,3.2,17.1,2.58,122.75,0,0.31,0.0,Ayee
2024-11-17 18:18,667,3.4,17.3,1.93,122.14,0,-0.02,0.0,Ayee
2024-11-17 18:23,667,3.4,17.1,2.73,122.63,0,-0.02,0.0,Ayee
2024-11-17 18:28,668,3.0,17.6,3.75,122.39,0,-0.02,0.0,Ayee
2024-11-17 18:33,669,3.0,17.6,1.79,122.48,0,0.28,0.0,Ayee
2024-11-17 18:38,670,3.0,18.2,2.45,122.52,0,0.28,0.0,Ayee
2024-11-17 18:43,670,2.9,18.0,3.01,122.61,0,0.28,0.0,Ayee
2024-11-17 18:48,671,2.9,18.1,2.34,122.75,0,0.31,0.0,Ayee
2024-11-17 18:53,672,3.0,17.8,1.17,122.48,0,0.31,0.0,Ayee
2024-11-17 18:58,673,3.0,18.0,2.89,122.56,0,-0.08,0.0,Ayee
2024-11-17 19:03,674,2.9,18.2,2.23,122.31,0,-0.08,0.0,Ayee
2024-11-17 19:08,674,2.9,18.2,3.69,122.27,0,-0.08,0.0,Ayee
2024-11-17 19:13,675,2.8,18.5,3.48,122.75,0,0.45,0.0,Ayee
2024-11-17 19:18,676,2.8,18.5,3.85,122.78,0,0.45,0.0,Ayee
2024-11-17 19:23,677,2.8,18.3,3.18,122.71,0,0.33,0.0,Ayee
2024-11-17 19:28,677,2.8,18.4,1.83,122.52,0,0.33,0.0,Ayee
2024-11-17 19:33,678,2.7,19.2,2.28,122.48,0,0.33,0.0,Ayee
2024-11-17 19:38,679,2.5,19.1,4.26,122.29,0,0.2,0.0,Ayee
2024-11-17 19:43,680,2.5,19.4,3.34,122.63,0,0.2,0.0,Ayee
2024-11-17 19:48,680,2.3,19.6,2.32,122.71,0,0.03,0.0,Ayee
2024-11-17 19:53,681,2.3,19.7,3.9,121.91,0,0.3,0.0,Ayee
2024-11-17 19:58,682,2.2,19.9,3.47,122.58,0,0.3,0.0,Ayee
2024-11-17 20:03,683,2.2,19.6,3.11,122.54,0,0.2,0.0,Ayee
2024-11-17 20:08,684,2.2,19.1,2.69,122.73,0,0.2,0.0,Ayee
2024-11-17 20:13,684,2.2,20.2,3.34,122.16,0,0.2,0.0,Ayee
2024-11-17 20:18,685,2.2,18.5,1.07,122.44,0,0.62,0.0,Ayee
2024-11-17 20:23,686,2.4,18.1,3.34,122.44,0,0.62,0.0,Ayee
2024-11-17 20:28,687,3.2,17.3,2.88,122.88,0,0.44,0.0,Ayee
2024-11-17 20:33,688,2.5,19.1,3.18,123.03,0,0.44,0.0,Ayee
2024-11-17 20:38,688,2.0,20.4,5.36,123.14,0,0.44,0.0,Ayee
2024-11-17 20:43,689,2.0,20.2,3.68,123.22,0,0.37,0.0,Ayee
2024-11-17 20:48,690,1.9,19.9,2.54,122.8,0,0.37,0.0,Ayee
2024-11-17 20:53,691,2.0,20.0,3.24,123.12,0,0.37,0.0,Ayee
2024-11-17 20:58,691,2.2,19.3,0.9,123.07,0,0.42,0.0,Ayee
2024-11-17 21:03,692,2.3,19.0,2.21,123.35,0,0.42,0.0,Ayee
2024-11-17 21:08,693,2.1,20.1,3.63,122.54,0,0.11,0.0,Ayee
2024-11-17 21:13,694,1.9,20.4,1.03,123.07,0,0.11,0.0,Ayee
2024-11-17 21:18,694,1.7,20.6,3.51,123.05,0,0.11,0.0,Ayee
2024-11-17 21:23,695,1.8,19.9,2.22,123.12,0,0.43,0.0,Ayee
2024-11-17 21:28,696,1.7,19.9,2.45,123.35,0,0.43,0.0,Ayee
2024-11-17 21:33,697,1.7,20.1,3.36,123.31,0,0.8,0.0,Ayee
2024-11-17 21:38,698,2.2,18.9,5.36,123.09,0,0.8,0.0,Ayee
2024-11-17 21:43,698,2.3,18.6,2.16,123.01,0,0.8,0.0,Ayee
2024-11-17 21:48,699,1.8,19.9,3.12,123.14,0,0.25,0.0,Ayee
2024-11-17 21:53,700,1.4,20.8,3.64,123.35,0,0.25,0.0,Ayee
2024-11-17 21:58,701,1.6,20.5,4.47,123.35,0,0.68,0.0,Ayee
2024-11-17 22:03,701,1.4,20.6,2.57,122.61,0,0.68,0.0,Ayee
2024-11-17 22:08,702,1.5,20.6,4.33,123.65,0,0.68,0.0,Ayee
2024-11-17 22:13,703,2.2,19.2,2.79,123.03,0,0.3,0.0,Ayee
2024-11-17 22:18,704,1.5,20.9,2.19,121.97,0,0.3,0.0,Ayee
2024-11-17 22:23,704,1.2,21.0,3.06,121.57,0,0.3,0.0,Ayee
2024-11-17 22:28,705,1.1,21.0,3.01,122.2,0,0.59,0.0,Ayee
2024-11-17 22:33,706,1.5,20.1,1.54,122.95,0,0.59,0.0,Ayee
2024-11-17 22:38,707,1.5,20.1,2.25,122.75,0,0.39,0.0,Ayee
2024-11-17 22:43,708,1.3,21.0,4.58,122.95,0,0.39,0.0,Ayee
2024-11-17 22:48,708,1.2,21.0,2.23,123.01,0,0.39,0.0,Ayee
2024-11-17 22:53,709,1.1,21.1,0.91,122.58,0,0.4,0.0,Ayee
2024-11-17 22:58,710,1.1,22.0,2.89,123.31,0,0.4,0.0,Ayee
2024-11-17 23:03,711,1.4,20.1,3.18,122.99,0,0.66,0.0,Ayee
2024-11-17 23:08,711,1.6,19.6,1.34,123.14,0,0.66,0.0,Ayee
2024-11-17 23:13,712,1.0,21.0,0.54,123.26,0,0.66,0.0,Ayee
2024-11-17 23:18,713,1.7,19.1,0.18,123.24,0,0.07,0.0,Ayee
2024-11-17 23:23,714,1.3,20.4,0.91,123.18,0,0.07,0.0,Ayee
2024-11-17 23:28,714,1.2,20.8,3.61,123.24,0,0.07,0.0,Ayee
2024-11-17 23:33,715,1.2,20.4,2.66,122.99,0,0.24,0.0,Ayee
2024-11-17 23:38,716,0.9,21.0,1.95,123.56,0,0.24,0.0,Ayee
2024-11-17 23:43,717,0.9,21.9,0.0,122.88,0,0.14,0.0,Ayee
2024-11-17 23:48,718,1.0,20.2,0.24,123.46,0,0.14,0.0,Ayee
2024-11-17 23:53,718,0.6,22.2,0.98,123.24,0,0.14,0.0,Ayee
2024-11-17 23:58,719,0.5,23.1,3.63,122.9,0,0.73,0.0,Ayee
2024-11-18 0:03,720,0.7,21.3,0.92,123.12,0,0.73,0.0,Ayee
2024-11-18 0:08,721,1.0,21.5,0.03,122.75,0,0.02,0.0,Ayee
2024-11-18 0:13,722,0.8,21.3,0.29,123.52,0,0.02,0.0,Ayee
2024-11-18 0:18,722,0.7,20.3,1.21,123.24,0,0.02,0.0,Ayee
2024-11-18 0:23,723,0.8,20.2,0.0,123.26,0,0.1,0.0,Ayee
2024-11-18 0:28,724,0.7,21.4,0.74,122.88,0,0.1,0.0,Ayee
2024-11-18 0:33,724,0.8,20.4,0.0,123.41,0,0.1,0.0,Ayee
2024-11-18 0:38,725,0.9,21.0,0.0,123.58,0,0.0,0.0,Ayee
2024-11-18 0:43,726,0.4,21.6,0.0,122.8,0,0.0,0.0,Ayee
2024-11-18 0:48,727,0.3,20.7,0.0,123.29,0,0.07,0.0,Ayee
2024-11-18 0:53,728,0.4,21.0,0.11,123.26,0,0.07,0.0,Ayee
2024-11-18 0:58,728,0.3,21.0,0.09,123.26,0,0.07,0.0,Ayee
2024-11-18 1:03,729,0.3,21.4,0.07,122.88,0,0.05,0.0,Ayee
2024-11-18 1:08,730,0.3,21.5,0.0,123.03,0,0.05,0.0,Ayee
2024-11-18 1:13,731,0.1,22.2,0.0,122.73,0,0.08,0.0,Ayee
2024-11-18 1:18,732,0.0,22.2,0.01,123.5,0,0.08,0.0,Ayee
2024-11-18 1:23,732,0.2,22.0,0.03,123.94,0,0.08,0.0,Ayee
2024-11-18 1:28,733,0.2,22.9,0.39,123.58,0,0.08,0.0,Ayee
2024-11-18 1:33,734,0.0,22.1,1.03,124.16,0,0.08,0.0,Ayee
2024-11-18 1:38,735,-0.2,21.4,0.51,124.37,0,0.08,0.0,Ayee
2024-11-18 1:43,735,-0.1,21.9,0.04,124.24,0,0.08,0.0,Ayee
2024-11-18 1:48,735,0.0,21.7,0.07,123.86,0,0.08,0.0,Ayee
2024-11-18 1:53,735,-0.2,22.1,0.13,124.88,0,0.08,0.0,Ayee
2024-11-18 1:58,735,-0.2,22.2,0.0,124.37,0,0.08,0.0,Ayee
2024-11-18 2:03,735,-0.2,22.0,0.09,123.48,0,0.08,0.0,Ayee
2024-11-18 2:08,735,-0.3,22.1,0.61,123.75,0,0.08,0.0,Ayee
2024-11-18 2:13,735,-0.1,21.9,0.31,123.84,0,0.08,0.0,Ayee
2024-11-18 2:18,735,-0.2,22.9,0.0,123.8,0,0.08,0.0,Ayee
2024-11-18 2:23,735,-0.3,22.9,0.07,123.52,0,0.08,0.0,Ayee
2024-11-18 2:28,735,-0.4,23.2,0.0,122.69,0,0.08,0.0,Ayee
2024-11-18 2:33,735,-0.5,23.2,0.01,122.99,0,0.08,0.0,Ayee
2024-11-18 2:38,735,-0.5,23.2,0.01,123.18,0,0.08,0.0,Ayee
2024-11-18 2:43,735,-0.6,23.5,0.38,123.01,0,0.08,0.0,Ayee
2024-11-18 2:48,735,-0.6,23.6,0.4,123.03,0,0.08,0.0,Ayee
2024-11-18 2:53,735,-0.6,23.6,0.53,123.05,0,0.08,0.0,Ayee
2024-11-18 2:58,735,-0.8,24.0,1.13,123.03,0,0.08,0.0,Ayee
2024-11-18 3:03,735,-0.7,24.0,0.05,123.29,0,0.08,0.0,Ayee
2024-11-18 3:08,735,-0.7,24.1,0.28,122.88,0,0.08,0.0,Ayee
2024-11-18 3:13,735,-0.7,24.4,0.07,123.39,0,0.08,0.0,Ayee
2024-11-18 3:18,735,-0.9,23.9,0.4,122.31,0,0.08,0.0,Ayee
2024-11-18 3:23,735,-1.0,24.0,0.31,121.61,0,0.08,0.0,Ayee
2024-11-18 3:28,735,-0.9,23.9,0.15,121.97,0,0.08,0.0,Ayee
2024-11-18 3:33,735,-0.7,24.0,0.18,122.16,0,0.08,0.0,Ayee
2024-11-18 3:38,735,-0.6,23.8,0.36,122.25,0,0.08,0.0,Ayee
2024-11-18 3:43,735,-0.7,24.2,0.68,122.33,0,0.08,0.0,Ayee
2024-11-18 3:48,735,-0.9,24.4,0.72,122.05,0,0.08,0.0,Ayee
2024-11-18 3:53,735,-1.0,24.6,0.89,121.69,0,0.08,0.0,Ayee
2024-11-18 3:58,735,-1.1,24.9,0.79,121.71,0,0.08,0.0,Ayee
2024-11-18 4:03,735,-1.0,24.9,0.0,121.37,0,0.08,0.0,Ayee
2024-11-18 4:08,735,-1.1,25.0,0.57,121.48,0,0.08,0.0,Ayee
2024-11-18 4:13,735,-1.2,25.1,1.47,121.65,0,0.08,0.0,Ayee
2024-11-18 4:18,735,-1.2,24.4,0.57,121.23,0,0.08,0.0,Ayee
2024-11-18 4:23,735,-1.1,24.1,1.38,121.35,0,0.08,0.0,Ayee
2024-11-18 4:28,735,-1.0,24.0,0.0,122.14,0,0.08,0.0,Ayee
2024-11-18 4:33,735,-1.0,24.3,0.79,121.48,0,0.08,0.0,Ayee
2024-11-18 4:38,735,-1.2,24.7,1.07,121.82,0,0.08,0.0,Ayee
2024-11-18 4:43,735,-1.3,24.5,1.27,121.16,0,0.08,0.0,Ayee
2024-11-18 4:48,735,-1.1,24.5,0.34,122.31,0,0.08,0.0,Ayee
2024-11-18 4:53,735,-1.2,24.5,0.13,122.37,0,0.08,0.0,Ayee
2024-11-18 4:58,735,-1.4,25.2,1.31,122.37,0,0.08,0.0,Ayee
2024-11-18 5:03,735,-1.5,25.2,0.26,122.01,0,0.08,0.0,Ayee
2024-11-18 5:08,735,-1.4,25.2,0.57,121.74,0,0.08,0.0,Ayee
2024-11-18 5:13,735,-1.4,24.6,1.15,122.35,0,0.08,0.0,Ayee
2024-11-18 5:18,735,-1.4,25.0,0.0,122.54,0,0.08,0.0,Ayee
2024-11-18 5:23,735,-1.4,25.2,0.22,122.16,0,0.08,0.0,Ayee
2024-11-18 5:28,735,-1.6,26.0,1.6,121.99,0,0.08,0.0,Ayee
2024-11-18 5:33,735,-1.7,26.2,0.7,122.5,0,0.08,0.0,Ayee
2024-11-18 5:38,735,-1.5,26.3,1.19,122.73,0,0.08,0.0,Ayee
2024-11-18 5:43,735,-1.6,26.7,1.09,122.12,0,0.08,0.0,Ayee
2024-11-18 5:48,735,-1.6,27.0,0.64,122.39,0,0.08,0.0,Ayee
2024-11-18 5:53,735,-1.7,26.8,0.61,122.33,0,0.08,0.0,Ayee
2024-11-18 5:58,735,-1.7,27.1,0.81,122.37,0,0.08,0.0,Ayee
2024-11-18 6:03,735,-1.7,27.1,0.54,122.42,0,0.08,0.0,Ayee
2024-11-18 6:08,735,-1.6,27.2,0.52,122.14,0,0.08,0.0,Ayee
2024-11-18 6:13,735,-1.9,27.2,1.43,122.52,0,0.08,0.0,Ayee
2024-11-18 6:18,735,-2.0,27.4,1.07,122.54,0,0.08,0.0,Ayee
2024-11-18 6:23,735,-2.0,27.2,0.89,122.46,0,0.08,0.0,Ayee
2024-11-18 6:28,735,-1.9,27.6,0.83,122.71,0,0.08,0.0,Ayee
2024-11-18 6:33,735,-1.9,27.4,1.17,123.22,0,0.08,0.0,Ayee
2024-11-18 6:38,735,-2.0,27.6,1.77,122.86,0,0.49,0.0,Ayee
2024-11-18 6:43,735,-1.9,27.1,1.64,122.82,0,0.49,0.0,Ayee
2024-11-18 6:48,736,-2.0,28.0,0.28,122.65,0,0.49,0.0,Ayee
2024-11-18 6:53,737,-1.9,27.4,0.0,122.56,0,0.49,0.0,Ayee
2024-11-18 6:58,737,-1.8,27.8,0.66,122.69,0,0.49,0.0,Ayee
2024-11-18 7:03,737,-2.1,28.0,1.19,122.56,0,0.49,0.0,Ayee
2024-11-18 7:08,737,-2.3,28.4,0.85,122.52,0,0.49,0.0,Ayee
2024-11-18 7:13,737,-2.2,27.6,0.31,122.27,0,0.49,0.0,Ayee
2024-11-18 7:18,737,-2.1,27.4,0.15,122.54,0,0.49,0.0,Ayee
2024-11-18 7:23,737,-2.0,27.5,0.89,122.71,0,0.49,0.0,Ayee
2024-11-18 7:28,737,-2.0,27.4,0.91,122.46,0,0.49,0.0,Ayee
2024-11-18 7:33,737,-2.1,28.2,0.91,122.71,0,0.49,0.0,Ayee
2024-11-18 7:38,737,-2.0,28.2,0.74,122.52,0,0.49,0.0,Ayee
2024-11-18 7:43,737,-2.0,28.2,0.93,122.56,0,0.49,0.0,Ayee
2024-11-18 7:48,737,-2.1,28.4,0.98,122.75,0,0.49,0.0,Ayee
2024-11-18 7:53,737,-2.0,28.3,1.14,122.58,0,0.49,0.0,Ayee
2024-11-18 7:58,737,-1.6,27.7,0.51,122.71,0,0.49,0.0,Ayee
2024-11-18 8:03,737,-0.4,25.8,0.0,123.01,0,0.49,0.0,Ayee
2024-11-18 8:08,737,1.0,23.8,0.0,122.2,0,0.03,0.0,Ayee
2024-11-18 8:13,738,1.8,24.4,0.0,122.5,0,0.03,0.0,Ayee
2024-11-18 8:18,739,2.5,21.8,0.0,122.35,0,-0.18,0.0,Ayee
2024-11-18 8:23,739,3.2,20.8,0.0,122.75,0,-0.18,0.0,Ayee
2024-11-18 8:28,740,3.0,21.4,0.0,122.78,0,-0.18,0.0,Ayee
2024-11-18 8:33,741,2.9,22.2,0.0,122.39,0,-0.24,0.0,Ayee
2024-11-18 8:38,742,2.6,22.4,0.0,121.86,0,-0.24,0.0,Ayee
2024-11-18 8:43,742,2.9,22.6,0.0,122.5,0,-0.24,0.0,Ayee
2024-11-18 8:48,743,2.6,22.0,0.0,122.01,0,-0.21,0.0,Ayee
2024-11-18 8:53,744,2.0,24.7,0.84,121.44,0,-0.02,0.0,Ayee
2024-11-18 8:58,744,1.0,27.7,0.31,120.04,0,-0.03,0.0,Ayee
2024-11-18 9:03,744,0.8,27.7,0.0,120.52,0,-0.06,0.0,Ayee
2024-11-18 9:08,744,1.1,26.9,0.0,121.31,0,-0.09,0.0,Ayee
2024-11-18 9:13,744,1.5,25.7,0.0,121.29,0,-0.12,0.0,Ayee
2024-11-18 9:18,744,0.9,28.3,0.53,121.46,0,0.01,0.0,Ayee
2024-11-18 9:23,744,0.7,28.3,1.14,121.18,0,0.13,0.0,Ayee
2024-11-18 9:28,744,0.8,28.7,1.82,121.48,0,0.23,0.0,Ayee
2024-11-18 9:33,744,0.7,29.0,1.79,120.95,0,0.23,0.0,Ayee
2024-11-18 9:38,744,0.8,28.2,1.68,121.91,0,0.21,0.0,Ayee
2024-11-18 9:43,744,0.9,28.0,1.33,121.91,0,0.19,0.0,Ayee
2024-11-18 9:48,745,1.0,27.5,2.6,121.61,0,0.18,0.0,Ayee
2024-11-18 9:53,746,1.4,26.7,2.09,121.52,0,0.18,0.0,Ayee
2024-11-18 9:58,746,1.2,25.7,1.4,121.18,0,0.15,0.0,Ayee
2024-11-18 10:03,746,1.8,26.1,1.13,121.8,0,0.12,0.0,Ayee
2024-11-18 10:08,747,1.8,27.2,1.38,121.8,0,0.05,0.0,Ayee
2024-11-18 10:13,748,1.8,23.8,0.0,121.52,0,0.05,0.0,Ayee
2024-11-18 10:18,748,2.6,24.4,0.98,121.65,0,-0.14,0.0,Ayee
2024-11-18 10:23,749,2.5,25.1,2.16,121.48,0,-0.15,0.0,Ayee
2024-11-18 10:28,750,2.4,25.1,0.35,121.27,0,-0.15,0.0,Ayee
2024-11-18 10:33,751,2.1,26.9,0.45,121.63,0,-0.09,0.0,Ayee
2024-11-18 10:38,751,2.0,28.6,1.13,121.16,0,-0.09,0.0,Ayee
2024-11-18 10:43,752,2.1,28.0,0.22,121.54,0,-0.09,0.0,Ayee
2024-11-18 10:48,753,2.4,27.1,0.0,121.93,0,-0.05,0.0,Ayee
2024-11-18 10:53,754,2.3,29.6,1.68,121.76,0,-0.05,0.0,Ayee
2024-11-18 10:58,754,2.3,30.1,1.65,122.08,0,0.07,0.0,Ayee
2024-11-18 11:03,755,2.4,25.5,0.0,122.03,0,0.06,0.0,Ayee
2024-11-18 11:08,756,2.9,25.4,2.64,121.48,0,0.06,0.0,Ayee
2024-11-18 11:13,757,2.7,27.1,1.08,122.03,0,-0.21,0.0,Ayee
2024-11-18 11:18,758,2.7,27.7,2.23,122.08,0,-0.21,0.0,Ayee
2024-11-18 11:23,758,2.9,26.7,0.97,121.95,0,-0.16,0.0,Ayee
2024-11-18 11:28,759,2.9,25.6,2.07,121.86,0,-0.04,0.0,Ayee
2024-11-18 11:33,760,2.9,28.3,2.61,121.71,0,-0.04,0.0,Ayee
2024-11-18 11:38,760,3.0,24.3,0.0,121.67,0,0.05,0.0,Ayee
2024-11-18 11:43,761,2.8,25.9,0.21,122.18,0,-0.24,0.0,Ayee
2024-11-18 11:48,762,3.1,24.9,1.19,122.44,0,-0.24,0.0,Ayee
2024-11-18 11:53,763,3.2,23.5,0.43,122.2,0,-0.19,0.0,Ayee
2024-11-18 11:58,764,2.8,25.9,2.91,121.86,0,-0.19,0.0,Ayee
2024-11-18 12:03,764,3.0,22.8,0.0,121.54,0,-0.25,0.0,Ayee
2024-11-18 12:08,765,3.5,26.4,0.49,121.4,0,-0.26,0.0,Ayee
2024-11-18 12:13,765,2.9,26.4,1.45,121.46,0,-0.26,0.0,Ayee
2024-11-18 12:18,766,3.7,22.1,0.43,121.46,0,-0.26,0.0,Ayee
2024-11-18 12:23,767,3.9,22.4,0.62,121.59,0,-0.26,0.0,Ayee
2024-11-18 12:28,768,4.0,21.3,0.08,121.71,0,-0.26,0.0,Ayee
2024-11-18 12:33,768,3.5,22.2,2.5,121.65,0,-0.27,0.0,Ayee
2024-11-18 12:38,769,3.5,21.2,0.0,122.22,0,0.01,0.0,Ayee
2024-11-18 12:43,770,4.0,20.9,0.47,122.35,0,0.01,0.0,Ayee
2024-11-18 12:48,771,4.2,20.4,0.73,122.52,0,-0.32,0.0,Ayee
2024-11-18 12:53,772,3.9,20.9,0.4,121.8,0,-0.32,0.0,Ayee
2024-11-18 12:59,772,4.0,20.9,0.69,122.29,0,-0.32,0.0,Ayee
2024-11-18 13:04,773,3.7,21.9,1.72,122.42,0,-0.26,0.0,Ayee
2024-11-18 13:09,774,4.0,20.9,1.39,122.08,0,-0.26,0.0,Ayee
2024-11-18 13:14,775,4.0,20.0,0.0,121.93,0,-0.3,0.0,Ayee
2024-11-18 13:19,775,4.0,22.8,1.2,121.88,0,-0.3,0.0,Ayee
2024-11-18 13:24,776,3.6,20.8,1.24,121.57,0,0.25,0.0,Ayee
2024-11-18 13:29,777,3.7,19.5,0.43,121.29,0,-0.24,0.0,Ayee
2024-11-18 13:34,778,4.1,20.8,0.0,121.54,0,-0.24,0.0,Ayee
2024-11-18 13:39,778,4.0,21.3,0.14,121.76,0,-0.32,0.0,Ayee
2024-11-18 13:44,778,4.1,20.4,1.83,121.03,0,-0.14,0.0,Ayee
2024-11-18 13:49,779,4.1,19.7,0.16,122.12,0,-0.27,0.0,Ayee
2024-11-18 13:54,780,4.4,18.1,0.0,121.74,0,-0.27,0.0,Ayee
2024-11-18 13:59,781,4.3,18.4,0.23,121.4,0,-0.3,0.0,Ayee
2024-11-18 14:04,781,4.2,17.8,0.41,122.61,0,-0.3,0.0,Ayee
2024-11-18 14:09,782,4.1,18.7,0.25,121.76,0,0.0,0.0,Ayee
2024-11-18 14:14,783,4.0,19.8,0.0,121.74,0,-0.06,0.0,Ayee
2024-11-18 14:19,784,4.1,17.8,0.38,121.82,0,-0.06,0.0,Ayee
2024-11-18 14:24,784,4.1,17.3,0.9,121.95,0,-0.06,0.0,Ayee
2024-11-18 14:29,785,4.1,17.4,0.01,122.29,0,-0.23,0.0,Ayee
2024-11-18 14:34,786,4.1,18.6,1.41,121.71,0,-0.21,0.0,Ayee
2024-11-18 14:39,787,4.1,17.4,0.01,122.35,0,-0.2,0.0,Ayee
2024-11-18 14:44,788,4.1,16.0,0.56,121.61,0,-0.2,0.0,Ayee
2024-11-18 14:49,788,4.1,15.8,0.29,122.52,0,-0.2,0.0,Ayee
2024-11-18 14:54,789,4.1,15.7,0.58,122.46,0,-0.19,0.0,Ayee
2024-11-18 14:59,790,4.2,15.6,0.33,122.42,0,-0.19,0.0,Ayee
2024-11-18 15:04,791,4.1,15.0,0.47,122.97,0,-0.08,0.0,Ayee
2024-11-18 15:09,791,4.1,14.4,0.6,122.16,0,-0.08,0.0,Ayee
2024-11-18 15:14,792,4.1,15.4,0.31,122.37,0,-0.08,0.0,Ayee
2024-11-18 15:19,793,3.9,15.0,1.14,122.14,0,-0.12,0.0,Ayee
2024-11-18 15:24,794,4.0,14.1,0.81,122.08,0,-0.12,0.0,Ayee
2024-11-18 15:29,794,4.1,14.0,0.47,122.27,0,-0.12,0.0,Ayee
2024-11-18 15:34,795,4.1,14.2,0.05,122.2,0,-0.16,0.0,Ayee
2024-11-18 15:39,796,3.8,13.7,0.0,124.58,0,-0.16,0.0,Ayee
2024-11-18 15:44,797,4.0,13.9,0.38,124.96,0,-0.13,0.0,Ayee
2024-11-18 15:49,798,4.0,13.6,0.4,124.5,0,-0.13,0.0,Ayee
2024-11-18 15:54,798,4.0,13.7,0.32,115.83,0,-0.13,0.0,Ayee
2024-11-18 15:59,798,4.0,13.9,0.4,118.46,0,-0.2,0.0,Ayee
2024-11-18 16:04,798,3.9,14.3,0.0,118.97,0,-0.26,0.0,Ayee
2024-11-18 16:09,798,3.8,13.7,0.62,120.29,0,-0.14,0.0,Ayee
2024-11-18 16:14,798,3.8,13.7,0.33,119.55,0,-0.19,0.0,Ayee
2024-11-18 16:19,798,3.8,13.7,0.27,117.83,0,-0.2,0.0,Ayee
2024-11-18 16:24,798,3.8,13.6,0.38,120.06,0,-0.18,0.0,Ayee
2024-11-18 16:29,798,3.6,13.6,0.53,121.25,0,-0.13,0.0,Ayee
2024-11-18 16:34,798,3.8,13.7,0.73,121.35,0,-0.12,0.0,Ayee
2024-11-18 16:39,798,3.7,13.6,0.44,119.82,0,-0.16,0.0,Ayee
2024-11-18 16:44,798,3.5,13.7,1.43,121.54,0,0.03,0.0,Ayee
2024-11-18 16:49,798,3.4,14.0,0.38,120.74,0,-0.14,0.0,Ayee
2024-11-18 16:54,798,3.5,13.9,2.38,121.97,0,0.18,0.0,Ayee
2024-11-18 16:59,798,3.8,13.8,1.07,121.08,0,-0.06,0.0,Ayee
2024-11-18 17:04,798,3.4,14.1,0.38,121.61,0,-0.14,0.0,Ayee
2024-11-18 17:09,798,3.6,13.9,0.25,120.95,0,-0.18,0.0,Ayee
2024-11-18 17:14,798,3.3,14.5,0.0,121.97,0,-0.19,0.0,Ayee
2024-11-18 17:19,798,3.1,14.4,0.48,121.1,0,-0.09,0.0,Ayee
2024-11-18 17:24,798,2.9,15.4,0.53,121.1,0,-0.07,0.0,Ayee
2024-11-18 17:29,798,3.2,15.3,2.25,121.14,0,0.18,0.0,Ayee
2024-11-18 17:34,798,3.4,14.4,0.76,121.18,0,-0.08,0.0,Ayee
2024-11-18 17:39,798,3.3,14.4,1.84,120.27,0,0.11,0.0,Ayee
2024-11-18 17:44,798,3.3,14.5,2.17,121.48,0,0.17,0.0,Ayee
2024-11-18 17:49,798,3.2,14.7,3.56,121.74,0,0.41,0.0,Ayee
2024-11-18 17:54,798,3.3,14.7,1.95,120.99,0,0.13,0.0,Ayee
2024-11-18 17:59,798,3.4,14.5,2.01,120.84,0,0.13,0.0,Ayee
2024-11-18 18:04,798,3.3,14.6,4.35,121.14,0,0.53,0.0,Ayee
2024-11-18 18:09,798,3.4,14.5,2.01,121.27,0,0.13,0.0,Ayee
2024-11-18 18:14,798,3.2,14.9,3.87,121.59,0,0.45,0.0,Ayee
2024-11-18 18:19,798,3.1,15.2,3.01,120.44,0,0.32,0.0,Ayee
2024-11-18 18:24,798,3.1,15.1,3.47,121.69,0,0.4,0.0,Ayee
2024-11-18 18:29,798,3.1,15.2,2.72,121.35,0,0.27,0.0,Ayee
2024-11-18 18:34,798,2.9,15.5,2.16,121.57,0,0.2,0.0,Ayee
2024-11-18 18:39,798,3.0,15.4,1.0,121.84,0,-0.01,0.0,Ayee
2024-11-18 18:44,798,3.0,15.2,2.01,120.91,0,0.16,0.0,Ayee
2024-11-18 18:49,798,2.9,15.2,1.02,120.72,0,0.01,0.0,Ayee
2024-11-18 18:54,798,2.9,15.2,1.07,120.44,0,0.02,0.0,Ayee
2024-11-18 18:59,798,3.1,15.5,1.36,119.85,0,0.04,0.0,Ayee
2024-11-18 19:04,798,3.0,15.5,1.17,120.12,0,0.02,0.0,Ayee
2024-11-18 19:09,798,2.9,16.7,0.81,120.52,0,-0.04,0.0,Ayee
2024-11-18 19:14,798,2.7,16.5,3.12,119.93,0,0.37,0.0,Ayee
2024-11-18 19:19,798,2.6,16.7,2.79,121.25,0,0.32,0.0,Ayee
2024-11-18 19:24,798,2.6,16.3,2.58,120.74,0,0.29,0.0,Ayee
2024-11-18 19:29,798,2.6,16.9,1.58,120.5,0,0.12,0.0,Ayee
2024-11-18 19:34,798,2.5,16.9,1.31,120.99,0,0.08,0.0,Ayee
2024-11-18 19:39,798,2.6,16.6,1.06,120.5,0,0.03,0.0,Ayee
2024-11-18 19:44,798,2.4,17.4,4.57,120.08,0,0.63,0.0,Ayee
2024-11-18 19:49,798,2.5,16.2,1.9,120.42,0,0.19,0.0,Ayee
2024-11-18 19:54,798,2.9,15.8,1.2,120.12,0,0.03,0.0,Ayee
2024-11-18 19:59,798,3.0,16.2,3.54,120.82,0,0.41,0.0,Ayee
2024-11-18 20:04,798,2.5,16.6,2.35,120.65,0,0.26,0.0,Ayee
2024-11-18 20:09,798,2.4,16.8,2.22,120.61,0,0.25,0.0,Ayee
2024-11-18 20:14,798,2.3,17.5,2.69,120.21,0,0.33,0.0,Ayee
2024-11-18 20:19,798,2.2,17.0,1.84,119.72,0,0.2,0.0,Ayee
2024-11-18 20:24,798,2.0,16.8,0.81,120.23,0,0.06,0.0,Ayee
2024-11-18 20:29,798,1.8,19.3,3.54,120.5,0,0.5,0.0,Ayee
2024-11-18 20:34,798,1.9,17.5,2.79,120.78,0,0.39,0.0,Ayee
2024-11-18 20:39,798,2.0,17.7,2.49,118.83,0,0.32,0.0,Ayee
2024-11-18 20:44,798,2.0,17.4,2.16,120.12,0,0.27,0.0,Ayee
2024-11-18 20:49,798,2.2,17.2,2.77,119.74,0,0.35,0.0,Ayee
2024-11-18 20:54,798,2.1,17.2,2.25,119.74,0,0.28,0.0,Ayee
2024-11-18 20:59,798,2.0,17.6,2.12,120.48,0,0.26,0.0,Ayee
2024-11-18 21:04,798,1.7,18.3,2.79,120.06,0,0.4,0.0,Ayee
2024-11-18 21:09,798,1.7,17.6,3.23,119.74,0,0.48,0.0,Ayee
2024-11-18 21:14,798,2.0,17.4,2.69,120.16,0,0.36,0.0,Ayee
2024-11-18 21:19,798,2.0,17.4,2.05,119.8,0,0.25,0.0,Ayee
2024-11-18 21:24,798,2.1,17.0,2.32,119.14,0,0.29,0.0,Ayee
2024-11-18 21:29,798,1.5,17.8,3.12,118.49,0,0.48,0.0,Ayee
2024-11-18 21:34,798,1.8,17.6,2.98,118.59,0,0.43,0.0,Ayee
2024-11-18 21:39,798,1.4,19.4,4.93,119.78,0,0.78,0.0,Ayee
2024-11-18 21:44,798,1.4,19.4,5.26,119.1,0,0.83,0.0,Ayee
2024-11-18 21:49,798,1.0,19.2,4.03,118.76,0,0.67,0.0,Ayee
2024-11-18 21:54,798,1.4,20.5,3.54,119.17,0,0.53,0.0,Ayee
2024-11-18 21:59,798,1.3,18.5,2.83,119.78,0,0.45,0.0,Ayee
2024-11-18 22:04,798,1.2,18.8,1.51,118.83,0,0.24,0.0,Ayee
2024-11-18 22:09,798,0.8,20.2,3.85,119.36,0,0.65,0.0,Ayee
2024-11-18 22:14,798,1.1,18.5,1.4,119.4,0,0.23,0.0,Ayee
2024-11-18 22:19,798,1.0,21.5,4.69,119.48,0,0.76,0.0,Ayee
2024-11-18 22:24,798,0.7,19.5,6.46,118.8,0,1.1,0.0,Ayee
2024-11-18 22:29,798,0.5,19.9,2.56,118.95,0,0.47,0.0,Ayee
2024-11-18 22:34,798,1.0,18.9,1.83,119.36,0,0.31,0.0,Ayee
2024-11-18 22:39,798,1.1,18.7,4.44,119.36,0,0.73,0.0,Ayee
2024-11-18 22:44,798,1.2,18.5,1.19,119.48,0,0.19,0.0,Ayee
2024-11-18 22:49,798,0.7,19.8,2.65,118.93,0,0.47,0.0,Ayee
2024-11-18 22:54,798,0.6,19.3,1.45,118.27,0,0.29,0.0,Ayee
2024-11-18 22:59,798,1.3,18.0,1.64,118.38,0,0.26,0.0,Ayee
2024-11-18 23:04,798,0.9,21.2,1.13,118.55,0,0.18,0.0,Ayee
2024-11-18 23:09,798,0.9,18.9,1.53,119.91,0,0.27,0.0,Ayee
2024-11-18 23:14,798,1.0,18.4,0.61,119.61,0,0.11,0.0,Ayee
2024-11-18 23:19,798,1.0,19.0,0.53,120.27,0,0.09,0.0,Ayee
2024-11-18 23:24,798,1.2,18.0,1.42,120.44,0,0.23,0.0,Ayee
2024-11-18 23:29,798,1.0,18.6,1.65,120.76,0,0.28,0.0,Ayee
2024-11-18 23:34,798,0.3,21.3,2.09,120.59,0,0.4,0.0,Ayee
2024-11-18 23:39,798,0.3,19.7,0.55,120.67,0,0.17,0.0,Ayee
2024-11-18 23:44,798,0.5,18.9,1.38,120.02,0,0.29,0.0,Ayee
2024-11-18 23:49,798,1.0,18.3,1.52,121.03,0,0.27,0.0,Ayee
2024-11-18 23:54,798,0.9,18.1,2.62,120.63,0,0.46,0.0,Ayee
2024-11-18 23:59,798,1.2,17.8,0.92,120.42,0,0.15,0.0,Ayee
2024-11-19 0:04,798,1.2,17.7,0.38,120.99,0,0.06,0.0,Ayee
2024-11-19 0:09,798,1.1,17.8,1.57,119.87,0,0.27,0.0,Ayee
2024-11-19 0:14,798,0.7,19.0,0.38,121.14,0,0.1,0.0,Ayee
2024-11-19 0:19,798,0.8,18.4,1.6,120.99,0,0.3,0.0,Ayee
2024-11-19 0:24,798,0.8,18.0,1.94,117.74,0,0.36,0.0,Ayee
2024-11-19 0:29,798,0.9,18.0,3.05,117.98,0,0.53,0.0,Ayee
2024-11-19 0:34,798,0.6,18.8,2.69,118.21,0,0.5,0.0,Ayee
2024-11-19 0:39,798,0.8,18.6,2.7,117.45,0,0.48,0.0,Ayee
2024-11-19 0:44,798,0.6,20.1,0.0,118.12,0,0.04,0.0,Ayee
2024-11-19 0:49,798,0.0,19.8,0.0,117.89,0,0.1,0.0,Ayee
2024-11-19 0:54,798,-0.3,19.6,0.83,118.23,0,0.28,0.0,Ayee
2024-11-19 0:59,798,-0.1,19.1,2.08,118.51,0,0.47,0.0,Ayee
2024-11-19 1:04,798,0.4,19.2,1.9,117.13,0,0.38,0.0,Ayee
2024-11-19 1:09,798,0.5,18.6,0.66,118.25,0,0.17,0.0,Ayee
2024-11-19 1:14,798,0.6,18.5,1.55,118.7,0,0.31,0.0,Ayee
2024-11-19 1:19,798,0.6,18.3,1.7,118.59,0,0.34,0.0,Ayee
2024-11-19 1:24,798,0.4,18.6,1.17,118.59,0,0.27,0.0,Ayee
2024-11-19 1:29,798,0.7,18.4,0.38,119.1,0,0.11,0.0,Ayee
2024-11-19 1:34,798,0.6,18.2,1.7,118.25,0,0.34,0.0,Ayee
2024-11-19 1:39,798,0.5,18.3,1.03,118.42,0,0.24,0.0,Ayee
2024-11-19 1:44,798,0.4,18.4,3.12,118.8,0,0.59,0.0,Ayee
2024-11-19 1:49,798,0.6,18.2,1.92,119.46,0,0.38,0.0,Ayee
2024-11-19 1:54,798,0.5,18.6,0.63,119.21,0,0.17,0.0,Ayee
2024-11-19 1:59,798,0.3,18.4,2.3,118.55,0,0.47,0.0,Ayee
2024-11-19 2:04,798,0.2,18.3,0.48,118.19,0,0.18,0.0,Ayee
2024-11-19 2:09,798,0.1,18.8,1.62,118.08,0,0.37,0.0,Ayee
2024-11-19 2:14,798,0.1,18.3,1.05,118.04,0,0.28,0.0,Ayee
2024-11-19 2:19,798,0.0,18.4,0.37,119.06,0,0.18,0.0,Ayee
2024-11-19 2:24,798,0.2,18.5,0.57,119.23,0,0.19,0.0,Ayee
2024-11-19 2:29,798,-0.1,19.2,0.0,118.72,0,0.12,0.0,Ayee
2024-11-19 2:34,798,-0.3,19.3,0.0,118.63,0,0.14,0.0,Ayee
2024-11-19 2:39,798,-0.5,19.3,0.57,118.68,0,0.26,0.0,Ayee
2024-11-19 2:44,798,-0.7,20.9,0.11,119.02,0,0.19,0.0,Ayee
2024-11-19 2:49,798,-0.7,19.8,0.07,118.7,0,0.19,0.0,Ayee
2024-11-19 2:54,798,-0.7,20.7,0.24,118.4,0,0.21,0.0,Ayee
2024-11-19 2:59,798,-0.5,20.0,0.0,118.7,0,0.16,0.0,Ayee
2024-11-19 3:04,798,-0.9,19.9,0.0,118.32,0,0.2,0.0,Ayee
2024-11-19 3:09,798,-1.1,20.2,0.0,117.89,0,0.22,0.0,Ayee
2024-11-19 3:14,798,-1.6,21.3,0.59,118.12,0,0.36,0.0,Ayee
2024-11-19 3:19,798,-1.7,21.2,0.0,118.76,0,0.27,0.0,Ayee
2024-11-19 3:24,798,-1.5,20.4,0.05,117.78,0,0.27,0.0,Ayee
2024-11-19 3:29,798,-1.1,20.4,0.0,117.61,0,0.22,0.0,Ayee
2024-11-19 3:34,798,-1.2,19.9,0.12,117.95,0,0.25,0.0,Ayee
2024-11-19 3:39,798,-1.5,21.8,0.22,118.8,0,0.28,0.0,Ayee
2024-11-19 3:44,798,-1.6,21.1,0.02,117.85,0,0.27,0.0,Ayee
2024-11-19 3:49,798,-1.6,20.6,0.22,117.3,0,0.3,0.0,Ayee
2024-11-19 3:54,798,-1.4,20.5,0.0,118.1,0,0.25,0.0,Ayee
2024-11-19 3:59,798,-1.7,21.6,0.2,119.0,0,0.3,0.0,Ayee
2024-11-19 4:04,798,-1.8,21.3,0.67,118.15,0,0.39,0.0,Ayee
2024-11-19 4:09,798,-1.8,21.0,0.72,118.36,0,0.41,0.0,Ayee
2024-11-19 4:14,798,-1.7,21.0,0.0,119.1,0,0.27,0.0,Ayee
2024-11-19 4:19,798,-1.6,21.0,0.0,118.61,0,0.26,0.0,Ayee
2024-11-19 4:24,798,-1.5,19.9,0.46,117.68,0,0.34,0.0,Ayee
2024-11-19 4:29,798,-1.5,23.5,0.0,117.64,0,0.23,0.0,Ayee
2024-11-19 4:34,798,-2.0,22.4,0.22,118.93,0,0.33,0.0,Ayee
2024-11-19 4:39,798,-2.1,21.6,0.48,118.78,0,0.39,0.0,Ayee
2024-11-19 4:44,798,-1.8,20.6,0.15,118.38,0,0.31,0.0,Ayee
2024-11-19 4:49,798,-1.8,21.5,0.0,118.51,0,0.28,0.0,Ayee
2024-11-19 4:54,798,-1.9,21.8,0.0,117.95,0,0.29,0.0,Ayee
2024-11-19 4:59,798,-2.0,21.0,0.83,118.57,0,0.45,0.0,Ayee
2024-11-19 5:04,798,-2.2,21.5,0.0,118.91,0,0.32,0.0,Ayee
2024-11-19 5:09,798,-2.4,21.9,0.46,118.85,0,0.42,0.0,Ayee
2024-11-19 5:14,798,-2.3,21.6,0.87,118.7,0,0.48,0.0,Ayee
2024-11-19 5:19,798,-2.5,22.1,0.11,118.17,0,0.37,0.0,Ayee
2024-11-19 5:24,798,-2.5,21.9,0.17,118.23,0,0.38,0.0,Ayee
2024-11-19 5:29,798,-2.4,21.4,0.0,118.93,0,0.35,0.0,Ayee
2024-11-19 5:34,798,-2.4,21.7,0.07,117.91,0,0.35,0.0,Ayee
2024-11-19 5:39,798,-2.3,21.5,0.39,118.21,0,0.4,0.0,Ayee
2024-11-19 5:44,798,-2.4,22.0,0.0,118.36,0,0.34,0.0,Ayee
2024-11-19 5:49,798,-2.7,22.2,0.0,117.72,0,0.37,0.0,Ayee
2024-11-19 5:54,798,-2.7,22.7,0.04,117.64,0,0.37,0.0,Ayee
2024-11-19 5:59,798,-2.7,22.6,0.39,117.89,0,0.43,0.0,Ayee
2024-11-19 6:04,798,-2.7,22.3,0.0,118.61,0,0.37,0.0,Ayee
2024-11-19 6:09,798,-2.4,22.2,0.07,118.55,0,0.35,0.0,Ayee
2024-11-19 6:14,798,-2.7,22.2,0.0,117.17,0,0.37,0.0,Ayee
2024-11-19 6:19,798,-2.8,22.4,0.0,119.02,0,0.38,0.0,Ayee
2024-11-19 6:24,798,-2.8,22.5,0.0,118.38,0,0.38,0.0,Ayee
2024-11-19 6:29,798,-2.8,22.4,0.0,117.32,0,0.38,0.0,Ayee
2024-11-19 6:34,798,-2.9,22.9,0.26,118.53,0,0.43,0.0,Ayee
2024-11-19 6:39,798,-3.0,22.8,0.24,118.44,0,0.44,0.0,Ayee
2024-11-19 6:44,798,-2.9,22.5,0.24,118.8,0,0.43,0.0,Ayee
2024-11-19 6:49,798,-2.9,22.4,0.28,118.42,0,0.44,0.0,Ayee
2024-11-19 6:54,798,-2.8,22.3,1.03,117.51,0,0.55,0.0,Ayee
2024-11-19 6:59,798,-2.9,22.5,0.7,118.66,0,0.5,0.0,Ayee
2024-11-19 7:04,798,-3.1,22.2,0.13,118.38,0,0.43,0.0,Ayee
2024-11-19 7:09,798,-3.2,23.6,0.0,118.17,0,0.41,0.0,Ayee
2024-11-19 7:14,798,-3.1,22.9,0.46,118.78,0,0.48,0.0,Ayee
2024-11-19 7:19,798,-3.3,23.0,0.52,117.93,0,0.51,0.0,Ayee
2024-11-19 7:24,798,-2.9,22.4,0.74,118.49,0,0.51,0.0,Ayee
2024-11-19 7:29,798,-2.8,22.2,0.0,118.32,0,0.38,0.0,Ayee
2024-11-19 7:34,798,-2.8,22.4,0.0,118.4,0,0.38,0.0,Ayee
2024-11-19 7:39,798,-2.9,22.4,0.0,118.27,0,0.39,0.0,Ayee
2024-11-19 7:44,798,-3.0,22.4,0.09,117.53,0,0.42,0.0,Ayee
2024-11-19 7:49,798,-2.9,22.3,0.0,117.68,0,0.39,0.0,Ayee
2024-11-19 7:54,798,-2.9,22.4,0.0,117.53,0,0.39,0.0,Ayee
2024-11-19 7:59,798,-2.7,22.2,0.0,117.98,0,0.37,0.0,Ayee
2024-11-19 8:04,798,-1.4,21.0,0.0,117.11,0,0.24,0.0,Ayee
2024-11-19 8:09,798,-0.5,19.9,0.0,118.55,0,0.16,0.0,Ayee
2024-11-19 8:14,798,-0.4,20.4,0.0,117.25,0,0.14,0.0,Ayee
2024-11-19 8:19,798,0.3,19.1,0.0,117.3,0,0.08,0.0,Ayee
2024-11-19 8:24,798,0.8,21.3,0.0,116.79,0,0.0,0.0,Ayee
2024-11-19 8:29,798,1.5,18.1,0.0,117.59,0,-0.04,0.0,Ayee
2024-11-19 8:34,798,0.7,19.1,0.0,117.15,0,0.04,0.0,Ayee
2024-11-19 8:39,798,0.0,21.0,0.0,117.11,0,0.09,0.0,Ayee
2024-11-19 8:44,798,0.6,20.1,0.46,117.04,0,0.11,0.0,Ayee
2024-11-19 8:49,798,0.0,24.3,0.0,116.55,0,0.06,0.0,Ayee
2024-11-19 8:54,798,-0.2,24.6,0.2,117.76,0,0.11,0.0,Ayee
2024-11-19 8:59,798,-0.3,23.8,0.05,117.91,0,0.1,0.0,Ayee
2024-11-19 9:04,798,0.2,22.1,0.0,117.72,0,0.06,0.0,Ayee
2024-11-19 9:09,798,-0.4,27.4,2.86,116.21,0,0.54,0.0,Ayee
2024-11-19 9:14,798,-0.7,26.0,1.19,116.98,0,0.31,0.0,Ayee
2024-11-19 9:20,798,-0.5,24.6,0.66,117.13,0,0.22,0.0,Ayee
2024-11-19 9:25,798,-0.6,25.4,2.21,116.43,0,0.48,0.0,Ayee
2024-11-19 9:30,798,-0.7,26.9,2.1,117.15,0,0.45,0.0,Ayee
2024-11-19 9:35,798,-0.6,27.4,2.49,117.3,0,0.5,0.0,Ayee
2024-11-19 9:40,798,-0.2,28.0,1.55,116.28,0,0.3,0.0,Ayee
2024-11-19 9:45,798,-0.1,25.7,1.06,116.87,0,0.23,0.0,Ayee
2024-11-19 9:50,798,0.1,25.6,2.01,117.51,0,0.37,0.0,Ayee
2024-11-19 9:55,798,0.3,25.1,1.75,116.62,0,0.31,0.0,Ayee
2024-11-19 10:00,798,0.5,22.8,1.93,117.45,0,0.34,0.0,Ayee
2024-11-19 10:05,798,0.6,23.2,2.16,117.04,0,0.36,0.0,Ayee
2024-11-19 10:10,798,0.9,23.8,3.82,116.34,0,0.6,0.0,Ayee
2024-11-19 10:15,798,0.5,22.5,2.07,115.96,0,0.37,0.0,Ayee
2024-11-19 10:20,798,0.9,23.9,2.64,117.25,0,0.4,0.0,Ayee
2024-11-19 10:25,798,0.9,25.1,0.73,116.38,0,0.07,0.0,Ayee
2024-11-19 10:30,798,1.1,20.9,1.44,116.49,0,0.21,0.0,Ayee
2024-11-19 10:35,798,1.2,21.4,2.33,117.19,0,0.35,0.0,Ayee
2024-11-19 10:40,798,1.4,21.4,3.2,117.76,0,0.47,0.0,Ayee
2024-11-19 10:45,798,1.5,21.4,1.61,116.38,0,0.19,0.0,Ayee
2024-11-19 10:50,798,1.7,20.7,3.33,116.36,0,0.46,0.0,Ayee
2024-11-19 10:55,798,1.5,21.1,1.11,116.15,0,0.11,0.0,Ayee
2024-11-19 11:00,798,1.4,22.0,1.87,116.7,0,0.24,0.0,Ayee
2024-11-19 11:05,798,1.9,21.5,0.35,116.62,0,-0.06,0.0,Ayee
2024-11-19 11:10,798,1.6,18.3,1.02,116.6,0,0.12,0.0,Ayee
2024-11-19 11:15,798,1.9,21.9,1.61,116.47,0,0.15,0.0,Ayee
2024-11-19 11:20,798,2.3,21.7,2.06,117.11,0,0.18,0.0,Ayee
2024-11-19 11:25,798,2.1,19.4,2.87,117.15,0,0.36,0.0,Ayee
2024-11-19 11:30,798,2.3,16.7,0.0,116.94,0,-0.11,0.0,Ayee
2024-11-19 11:35,798,2.5,18.2,0.95,117.3,0,0.01,0.0,Ayee
2024-11-19 11:40,798,2.6,20.7,1.43,116.36,0,0.05,0.0,Ayee
2024-11-19 11:45,798,2.6,18.2,1.09,117.49,0,0.02,0.0,Ayee
2024-11-19 11:50,798,2.5,17.8,0.52,116.87,0,-0.06,0.0,Ayee
2024-11-19 11:55,798,2.5,18.9,0.3,115.85,0,-0.1,0.0,Ayee
2024-11-19 12:00,798,2.7,17.0,1.18,117.23,0,0.04,0.0,Ayee
2024-11-19 12:05,798,3.0,16.0,0.0,116.77,0,-0.18,0.0,Ayee
2024-11-19 12:10,798,2.9,15.8,0.08,116.77,0,-0.15,0.0,Ayee
2024-11-19 12:15,798,2.9,15.8,0.54,118.04,0,-0.08,0.0,Ayee
2024-11-19 12:20,798,3.2,16.8,0.76,117.57,0,-0.08,0.0,Ayee
2024-11-19 12:25,798,3.2,19.5,0.51,72.4,0,-0.11,0.0,Ayee
2024-11-19 12:30,799,2.9,16.0,0.49,80.0,0,0.17,0.0,Ayee
2024-11-19 12:35,800,3.2,15.8,1.06,75.37,0,0.17,0.0,Ayee
2024-11-19 12:40,800,3.6,15.4,0.0,71.91,0,0.17,0.0,Ayee
2024-11-19 12:45,801,3.9,17.0,0.69,78.47,0,-0.25,0.0,Ayee
2024-11-19 12:50,802,3.6,17.0,1.3,77.71,0,-0.25,0.0,Ayee
2024-11-19 12:55,803,4.0,15.4,0.0,79.32,0,-0.25,0.0,Ayee
2024-11-19 13:00,804,4.6,14.9,0.0,80.87,0,-0.25,0.0,Ayee
2024-11-19 13:05,804,3.6,16.1,0.73,87.84,0,-0.25,0.0,Ayee
2024-11-19 13:10,805,3.8,16.9,1.76,109.82,0,-0.2,0.0,Ayee
2024-11-19 13:15,806,3.7,16.2,1.28,100.52,0,-0.2,0.0,Ayee
2024-11-19 13:20,806,3.7,15.3,0.0,101.56,0,-0.25,0.0,Ayee
2024-11-19 13:26,806,3.7,15.4,1.54,100.86,0,0.01,0.0,Ayee
2024-11-19 13:29,806,3.8,17.6,0.12,100.35,0,-0.17,0.0,Ayee
2024-11-19 13:31,806,3.8,16.0,1.2,102.3,0,-0.17,0.0,Ayee
2024-11-19 13:36,807,3.5,17.1,0.41,102.39,0,-0.08,0.0,Ayee
2024-11-19 13:41,1,3.8,18.5,0.95,103.43,0,0.0,0.0,Ayee
2024-11-19 13:43,1,3.6,17.9,0.08,100.77,0,-0.08,0.0,Ayee
2024-11-19 13:45,1,3.7,16.2,0.01,101.15,0,0.0,0.0,Ayee
2024-11-19 13:47,1,3.6,17.0,0.89,103.3,0,0.0,0.0,Ayee
2024-11-19 13:51,1,3.4,15.8,0.38,95.87,0,0.0,0.0,Ayee
2024-11-19 13:56,1,3.7,18.1,1.41,82.23,0,-0.19,0.0,Ayee
2024-11-19 14:01,2,3.7,15.5,0.0,89.41,0,-0.19,0.0,Ayee
2024-11-19 14:06,2,3.8,16.2,0.0,95.59,0,-0.24,0.0,Ayee
2024-11-19 14:10,1,4.1,15.8,0.0,97.33,0,0.0,0.0,Ayee
2024-11-19 14:15,1,3.6,16.2,0.0,97.57,0,-0.29,0.0,Ayee
2024-11-19 14:20,2,3.6,15.2,0.0,96.95,0,-0.29,0.0,Ayee
2024-11-19 14:25,2,3.5,15.9,0.0,94.83,0,-0.07,0.0,Ayee
2024-11-19 14:30,2,3.5,19.7,0.0,98.35,0,-0.07,0.0,Ayee
2024-11-19 14:35,2,3.4,15.2,0.0,96.82,0,-0.07,0.0,Ayee
2024-11-19 14:40,2,3.6,15.1,0.0,96.1,0,-0.07,0.0,Ayee
2024-11-19 14:45,2,3.5,15.7,0.0,97.71,0,-0.07,0.0,Ayee
2024-11-19 14:50,2,3.5,15.3,0.03,98.14,0,-0.07,0.0,Ayee
2024-11-19 14:55,2,3.5,15.1,0.0,102.49,0,-0.07,0.0,Ayee
2024-11-19 15:00,2,3.5,15.2,0.1,95.53,0,-0.07,0.0,Ayee
2024-11-19 15:05,2,3.4,15.3,0.05,97.03,0,-0.07,0.0,Ayee
2024-11-19 15:10,1,3.5,16.1,0.0,97.61,0,0.0,0.0,Ayee
2024-11-19 15:15,1,3.5,15.3,0.25,100.54,0,-0.23,0.0,Ayee
2024-11-19 15:20,2,3.5,15.0,0.0,99.67,0,-0.23,0.0,Ayee
2024-11-19 15:25,2,3.5,15.2,0.0,98.69,0,-0.23,0.0,Ayee
2024-11-19 15:30,2,3.2,15.3,0.61,100.39,0,-0.23,0.0,Ayee
2024-11-19 15:35,2,3.0,15.4,1.42,100.22,0,-0.23,0.0,Ayee
2024-11-19 15:40,2,2.9,15.4,0.85,98.63,0,-0.23,0.0,Ayee
2024-11-19 15:45,2,2.7,15.4,1.15,96.33,0,-0.23,0.0,Ayee
2024-11-19 15:50,2,2.7,15.2,0.75,100.41,0,-0.23,0.0,Ayee
2024-11-19 15:55,2,2.7,15.1,0.64,95.7,0,-0.23,0.0,Ayee
2024-11-19 16:00,2,2.8,14.9,0.73,98.88,0,-0.23,0.0,Ayee
2024-11-19 16:05,2,2.9,14.8,1.3,100.33,0,-0.23,0.0,Ayee
2024-11-19 16:10,2,2.7,14.4,1.0,97.82,0,-0.23,0.0,Ayee
2024-11-19 16:15,2,2.5,14.7,0.48,97.08,0,-0.23,0.0,Ayee
2024-11-19 16:20,2,2.8,15.0,0.0,102.56,0,-0.23,0.0,Ayee
2024-11-19 16:25,2,3.0,14.9,0.01,97.69,0,-0.23,0.0,Ayee
2024-11-19 16:30,2,2.9,14.8,0.16,98.69,0,-0.23,0.0,Ayee
2024-11-19 16:35,2,2.9,14.8,0.7,100.98,0,-0.23,0.0,Ayee
2024-11-19 16:40,2,3.0,14.4,0.46,102.09,0,-0.23,0.0,Ayee
2024-11-19 16:45,2,2.7,14.4,0.14,101.13,0,-0.23,0.0,Ayee
2024-11-19 16:50,2,2.7,14.2,0.49,103.19,0,-0.23,0.0,Ayee
2024-11-19 16:55,2,2.9,13.8,0.33,98.39,0,-0.23,0.0,Ayee
2024-11-19 17:00,2,3.0,13.6,0.72,99.92,0,-0.23,0.0,Ayee
2024-11-19 17:05,2,3.1,13.3,0.83,97.52,0,-0.23,0.0,Ayee
2024-11-19 17:10,2,3.1,13.1,1.17,103.34,0,-0.23,0.0,Ayee
2024-11-19 17:15,2,3.0,13.2,0.31,99.67,0,-0.23,0.0,Ayee
2024-11-19 17:20,2,2.7,13.2,0.68,99.56,0,-0.23,0.0,Ayee
2024-11-19 17:25,2,2.6,13.3,0.13,99.05,0,-0.23,0.0,Ayee
2024-11-19 17:30,2,3.0,13.2,0.74,96.52,0,-0.23,0.0,Ayee
2024-11-19 17:35,2,3.1,13.1,1.72,99.24,0,-0.23,0.0,Ayee
2024-11-19 17:40,2,3.4,13.2,1.21,102.47,0,-0.23,0.0,Ayee
2024-11-19 17:45,2,3.2,13.2,1.35,100.18,0,-0.23,0.0,Ayee
2024-11-19 17:50,2,3.1,13.7,1.21,102.41,0,-0.23,0.0,Ayee
2024-11-19 17:55,2,3.0,13.9,1.64,97.46,0,-0.23,0.0,Ayee
2024-11-19 18:00,2,3.1,13.9,1.11,97.01,0,-0.23,0.0,Ayee
2024-11-19 18:05,2,3.0,13.9,1.11,101.62,0,-0.23,0.0,Ayee
2024-11-19 18:10,2,2.7,13.6,0.87,102.43,0,-0.23,0.0,Ayee
2024-11-19 18:15,2,2.6,13.8,0.68,101.13,0,-0.23,0.0,Ayee
2024-11-19 18:20,2,2.8,14.5,2.18,96.61,0,-0.23,0.0,Ayee
2024-11-19 18:25,2,2.8,14.8,0.59,97.63,0,-0.23,0.0,Ayee
2024-11-19 18:30,2,2.5,14.6,1.11,101.18,0,-0.23,0.0,Ayee
2024-11-19 18:35,2,2.6,13.6,0.0,97.84,0,-0.23,0.0,Ayee
2024-11-19 18:40,2,2.6,14.4,1.05,98.27,0,-0.23,0.0,Ayee
2024-11-19 18:45,2,2.6,13.5,2.15,102.56,0,-0.23,0.0,Ayee
2024-11-19 18:50,2,1.8,13.6,1.88,100.11,0,-0.23,0.0,Ayee
2024-11-19 18:55,2,1.5,13.7,1.4,99.99,0,-0.23,0.0,Ayee
2024-11-19 19:00,2,2.4,13.4,3.91,98.29,0,-0.23,0.0,Ayee
2024-11-19 19:05,2,2.9,12.9,0.46,99.07,0,-0.23,0.0,Ayee
2024-11-19 19:10,2,2.4,13.6,0.85,98.46,0,-0.23,0.0,Ayee
2024-11-19 19:15,2,2.5,13.9,0.27,99.39,0,-0.23,0.0,Ayee
2024-11-19 19:20,2,2.6,14.7,0.12,98.07,0,-0.23,0.0,Ayee
2024-11-19 19:25,2,2.3,16.2,0.07,98.31,0,-0.23,0.0,Ayee
2024-11-19 19:30,2,2.8,14.1,2.29,97.52,0,-0.23,0.0,Ayee
2024-11-19 19:35,2,3.0,13.9,1.4,101.01,0,-0.23,0.0,Ayee
2024-11-19 19:40,2,2.5,13.5,0.75,101.28,0,-0.23,0.0,Ayee
2024-11-19 19:45,2,2.1,15.3,1.18,100.71,0,-0.23,0.0,Ayee
2024-11-19 19:50,2,2.5,15.8,3.55,98.01,0,-0.23,0.0,Ayee
2024-11-19 19:55,2,2.5,14.4,0.83,100.01,0,-0.23,0.0,Ayee
2024-11-19 20:00,2,2.1,14.2,0.31,100.54,0,-0.23,0.0,Ayee
2024-11-19 20:05,2,1.7,13.7,0.33,98.31,0,-0.23,0.0,Ayee
2024-11-19 20:10,2,1.7,15.0,0.2,97.71,0,-0.23,0.0,Ayee
2024-11-19 20:15,2,1.9,14.4,2.0,99.56,0,-0.23,0.0,Ayee
2024-11-19 20:20,2,2.0,14.3,0.68,97.59,0,-0.23,0.0,Ayee
2024-11-19 20:25,2,1.4,14.1,3.54,98.44,0,-0.23,0.0,Ayee
2024-11-19 20:30,2,1.4,15.8,0.0,100.75,0,-0.23,0.0,Ayee
2024-11-19 20:35,2,1.5,15.2,0.22,101.47,0,-0.23,0.0,Ayee
2024-11-19 20:40,2,1.5,14.2,0.64,98.29,0,-0.23,0.0,Ayee
2024-11-19 20:45,2,1.3,15.7,0.11,101.3,0,-0.23,0.0,Ayee
2024-11-19 20:50,2,1.5,15.2,0.29,99.69,0,-0.23,0.0,Ayee
2024-11-19 20:55,2,1.5,15.2,0.53,97.65,0,-0.23,0.0,Ayee
2024-11-19 21:00,2,1.4,15.8,0.36,98.63,0,-0.23,0.0,Ayee
2024-11-19 21:05,2,1.3,18.1,1.25,102.56,0,-0.23,0.0,Ayee
2024-11-19 21:10,2,1.4,16.6,0.53,96.74,0,-0.23,0.0,Ayee
2024-11-19 21:15,2,1.2,17.4,3.99,98.05,0,-0.23,0.0,Ayee
2024-11-19 21:20,2,1.8,16.0,2.92,97.63,0,-0.23,0.0,Ayee
2024-11-19 21:25,2,1.9,16.5,2.29,101.77,0,-0.23,0.0,Ayee
2024-11-19 21:30,2,1.9,16.3,5.36,100.75,0,-0.23,0.0,Ayee
2024-11-19 21:35,2,1.9,16.1,2.75,98.33,0,-0.23,0.0,Ayee
2024-11-19 21:40,2,1.9,15.9,1.09,101.37,0,-0.23,0.0,Ayee
2024-11-19 21:45,2,2.0,15.8,2.12,100.92,0,-0.23,0.0,Ayee
2024-11-19 21:50,2,2.4,15.1,2.72,101.79,0,-0.23,0.0,Ayee
2024-11-19 21:55,2,2.3,15.1,1.55,101.73,0,-0.23,0.0,Ayee
2024-11-19 22:00,2,2.7,14.4,1.86,100.24,0,-0.23,0.0,Ayee
2024-11-19 22:05,2,2.3,15.1,0.13,101.69,0,-0.23,0.0,Ayee
2024-11-19 22:10,2,2.1,15.2,2.51,97.12,0,-0.23,0.0,Ayee
2024-11-19 22:15,2,1.9,15.4,1.68,102.6,0,-0.23,0.0,Ayee
2024-11-19 22:20,2,1.8,18.2,4.28,99.56,0,-0.23,0.0,Ayee
2024-11-19 22:25,2,0.6,21.7,0.83,101.52,0,-0.23,0.0,Ayee
2024-11-19 22:30,2,0.7,17.5,0.41,101.2,0,-0.23,0.0,Ayee
2024-11-19 22:35,2,1.0,16.7,0.11,99.54,0,-0.23,0.0,Ayee
2024-11-19 22:40,2,1.2,16.6,0.02,100.94,0,-0.23,0.0,Ayee
2024-11-19 22:45,2,1.0,16.9,0.11,101.52,0,-0.23,0.0,Ayee
2024-11-19 22:50,2,0.7,17.1,0.29,99.35,0,-0.23,0.0,Ayee
2024-11-19 22:55,2,0.6,16.8,2.42,99.24,0,-0.23,0.0,Ayee
2024-11-19 23:00,2,0.5,17.5,0.0,100.47,0,-0.23,0.0,Ayee
2024-11-19 23:05,2,0.5,17.7,0.0,98.31,0,-0.23,0.0,Ayee
2024-11-19 23:10,2,0.2,18.4,0.0,101.9,0,-0.23,0.0,Ayee
2024-11-19 23:15,2,0.4,17.7,0.63,103.19,0,-0.23,0.0,Ayee
2024-11-19 23:20,2,1.0,17.0,2.06,100.09,0,-0.23,0.0,Ayee
2024-11-19 23:25,2,0.5,17.3,1.79,103.32,0,-0.23,0.0,Ayee
2024-11-19 23:30,2,0.6,16.8,0.83,98.73,0,-0.23,0.0,Ayee
2024-11-19 23:35,2,0.3,18.3,1.16,100.96,0,-0.23,0.0,Ayee
2024-11-19 23:40,2,0.4,18.1,1.57,103.87,0,-0.23,0.0,Ayee
2024-11-19 23:45,2,0.3,18.0,0.0,101.88,0,-0.23,0.0,Ayee
2024-11-19 23:50,2,0.3,17.7,1.45,104.66,0,-0.23,0.0,Ayee
2024-11-19 23:55,2,0.6,16.8,3.85,99.52,0,-0.23,0.0,Ayee
2024-11-20 0:00,2,1.3,16.5,3.99,96.69,0,-0.23,0.0,Ayee
2024-11-20 0:05,2,1.5,16.0,1.81,100.2,0,-0.23,0.0,Ayee
2024-11-20 0:10,2,1.1,16.0,0.74,102.11,0,-0.23,0.0,Ayee
2024-11-20 0:15,2,1.2,16.6,1.25,103.92,0,-0.23,0.0,Ayee
2024-11-20 0:20,2,0.8,16.8,0.81,100.96,0,-0.23,0.0,Ayee
2024-11-20 0:25,2,1.1,16.6,4.58,103.77,0,-0.23,0.0,Ayee
2024-11-20 0:30,2,1.2,16.8,2.09,101.26,0,-0.23,0.0,Ayee
2024-11-20 0:35,2,1.2,16.6,2.12,101.13,0,-0.23,0.0,Ayee
2024-11-20 0:40,2,1.1,16.6,1.47,101.03,0,-0.23,0.0,Ayee
2024-11-20 0:45,2,1.1,16.5,2.34,102.3,0,-0.23,0.0,Ayee
2024-11-20 0:50,2,1.3,16.0,2.38,102.05,0,-0.23,0.0,Ayee
2024-11-20 0:55,2,1.4,16.2,1.7,99.03,0,-0.23,0.0,Ayee
2024-11-20 1:00,2,1.1,16.3,2.1,105.28,0,-0.23,0.0,Ayee
2024-11-20 1:05,2,1.0,16.6,0.64,103.62,0,-0.23,0.0,Ayee
2024-11-20 1:10,2,0.6,17.1,0.4,102.34,0,-0.23,0.0,Ayee
2024-11-20 1:15,2,0.6,17.4,1.27,102.66,0,-0.23,0.0,Ayee
2024-11-20 1:20,2,0.7,17.0,2.66,100.14,0,-0.23,0.0,Ayee
2024-11-20 1:25,2,0.8,16.9,1.21,99.9,0,-0.23,0.0,Ayee
2024-11-20 1:30,2,0.6,16.8,0.55,102.73,0,-0.23,0.0,Ayee
2024-11-20 1:35,2,0.6,17.1,0.85,99.65,0,-0.23,0.0,Ayee
2024-11-20 1:40,2,0.1,18.4,0.62,100.41,0,-0.23,0.0,Ayee
2024-11-20 1:45,2,0.0,18.1,0.0,100.3,0,-0.23,0.0,Ayee
2024-11-20 1:50,2,-0.3,22.8,0.26,103.28,0,-0.23,0.0,Ayee
2024-11-20 1:55,2,-1.0,19.1,0.24,100.45,0,-0.23,0.0,Ayee
2024-11-20 2:01,2,-0.9,18.9,1.55,101.96,0,-0.23,0.0,Ayee
2024-11-20 2:06,2,-0.1,17.8,1.72,104.38,0,-0.23,0.0,Ayee
2024-11-20 2:11,2,-0.1,17.9,1.05,100.33,0,-0.23,0.0,Ayee
2024-11-20 2:16,2,-0.1,18.1,0.67,101.37,0,-0.23,0.0,Ayee
2024-11-20 2:21,2,-0.2,17.9,1.88,105.21,0,-0.23,0.0,Ayee
2024-11-20 2:26,2,-0.1,17.9,1.36,103.38,0,-0.23,0.0,Ayee
2024-11-20 2:31,2,0.0,17.4,1.87,100.9,0,-0.23,0.0,Ayee
2024-11-20 2:36,2,0.1,17.5,0.26,102.07,0,-0.23,0.0,Ayee
2024-11-20 2:41,2,-0.1,18.1,0.66,102.15,0,-0.23,0.0,Ayee
2024-11-20 2:46,2,-1.0,20.1,1.15,97.74,0,-0.23,0.0,Ayee
2024-11-20 2:51,2,-0.9,19.8,0.0,103.81,0,-0.23,0.0,Ayee
2024-11-20 2:56,2,-1.1,19.9,0.07,103.81,0,-0.23,0.0,Ayee
2024-11-20 3:01,2,-1.4,19.6,0.0,103.79,0,-0.23,0.0,Ayee
2024-11-20 3:06,2,-1.8,19.8,0.16,103.32,0,-0.23,0.0,Ayee
2024-11-20 3:11,2,-1.8,20.2,0.0,102.22,0,-0.23,0.0,Ayee
2024-11-20 3:16,2,-1.7,20.1,0.0,103.43,0,-0.23,0.0,Ayee
2024-11-20 3:21,2,-1.7,20.1,0.0,102.81,0,-0.23,0.0,Ayee
2024-11-20 3:26,2,-1.7,20.0,0.26,102.64,0,-0.23,0.0,Ayee
2024-11-20 3:31,2,-1.8,20.0,0.68,101.71,0,-0.23,0.0,Ayee
2024-11-20 3:36,2,-1.7,19.4,0.19,104.72,0,-0.23,0.0,Ayee
2024-11-20 3:41,2,-1.3,19.4,0.0,103.58,0,-0.23,0.0,Ayee
2024-11-20 3:46,2,-1.2,19.7,0.0,100.37,0,-0.23,0.0,Ayee
2024-11-20 3:51,2,-1.6,20.0,0.04,105.02,0,-0.23,0.0,Ayee
2024-11-20 3:56,2,-1.8,19.9,1.83,103.32,0,-0.23,0.0,Ayee
2024-11-20 4:01,2,-2.1,20.2,0.13,103.13,0,-0.23,0.0,Ayee
2024-11-20 4:06,2,-1.8,20.1,0.59,105.44,0,-0.23,0.0,Ayee
2024-11-20 4:11,2,-1.8,19.6,0.48,105.42,0,-0.23,0.0,Ayee
2024-11-20 4:16,2,-2.1,19.9,0.22,106.19,0,-0.23,0.0,Ayee
2024-11-20 4:21,2,-1.4,19.2,0.33,103.11,0,-0.23,0.0,Ayee
2024-11-20 4:26,2,-1.7,20.1,0.0,100.79,0,-0.23,0.0,Ayee
2024-11-20 4:31,2,-2.0,20.8,0.07,101.37,0,-0.23,0.0,Ayee
2024-11-20 4:36,2,-2.2,21.0,0.0,101.62,0,-0.23,0.0,Ayee
2024-11-20 4:41,2,-2.0,20.7,0.0,102.15,0,-0.23,0.0,Ayee
2024-11-20 4:46,2,-2.2,20.4,0.04,104.15,0,-0.23,0.0,Ayee
2024-11-20 4:51,2,-2.4,20.6,0.3,99.46,0,-0.23,0.0,Ayee
2024-11-20 4:56,2,-2.5,21.0,0.35,105.02,0,-0.23,0.0,Ayee
2024-11-20 5:01,2,-2.6,21.2,0.0,104.91,0,-0.23,0.0,Ayee
2024-11-20 5:06,2,-2.6,21.2,0.0,107.59,0,-0.23,0.0,Ayee
2024-11-20 5:11,2,-2.8,21.3,0.42,103.64,0,-0.23,0.0,Ayee
2024-11-20 5:16,2,-2.5,21.0,1.08,103.0,0,-0.23,0.0,Ayee
2024-11-20 5:21,2,-2.8,20.6,1.51,104.51,0,-0.23,0.0,Ayee
2024-11-20 5:26,2,-2.9,20.8,1.27,101.3,0,-0.23,0.0,Ayee
2024-11-20 5:31,2,-2.7,21.5,0.05,102.3,0,-0.23,0.0,Ayee
2024-11-20 5:36,2,-2.9,21.1,0.59,104.19,0,-0.23,0.0,Ayee
2024-11-20 5:41,2,-2.8,21.3,0.0,102.49,0,-0.23,0.0,Ayee
2024-11-20 5:46,2,-3.0,21.5,0.0,106.21,0,-0.23,0.0,Ayee
2024-11-20 5:51,2,-2.8,21.3,0.56,103.55,0,-0.23,0.0,Ayee
2024-11-20 5:56,2,-2.8,21.0,0.24,103.77,0,-0.23,0.0,Ayee
2024-11-20 6:01,2,-2.7,20.9,0.03,102.24,0,-0.23,0.0,Ayee
2024-11-20 6:06,2,-2.8,21.0,0.28,106.12,0,-0.23,0.0,Ayee
2024-11-20 6:11,2,-2.9,20.7,0.07,103.34,0,-0.23,0.0,Ayee
2024-11-20 6:16,2,-3.0,21.6,0.06,107.14,0,-0.23,0.0,Ayee
2024-11-20 6:21,2,-2.9,20.9,0.32,103.53,0,-0.23,0.0,Ayee
2024-11-20 6:26,2,-2.9,20.6,0.3,105.59,0,-0.23,0.0,Ayee
2024-11-20 6:31,2,-2.9,20.7,0.02,106.49,0,-0.23,0.0,Ayee
2024-11-20 6:36,2,-2.8,20.6,0.0,108.44,0,-0.23,0.0,Ayee
2024-11-20 6:41,2,-3.0,20.9,0.0,107.91,0,-0.23,0.0,Ayee
2024-11-20 6:46,2,-3.0,21.1,0.43,109.97,0,-0.23,0.0,Ayee
2024-11-20 6:51,2,-3.0,20.9,0.31,106.36,0,-0.23,0.0,Ayee
2024-11-20 6:56,2,-2.8,20.6,0.0,107.02,0,-0.23,0.0,Ayee
2024-11-20 7:01,2,-2.8,20.4,0.0,104.74,0,-0.23,0.0,Ayee
2024-11-20 7:06,2,-2.8,20.5,0.04,103.47,0,-0.23,0.0,Ayee
2024-11-20 7:11,2,-3.1,21.2,0.04,104.87,0,-0.23,0.0,Ayee
2024-11-20 7:16,2,-3.2,21.4,0.04,105.93,0,-0.23,0.0,Ayee
2024-11-20 7:21,2,-3.2,21.0,0.28,104.64,0,-0.23,0.0,Ayee
2024-11-20 7:26,2,-2.8,20.7,0.0,105.83,0,-0.23,0.0,Ayee
2024-11-20 7:31,2,-2.6,20.5,0.0,108.01,0,-0.23,0.0,Ayee
2024-11-20 7:36,2,-2.7,19.9,0.0,107.84,0,-0.23,0.0,Ayee
2024-11-20 7:41,2,-2.9,20.8,0.0,103.83,0,-0.23,0.0,Ayee
2024-11-20 7:46,2,-2.8,20.5,0.29,105.7,0,-0.23,0.0,Ayee
2024-11-20 7:51,2,-2.9,21.0,0.0,106.1,0,-0.23,0.0,Ayee
2024-11-20 7:56,2,-2.9,20.5,0.0,106.51,0,-0.23,0.0,Ayee
2024-11-20 8:01,2,-2.4,19.9,0.14,107.1,0,-0.23,0.0,Ayee
2024-11-20 8:06,2,-1.1,19.1,0.0,105.4,0,-0.23,0.0,Ayee
2024-11-20 8:11,2,-0.7,19.0,0.02,105.55,0,-0.23,0.0,Ayee
2024-11-20 8:16,2,-0.4,18.7,0.0,103.75,0,-0.23,0.0,Ayee
2024-11-20 8:21,2,-0.2,19.7,0.39,105.11,0,-0.23,0.0,Ayee
2024-11-20 8:26,2,0.3,18.3,0.14,104.34,0,-0.23,0.0,Ayee
2024-11-20 8:31,2,-0.4,20.0,0.0,107.78,0,-0.23,0.0,Ayee
2024-11-20 8:36,2,-0.6,21.6,0.0,107.38,0,-0.23,0.0,Ayee
2024-11-20 8:41,2,0.2,23.8,0.0,105.72,0,-0.23,0.0,Ayee
2024-11-20 8:46,2,0.2,21.3,0.25,107.74,0,-0.23,0.0,Ayee
2024-11-20 8:51,2,0.9,19.4,0.0,105.23,0,-0.23,0.0,Ayee
2024-11-20 8:56,2,0.5,19.1,0.0,107.63,0,-0.23,0.0,Ayee
2024-11-20 9:01,2,0.3,19.5,0.27,106.17,0,-0.23,0.0,Ayee
2024-11-20 9:06,2,0.8,19.3,0.0,107.53,0,-0.23,0.0,Ayee
2024-11-20 9:11,2,0.9,19.8,0.0,109.29,0,-0.23,0.0,Ayee
2024-11-20 9:16,2,0.8,19.6,0.09,104.4,0,-0.23,0.0,Ayee
2024-11-20 9:21,2,0.1,23.4,1.79,106.57,0,-0.23,0.0,Ayee
2024-11-20 9:26,2,-0.1,24.6,2.1,104.45,0,-0.23,0.0,Ayee
2024-11-20 9:31,2,0.1,23.0,0.99,110.31,0,-0.23,0.0,Ayee
2024-11-20 9:36,2,-0.1,25.4,1.25,109.99,0,-0.23,0.0,Ayee
2024-11-20 9:41,2,0.0,24.7,1.25,105.49,0,-0.23,0.0,Ayee
2024-11-20 9:46,2,0.0,23.0,1.94,109.18,0,-0.23,0.0,Ayee
2024-11-20 9:51,2,0.2,25.8,1.57,107.51,0,-0.23,0.0,Ayee
2024-11-20 9:56,2,0.3,20.8,2.37,105.95,0,-0.23,0.0,Ayee
2024-11-20 10:01,2,0.5,23.1,2.52,109.35,0,-0.23,0.0,Ayee
2024-11-20 10:06,2,0.7,22.3,2.18,105.47,0,-0.23,0.0,Ayee
2024-11-20 10:11,2,1.0,20.7,3.33,104.17,0,-0.23,0.0,Ayee
2024-11-20 10:16,2,0.8,21.5,2.57,106.8,0,-0.23,0.0,Ayee
2024-11-20 10:21,2,0.8,19.8,1.63,106.68,0,-0.23,0.0,Ayee
2024-11-20 10:26,2,1.3,21.4,2.02,105.89,0,-0.23,0.0,Ayee
2024-11-20 10:31,2,0.9,19.7,1.7,104.34,0,-0.23,0.0,Ayee
2024-11-20 10:36,2,1.1,18.9,1.43,104.68,0,-0.23,0.0,Ayee
2024-11-20 10:41,2,1.3,17.9,0.8,105.17,0,-0.23,0.0,Ayee
2024-11-20 10:46,2,1.6,21.6,2.37,108.99,0,-0.23,0.0,Ayee
2024-11-20 10:51,2,1.6,19.8,2.01,107.97,0,-0.23,0.0,Ayee
2024-11-20 10:56,2,1.3,22.5,1.85,104.85,0,-0.23,0.0,Ayee
2024-11-20 11:01,2,1.7,21.6,1.21,105.23,0,-0.23,0.0,Ayee
2024-11-20 11:06,2,1.9,20.4,1.28,107.95,0,-0.23,0.0,Ayee
2024-11-20 11:11,2,1.8,19.0,2.01,106.29,0,-0.23,0.0,Ayee
2024-11-20 11:16,2,1.8,16.6,1.13,106.55,0,-0.23,0.0,Ayee
2024-11-20 11:21,2,2.1,20.5,1.26,105.08,0,-0.23,0.0,Ayee
2024-11-20 11:26,2,1.5,21.7,1.16,107.63,0,-0.23,0.0,Ayee
2024-11-20 11:31,2,1.8,19.8,1.32,106.46,0,-0.23,0.0,Ayee
2024-11-20 11:36,2,1.8,18.5,0.62,105.83,0,-0.23,0.0,Ayee
2024-11-20 11:41,2,2.2,18.0,0.58,106.53,0,-0.23,0.0,Ayee
2024-11-20 11:43,1,2.3,15.7,0.0,104.81,0,0.0,0.0,Ayee
2024-11-20 11:48,1,2.9,15.3,0.0,105.42,0,-0.09,0.0,Ayee
2024-11-20 11:53,2,2.5,18.1,1.26,105.55,0,-0.09,0.0,Ayee
2024-11-20 11:58,2,3.0,15.2,0.0,107.19,0,-0.09,0.0,Ayee
2024-11-20 12:03,2,2.7,16.3,0.45,105.47,0,-0.09,0.0,Ayee
2024-11-20 12:08,2,2.5,17.0,1.04,102.94,0,-0.09,0.0,Ayee
2024-11-20 12:13,2,2.8,16.7,2.22,101.43,0,-0.09,0.0,Ayee
2024-11-20 12:18,2,2.5,21.0,0.71,101.47,0,-0.09,0.0,Ayee
2024-11-20 12:23,2,2.7,19.1,0.39,103.28,0,-0.09,0.0,Ayee
2024-11-20 12:28,2,2.5,17.8,0.79,105.89,0,-0.09,0.0,Ayee
2024-11-20 12:33,2,2.6,15.1,0.06,101.83,0,-0.09,0.0,Ayee
2024-11-20 12:38,1,2.8,19.8,0.73,104.15,0,0.0,0.0,Ayee
2024-11-20 12:43,1,2.8,17.0,0.95,105.36,0,0.06,0.0,Ayee
2024-11-20 12:48,2,3.1,16.0,0.58,109.03,0,0.06,0.0,Ayee
2024-11-20 12:53,2,3.1,19.3,1.62,108.86,0,0.06,0.0,Ayee
2024-11-20 12:58,2,3.2,15.9,0.23,107.27,0,0.06,0.0,Ayee
2024-11-20 13:03,2,3.3,15.1,1.01,106.91,0,0.06,0.0,Ayee
2024-11-20 13:08,2,3.4,16.7,1.71,109.84,0,0.06,0.0,Ayee
2024-11-20 13:13,2,3.4,17.2,1.16,106.76,0,0.06,0.0,Ayee
2024-11-20 13:18,2,3.4,14.6,0.56,107.53,0,0.06,0.0,Ayee
2024-11-20 13:20,2,3.5,14.4,0.29,109.97,0,0.06,0.0,Ayee
2024-11-20 13:20,2,3.5,15.5,0.14,107.46,0,0.06,0.0,Ayee
2024-11-20 13:24,2,3.8,14.5,0.0,107.23,0,0.06,0.0,Ayee
2024-11-20 13:24,1,3.8,14.8,0.0,108.25,0,0.0,0.0,Ayee
2024-11-20 13:25,1,3.9,17.8,1.93,111.24,0,0.0,0.0,Ayee
2024-11-20 13:30,1,3.4,19.3,2.95,106.87,0,-0.05,0.0,Ayee
2024-11-20 13:35,2,3.7,16.8,0.69,109.86,0,-0.05,0.0,Ayee
2024-11-20 13:39,2,3.7,14.7,0.84,82.95,0,-0.13,0.0,Ayee
2024-11-20 13:41,1,3.7,16.3,1.56,71.67,0,0.0,0.0,Ayee
2024-11-20 13:46,1,3.5,14.1,0.08,81.74,0,-0.06,0.0,Ayee
2024-11-20 13:51,2,3.8,13.9,1.39,113.73,0,-0.06,0.0,Ayee
2024-11-20 13:56,2,3.7,17.5,1.52,117.68,0,-0.02,0.0,Ayee
2024-11-20 14:01,2,3.3,14.7,0.67,112.81,0,-0.09,0.0,Ayee
2024-11-20 14:06,2,3.3,15.3,2.0,109.16,0,0.13,0.0,Ayee
2024-11-20 14:11,2,3.3,16.8,1.54,109.59,0,0.04,0.0,Ayee
2024-11-20 14:16,2,3.2,19.3,2.04,109.4,0,0.1,0.0,Ayee
2024-11-20 14:21,2,3.5,14.0,2.82,108.99,0,0.26,0.0,Ayee
2024-11-20 14:26,2,3.2,15.5,1.51,109.69,0,0.06,0.0,Ayee
2024-11-20 14:31,2,3.4,14.1,0.56,108.57,0,-0.11,0.0,Ayee
2024-11-20 14:36,2,3.3,18.3,0.27,109.08,0,-0.19,0.0,Ayee
2024-11-20 14:41,2,3.3,17.6,0.73,111.01,0,-0.11,0.0,Ayee
2024-11-20 14:46,2,3.2,16.8,0.45,110.18,0,-0.13,0.0,Ayee
2024-11-20 14:51,2,3.1,14.5,1.01,110.25,0,-0.01,0.0,Ayee
2024-11-20 14:56,2,3.2,14.3,0.57,109.29,0,-0.09,0.0,Ayee
2024-11-20 15:01,2,3.3,14.6,1.17,110.54,0,0.0,0.0,Ayee
2024-11-20 15:06,2,3.1,18.1,2.45,111.37,0,0.19,0.0,Ayee
2024-11-20 15:11,2,3.2,14.4,1.12,110.31,0,0.0,0.0,Ayee
2024-11-20 15:16,2,3.3,14.3,1.21,109.95,0,0.01,0.0,Ayee
2024-11-20 15:21,2,3.3,14.4,1.69,110.35,0,0.09,0.0,Ayee
2024-11-20 15:26,2,3.4,14.2,0.34,111.09,0,-0.15,0.0,Ayee
2024-11-20 15:31,2,3.4,15.6,0.73,110.86,0,-0.1,0.0,Ayee
2024-11-20 15:36,2,3.3,14.2,0.33,110.92,0,-0.14,0.0,Ayee
2024-11-20 15:41,2,3.3,14.1,0.0,109.76,0,-0.19,0.0,Ayee
2024-11-20 15:46,2,3.2,14.1,0.18,109.78,0,-0.15,0.0,Ayee
2024-11-20 15:51,2,3.2,14.0,0.33,109.91,0,-0.12,0.0,Ayee
2024-11-20 15:56,2,3.3,13.8,0.21,110.35,0,-0.15,0.0,Ayee
2024-11-20 16:01,2,3.4,13.6,0.0,110.44,0,-0.2,0.0,Ayee
2024-11-20 16:06,2,3.2,14.1,0.9,110.63,0,-0.03,0.0,Ayee
2024-11-20 16:11,2,3.3,13.7,1.12,110.18,0,0.0,0.0,Ayee
2024-11-20 16:16,2,3.5,14.3,0.76,111.16,0,-0.09,0.0,Ayee
2024-11-20 16:21,2,3.5,13.9,0.0,110.54,0,-0.21,0.0,Ayee
2024-11-20 16:26,2,3.3,14.2,0.75,110.16,0,-0.07,0.0,Ayee
2024-11-20 16:31,2,3.5,14.0,0.64,110.82,0,-0.1,0.0,Ayee
2024-11-20 16:36,2,3.8,14.2,0.72,110.35,0,-0.13,0.0,Ayee
2024-11-20 16:41,2,3.7,14.6,1.18,110.1,0,-0.04,0.0,Ayee
2024-11-20 16:46,2,3.8,14.7,1.25,109.84,0,-0.04,0.0,Ayee
2024-11-20 16:51,2,3.7,15.1,3.36,110.8,0,0.31,0.0,Ayee
2024-11-20 16:56,2,3.8,15.4,1.86,110.1,0,0.05,0.0,Ayee
2024-11-20 17:01,2,3.7,15.7,1.62,110.69,0,0.02,0.0,Ayee
2024-11-20 17:06,2,3.5,15.8,1.43,110.8,0,0.01,0.0,Ayee
2024-11-20 17:11,2,3.7,15.9,1.93,110.52,0,0.07,0.0,Ayee
2024-11-20 17:16,2,3.6,16.3,1.58,111.39,0,0.02,0.0,Ayee
2024-11-20 17:21,2,3.8,16.1,1.77,110.46,0,0.03,0.0,Ayee
2024-11-20 17:26,2,3.9,16.6,1.93,111.24,0,0.04,0.0,Ayee
2024-11-20 17:31,2,3.9,17.0,3.74,110.75,0,0.34,0.0,Ayee
2024-11-20 17:36,2,4.0,17.3,3.01,110.52,0,0.2,0.0,Ayee
2024-11-20 17:41,2,3.9,17.5,2.78,111.82,0,0.17,0.0,Ayee
2024-11-20 17:46,2,3.9,17.1,1.56,111.41,0,-0.03,0.0,Ayee
2024-11-20 17:51,2,3.8,17.6,3.39,110.07,0,0.28,0.0,Ayee
2024-11-20 17:56,2,3.6,18.1,1.17,111.58,0,-0.07,0.0,Ayee
2024-11-20 18:01,2,3.8,17.5,2.38,111.18,0,0.11,0.0,Ayee
2024-11-20 18:06,2,4.5,17.1,2.32,110.86,0,0.03,0.0,Ayee
2024-11-20 18:11,2,4.5,16.5,1.93,111.2,0,-0.02,0.0,Ayee
2024-11-20 18:16,2,4.4,16.9,2.27,110.69,0,0.04,0.0,Ayee
2024-11-20 18:21,2,4.3,16.8,2.34,110.54,0,0.06,0.0,Ayee
2024-11-20 18:26,2,4.6,16.9,6.39,110.78,0,0.7,0.0,Ayee
2024-11-20 18:31,2,4.4,17.0,2.75,112.31,0,0.12,0.0,Ayee
2024-11-20 18:36,2,4.5,16.8,1.25,110.01,0,-0.14,0.0,Ayee
2024-11-20 18:41,2,4.5,16.7,2.07,111.05,0,0.0,0.0,Ayee
2024-11-20 18:46,2,4.3,17.0,2.16,111.03,0,0.03,0.0,Ayee
2024-11-20 18:51,2,3.9,17.4,3.6,110.65,0,0.31,0.0,Ayee
2024-11-20 18:56,2,3.5,18.9,2.2,110.67,0,0.1,0.0,Ayee
2024-11-20 19:01,2,3.6,18.1,1.15,111.37,0,-0.07,0.0,Ayee
2024-11-20 19:06,2,3.5,18.6,1.44,111.88,0,-0.02,0.0,Ayee
2024-11-20 19:12,2,3.6,18.4,1.93,111.77,0,0.05,0.0,Ayee
2024-11-20 19:17,2,3.4,18.6,3.34,112.03,0,0.31,0.0,Ayee
2024-11-20 19:22,2,3.3,18.8,0.85,111.2,0,-0.1,0.0,Ayee
2024-11-20 19:27,2,3.3,19.0,2.87,111.05,0,0.23,0.0,Ayee
2024-11-20 19:32,2,3.6,19.1,1.02,111.67,0,-0.11,0.0,Ayee
2024-11-20 19:37,2,3.4,18.3,2.58,110.46,0,0.18,0.0,Ayee
2024-11-20 19:42,2,3.2,18.6,0.44,112.14,0,-0.15,0.0,Ayee
2024-11-20 19:47,2,3.1,18.6,0.72,111.84,0,-0.1,0.0,Ayee
2024-11-20 19:52,2,3.6,17.2,1.57,111.09,0,0.0,0.0,Ayee
2024-11-20 19:57,2,3.6,17.8,0.48,111.48,0,-0.18,0.0,Ayee
2024-11-20 20:02,2,3.5,17.6,1.32,111.65,0,-0.03,0.0,Ayee
2024-11-20 20:07,2,3.2,19.8,3.12,111.52,0,0.28,0.0,Ayee
2024-11-20 20:12,2,3.1,20.1,1.91,112.07,0,0.09,0.0,Ayee
2024-11-20 20:17,2,2.9,19.4,1.79,111.58,0,0.09,0.0,Ayee
2024-11-20 20:22,2,2.9,20.2,3.92,111.71,0,0.44,0.0,Ayee
2024-11-20 20:27,2,2.9,20.5,4.27,111.5,0,0.49,0.0,Ayee
2024-11-20 20:32,2,2.8,21.0,4.26,112.11,0,0.5,0.0,Ayee
2024-11-20 20:37,2,2.7,20.7,2.64,111.48,0,0.24,0.0,Ayee
2024-11-20 20:42,2,2.7,21.7,1.42,110.37,0,0.03,0.0,Ayee
2024-11-20 20:47,2,3.0,20.7,2.92,110.92,0,0.26,0.0,Ayee
2024-11-20 20:52,2,2.8,20.9,1.46,111.52,0,0.03,0.0,Ayee
2024-11-20 20:57,2,2.9,20.4,1.17,110.63,0,-0.02,0.0,Ayee
2024-11-20 21:02,2,2.5,21.4,1.88,110.44,0,0.13,0.0,Ayee
2024-11-20 21:07,2,2.6,20.6,1.55,111.48,0,0.07,0.0,Ayee
2024-11-20 21:12,2,2.9,19.9,0.12,111.6,0,-0.19,0.0,Ayee
2024-11-20 21:17,2,2.6,22.2,1.07,112.35,0,-0.02,0.0,Ayee
2024-11-20 21:22,2,2.3,20.8,0.46,113.56,0,-0.08,0.0,Ayee
2024-11-20 21:27,2,2.6,21.8,2.93,111.12,0,0.29,0.0,Ayee
2024-11-20 21:32,2,2.9,21.0,2.58,112.56,0,0.21,0.0,Ayee
2024-11-20 21:37,2,2.6,21.7,2.79,112.64,0,0.27,0.0,Ayee
2024-11-20 21:42,2,2.2,22.6,3.28,113.11,0,0.38,0.0,Ayee
2024-11-20 21:47,2,2.1,23.1,0.92,113.69,0,0.0,0.0,Ayee
2024-11-20 21:52,2,1.9,23.0,0.96,110.25,0,0.03,0.0,Ayee
2024-11-20 21:57,2,1.8,23.5,1.94,112.75,0,0.19,0.0,Ayee
2024-11-20 22:02,2,1.8,23.1,1.38,110.14,0,0.11,0.0,Ayee
2024-11-20 22:07,2,1.8,23.3,1.01,112.03,0,0.04,0.0,Ayee
2024-11-20 22:12,2,1.8,23.1,1.48,112.28,0,0.12,0.0,Ayee
2024-11-20 22:17,2,1.6,23.1,1.16,111.18,0,0.09,0.0,Ayee
2024-11-20 22:22,2,1.6,23.3,1.37,112.22,0,0.12,0.0,Ayee
2024-11-20 22:27,2,1.9,23.2,1.05,110.54,0,0.04,0.0,Ayee
2024-11-20 22:32,2,1.7,23.1,1.02,110.07,0,0.06,0.0,Ayee
2024-11-20 22:37,2,1.7,23.2,0.22,110.67,0,-0.08,0.0,Ayee
2024-11-20 22:42,2,1.7,24.8,1.01,111.54,0,0.04,0.0,Ayee
2024-11-20 22:47,2,1.8,23.0,0.81,111.94,0,0.01,0.0,Ayee
2024-11-20 22:52,2,1.4,24.2,0.87,113.07,0,0.05,0.0,Ayee
2024-11-20 22:57,2,1.4,23.8,0.52,112.09,0,0.0,0.0,Ayee
2024-11-20 23:02,2,1.8,23.3,1.05,111.77,0,0.05,0.0,Ayee
2024-11-20 23:07,2,1.9,23.1,1.4,111.56,0,0.1,0.0,Ayee
2024-11-20 23:12,2,1.9,22.2,1.21,111.9,0,0.08,0.0,Ayee
2024-11-20 23:17,2,2.0,22.7,1.02,112.54,0,0.03,0.0,Ayee
2024-11-20 23:22,2,1.8,22.9,0.59,112.41,0,-0.02,0.0,Ayee
2024-11-20 23:27,2,1.5,23.1,0.74,111.8,0,0.03,0.0,Ayee
2024-11-20 23:32,2,1.6,23.6,0.91,113.22,0,0.04,0.0,Ayee
2024-11-20 23:37,2,1.4,23.6,0.13,111.33,0,-0.06,0.0,Ayee
2024-11-20 23:42,2,1.0,24.7,0.46,114.17,0,0.02,0.0,Ayee
2024-11-20 23:47,2,0.9,24.5,1.55,111.67,0,0.22,0.0,Ayee
2024-11-20 23:52,2,0.7,24.4,0.18,111.26,0,0.01,0.0,Ayee
2024-11-20 23:57,2,0.9,24.8,0.3,112.58,0,0.0,0.0,Ayee
2024-11-21 0:02,2,0.8,24.6,0.11,114.17,0,-0.01,0.0,Ayee
2024-11-21 0:07,2,0.6,25.2,0.51,111.46,0,0.07,0.0,Ayee
2024-11-21 0:12,2,0.3,25.3,0.27,111.75,0,0.06,0.0,Ayee
2024-11-21 0:17,2,0.5,25.0,0.42,111.92,0,0.07,0.0,Ayee
2024-11-21 0:22,2,0.3,25.2,0.13,112.03,0,0.04,0.0,Ayee
2024-11-21 0:27,2,0.1,25.3,0.87,111.26,0,0.18,0.0,Ayee
2024-11-21 0:32,2,0.1,25.3,1.4,111.35,0,0.27,0.0,Ayee
2024-11-21 0:37,2,0.0,25.1,0.18,112.16,0,0.08,0.0,Ayee
2024-11-21 0:42,2,0.3,24.8,0.0,111.77,0,0.02,0.0,Ayee
2024-11-21 0:47,2,0.2,25.6,0.46,112.31,0,0.1,0.0,Ayee
2024-11-21 0:52,2,0.1,25.3,0.85,112.16,0,0.18,0.0,Ayee
2024-11-21 0:57,2,0.2,25.3,0.0,111.09,0,0.03,0.0,Ayee
2024-11-21 1:02,2,0.2,25.2,0.13,112.84,0,0.05,0.0,Ayee
2024-11-21 1:07,2,0.2,24.8,0.91,112.81,0,0.18,0.0,Ayee
2024-11-21 1:12,2,0.1,24.4,0.98,112.24,0,0.21,0.0,Ayee
2024-11-21 1:17,2,0.2,24.8,0.0,110.95,0,0.03,0.0,Ayee
2024-11-21 1:22,2,0.1,25.1,0.59,111.52,0,0.14,0.0,Ayee
2024-11-21 1:27,2,0.0,25.1,1.51,111.88,0,0.3,0.0,Ayee
2024-11-21 1:32,2,-0.1,24.8,1.5,111.05,0,0.31,0.0,Ayee
2024-11-21 1:37,2,-0.3,25.9,0.25,112.09,0,0.12,0.0,Ayee
2024-11-21 1:42,2,0.2,24.7,0.39,112.56,0,0.1,0.0,Ayee
2024-11-21 1:47,2,0.7,24.7,0.83,111.69,0,0.12,0.0,Ayee
2024-11-21 1:52,2,0.7,24.7,0.79,111.97,0,0.11,0.0,Ayee
2024-11-21 1:57,2,0.8,24.7,0.36,111.63,0,0.03,0.0,Ayee
2024-11-21 2:02,2,0.4,25.8,0.0,111.52,0,0.0,0.0,Ayee
2024-11-21 2:07,2,0.0,26.8,0.22,113.07,0,0.07,0.0,Ayee
2024-11-21 2:12,2,0.0,26.9,0.87,111.92,0,0.17,0.0,Ayee
2024-11-21 2:17,2,-0.3,26.9,0.3,112.84,0,0.11,0.0,Ayee
2024-11-21 2:22,2,-0.3,27.0,0.55,112.16,0,0.15,0.0,Ayee
2024-11-21 2:27,2,-0.1,26.6,0.54,110.95,0,0.13,0.0,Ayee
2024-11-21 2:32,2,-0.2,26.4,0.37,111.63,0,0.12,0.0,Ayee
2024-11-21 2:37,2,-0.2,26.2,0.59,111.26,0,0.16,0.0,Ayee
2024-11-21 2:42,2,-0.2,26.3,0.11,111.56,0,0.08,0.0,Ayee
2024-11-21 2:47,2,-0.3,26.7,0.26,111.75,0,0.11,0.0,Ayee
2024-11-21 2:52,2,0.1,25.8,0.57,112.6,0,0.13,0.0,Ayee
2024-11-21 2:57,2,0.1,25.7,0.33,111.82,0,0.09,0.0,Ayee
2024-11-21 3:02,2,0.3,25.5,0.42,113.35,0,0.08,0.0,Ayee
2024-11-21 3:07,2,0.1,26.1,0.85,112.54,0,0.17,0.0,Ayee
2024-11-21 3:12,2,0.0,26.8,0.37,112.28,0,0.09,0.0,Ayee
2024-11-21 3:17,2,-0.3,26.9,0.68,110.63,0,0.18,0.0,Ayee
2024-11-21 3:22,2,-0.3,26.9,0.31,110.8,0,0.11,0.0,Ayee
2024-11-21 3:27,2,-0.4,27.2,0.0,111.71,0,0.07,0.0,Ayee
2024-11-21 3:32,2,-0.7,28.0,0.0,112.58,0,0.09,0.0,Ayee
2024-11-21 3:37,2,-1.1,28.4,0.0,111.48,0,0.13,0.0,Ayee
2024-11-21 3:42,2,-1.3,28.5,0.72,113.39,0,0.27,0.0,Ayee
2024-11-21 3:47,2,-1.3,27.9,0.26,113.92,0,0.2,0.0,Ayee
2024-11-21 3:52,2,-1.6,28.8,0.0,113.3,0,0.18,0.0,Ayee
2024-11-21 3:57,2,-1.4,28.6,0.3,112.01,0,0.21,0.0,Ayee
2024-11-21 4:02,2,-1.3,28.4,0.68,110.07,0,0.27,0.0,Ayee
2024-11-21 4:07,2,-1.2,27.9,0.59,113.37,0,0.25,0.0,Ayee
2024-11-21 4:12,2,-1.1,27.7,0.02,111.09,0,0.14,0.0,Ayee
2024-11-21 4:17,2,-1.3,28.0,0.22,112.48,0,0.2,0.0,Ayee
2024-11-21 4:22,2,-1.3,28.7,0.0,112.69,0,0.15,0.0,Ayee
2024-11-21 4:27,2,-1.4,28.7,0.33,113.09,0,0.22,0.0,Ayee
2024-11-21 4:32,2,-1.6,28.3,0.56,111.5,0,0.28,0.0,Ayee
2024-11-21 4:37,2,-1.6,29.1,0.04,111.94,0,0.19,0.0,Ayee
2024-11-21 4:42,2,-1.5,28.6,0.61,112.43,0,0.28,0.0,Ayee
2024-11-21 4:47,2,-1.4,28.3,0.09,112.6,0,0.18,0.0,Ayee
2024-11-21 4:52,2,-1.6,29.0,0.15,111.6,0,0.21,0.0,Ayee
2024-11-21 4:57,2,-1.9,29.1,1.16,112.41,0,0.4,0.0,Ayee
2024-11-21 5:02,2,-1.7,28.5,0.81,111.86,0,0.33,0.0,Ayee
2024-11-21 5:07,2,-1.4,28.3,1.05,112.9,0,0.34,0.0,Ayee
2024-11-21 5:12,2,-1.8,28.8,1.23,111.46,0,0.41,0.0,Ayee
2024-11-21 5:17,2,-1.6,28.6,0.37,111.48,0,0.25,0.0,Ayee
2024-11-21 5:22,2,-1.6,28.4,0.39,112.16,0,0.25,0.0,Ayee
2024-11-21 5:27,2,-1.7,28.5,0.29,111.88,0,0.24,0.0,Ayee
2024-11-21 5:32,2,-1.4,28.7,0.11,111.07,0,0.18,0.0,Ayee
2024-11-21 5:37,2,-1.4,29.0,0.0,110.88,0,0.16,0.0,Ayee
2024-11-21 5:42,2,-1.5,29.3,0.0,110.1,0,0.17,0.0,Ayee
2024-11-21 5:47,2,-1.5,29.3,0.01,112.07,0,0.17,0.0,Ayee
2024-11-21 5:52,2,-1.4,29.0,0.0,110.39,0,0.16,0.0,Ayee
2024-11-21 5:57,2,-1.5,28.8,0.13,110.78,0,0.19,0.0,Ayee
2024-11-21 6:02,2,-1.6,29.0,0.17,111.26,0,0.21,0.0,Ayee
2024-11-21 6:07,2,-1.6,28.7,0.0,110.99,0,0.18,0.0,Ayee
2024-11-21 6:12,2,-1.7,29.4,0.0,111.01,0,0.19,0.0,Ayee
2024-11-21 6:17,2,-1.8,29.2,0.0,111.5,0,0.2,0.0,Ayee
2024-11-21 6:22,2,-1.8,29.3,0.07,111.16,0,0.21,0.0,Ayee
2024-11-21 6:27,2,-2.0,30.1,0.59,109.71,0,0.31,0.0,Ayee
2024-11-21 6:32,2,-1.9,30.0,0.3,110.25,0,0.25,0.0,Ayee
2024-11-21 6:37,2,-1.8,29.5,0.0,111.99,0,0.2,0.0,Ayee
2024-11-21 6:42,2,-1.7,29.2,0.4,111.46,0,0.26,0.0,Ayee
2024-11-21 6:47,2,-1.7,29.5,0.02,110.58,0,0.19,0.0,Ayee
2024-11-21 6:52,2,-1.7,29.3,0.11,110.37,0,0.21,0.0,Ayee
2024-11-21 6:57,2,-1.9,29.7,0.0,109.84,0,0.21,0.0,Ayee
2024-11-21 7:02,2,-1.8,29.3,0.07,111.75,0,0.21,0.0,Ayee
2024-11-21 7:07,2,-1.5,29.3,0.0,111.8,0,0.17,0.0,Ayee
2024-11-21 7:12,2,-1.5,29.4,0.0,112.69,0,0.17,0.0,Ayee
2024-11-21 7:17,2,-1.8,29.5,0.0,110.63,0,0.2,0.0,Ayee
2024-11-21 7:22,2,-1.7,29.6,0.0,111.16,0,0.19,0.0,Ayee
2024-11-21 7:27,2,-1.8,29.8,0.13,111.03,0,0.21,0.0,Ayee
2024-11-21 7:32,2,-1.6,29.5,0.0,112.75,0,0.18,0.0,Ayee
2024-11-21 7:37,2,-1.3,28.9,0.0,111.31,0,0.15,0.0,Ayee
2024-11-21 7:42,2,-1.2,28.7,0.0,111.67,0,0.14,0.0,Ayee
2024-11-21 7:47,2,-1.1,28.5,0.0,111.2,0,0.13,0.0,Ayee
2024-11-21 7:52,2,-0.9,28.2,0.0,112.05,0,0.11,0.0,Ayee
2024-11-21 7:57,2,-0.9,28.0,0.22,110.8,0,0.15,0.0,Ayee
2024-11-21 8:02,2,-0.4,27.6,0.0,113.11,0,0.07,0.0,Ayee
2024-11-21 8:07,2,0.2,26.9,0.0,111.12,0,0.01,0.0,Ayee
2024-11-21 8:12,2,0.8,26.8,0.0,111.56,0,-0.05,0.0,Ayee
2024-11-21 8:17,2,0.8,25.9,0.32,111.01,0,0.01,0.0,Ayee
2024-11-21 8:22,2,0.7,28.8,0.11,111.73,0,-0.05,0.0,Ayee
2024-11-21 8:27,2,0.6,26.9,0.85,111.56,0,0.11,0.0,Ayee
2024-11-21 8:32,2,0.9,26.4,0.0,110.8,0,-0.06,0.0,Ayee
2024-11-21 8:37,2,2.0,24.3,0.0,110.95,0,-0.16,0.0,Ayee
2024-11-21 8:42,2,2.4,23.6,0.0,110.56,0,-0.19,0.0,Ayee
2024-11-21 8:47,2,2.8,24.2,0.0,110.5,0,-0.24,0.0,Ayee
2024-11-21 8:52,2,2.1,25.7,0.24,111.05,0,-0.14,0.0,Ayee
2024-11-21 8:57,2,1.4,31.9,0.0,111.07,0,-0.17,0.0,Ayee
2024-11-21 9:02,2,2.2,29.1,0.03,110.78,0,-0.22,0.0,Ayee
2024-11-21 9:07,2,1.9,30.8,0.0,109.27,0,-0.21,0.0,Ayee
2024-11-21 9:12,2,1.2,31.0,0.14,111.07,0,-0.12,0.0,Ayee
2024-11-21 9:17,2,1.0,29.5,0.05,110.61,0,-0.1,0.0,Ayee
2024-11-21 9:22,2,1.6,28.5,0.05,111.39,0,-0.15,0.0,Ayee
2024-11-21 9:27,2,1.3,31.0,0.0,111.48,0,-0.15,0.0,Ayee
2024-11-21 9:32,2,1.1,31.0,0.11,110.27,0,-0.11,0.0,Ayee
2024-11-21 9:37,2,1.3,31.7,0.87,110.27,0,-0.02,0.0,Ayee
2024-11-21 9:42,2,1.1,32.3,0.3,111.16,0,-0.09,0.0,Ayee
2024-11-21 9:47,2,0.7,29.8,0.41,111.6,0,-0.01,0.0,Ayee
2024-11-21 9:52,2,1.1,28.2,0.01,111.07,0,-0.1,0.0,Ayee
2024-11-21 9:57,2,1.5,27.5,0.45,110.33,0,-0.06,0.0,Ayee
2024-11-21 10:02,2,1.5,27.2,0.0,110.44,0,-0.13,0.0,Ayee
2024-11-21 10:07,2,1.4,27.8,0.28,111.18,0,-0.08,0.0,Ayee
2024-11-21 10:12,2,1.7,27.9,0.0,111.71,0,-0.16,0.0,Ayee
2024-11-21 10:17,2,2.1,24.8,0.0,112.26,0,-0.17,0.0,Ayee
2024-11-21 10:22,2,2.1,30.7,1.28,110.52,0,-0.02,0.0,Ayee
2024-11-21 10:27,2,1.7,25.6,0.01,111.14,0,-0.14,0.0,Ayee
2024-11-21 10:32,2,2.1,27.5,0.97,111.05,0,-0.04,0.0,Ayee
2024-11-21 10:37,2,1.8,26.1,0.71,111.75,0,-0.04,0.0,Ayee
2024-11-21 10:42,2,1.8,25.6,0.25,111.24,0,-0.11,0.0,Ayee
2024-11-21 10:47,2,1.9,26.2,0.99,110.37,0,0.0,0.0,Ayee
2024-11-21 10:52,2,1.6,25.9,0.69,112.39,0,-0.02,0.0,Ayee
2024-11-21 10:57,2,2.4,26.2,0.0,112.77,0,-0.22,0.0,Ayee
2024-11-21 11:02,2,2.9,27.8,0.47,112.28,0,-0.21,0.0,Ayee
2024-11-21 11:07,2,2.8,27.8,0.06,111.01,0,-0.27,0.0,Ayee
2024-11-21 11:12,2,2.4,30.2,0.47,112.67,0,-0.18,0.0,Ayee
2024-11-21 11:17,2,2.9,25.7,0.45,111.92,0,-0.19,0.0,Ayee
2024-11-21 11:22,2,3.2,24.0,2.31,112.09,0,0.1,0.0,Ayee
2024-11-21 11:27,2,2.6,27.6,0.47,110.63,0,-0.18,0.0,Ayee
2024-11-21 11:32,2,2.7,23.9,0.0,110.31,0,-0.23,0.0,Ayee
2024-11-21 11:37,2,2.9,23.5,0.0,112.48,0,-0.25,0.0,Ayee
2024-11-21 11:42,2,2.8,27.4,0.8,110.99,0,-0.14,0.0,Ayee
2024-11-21 11:47,2,2.7,29.5,0.67,110.5,0,-0.18,0.0,Ayee
2024-11-21 11:52,2,2.6,24.4,0.36,112.92,0,-0.16,0.0,Ayee
2024-11-21 11:57,2,3.1,22.9,0.0,111.69,0,-0.26,0.0,Ayee
2024-11-21 12:02,2,3.5,22.2,0.0,111.07,0,-0.3,0.0,Ayee
2024-11-21 12:07,2,3.1,23.5,0.6,110.1,0,-0.17,0.0,Ayee
2024-11-21 12:12,2,2.8,23.0,0.08,110.07,0,-0.22,0.0,Ayee
2024-11-21 12:17,2,3.1,24.5,0.51,110.41,0,-0.19,0.0,Ayee
2024-11-21 12:22,2,2.8,26.2,1.19,111.46,0,-0.07,0.0,Ayee
2024-11-21 12:27,2,2.6,27.2,1.12,112.56,0,-0.07,0.0,Ayee
2024-11-21 12:32,2,2.7,26.8,0.71,109.93,0,-0.14,0.0,Ayee
2024-11-21 12:37,2,2.7,25.5,0.44,109.78,0,-0.17,0.0,Ayee
2024-11-21 12:42,2,2.8,24.3,0.61,110.22,0,-0.14,0.0,Ayee
2024-11-21 12:47,2,2.8,23.5,0.62,110.14,0,-0.13,0.0,Ayee
2024-11-21 12:52,2,2.9,23.6,0.64,109.48,0,-0.14,0.0,Ayee
2024-11-21 12:57,2,3.0,24.5,0.53,111.5,0,-0.18,0.0,Ayee
2024-11-21 13:02,2,2.7,23.7,0.51,109.37,0,-0.14,0.0,Ayee
2024-11-21 13:07,2,2.7,24.4,0.38,109.01,0,-0.17,0.0,Ayee
2024-11-21 13:12,2,2.9,24.3,0.88,111.41,0,-0.11,0.0,Ayee
2024-11-21 13:17,2,2.9,28.4,0.58,107.99,0,-0.2,0.0,Ayee
2024-11-21 13:22,2,2.8,25.5,0.0,112.01,0,-0.26,0.0,Ayee
2024-11-21 13:27,2,3.1,25.9,0.12,111.2,0,-0.27,0.0,Ayee
2024-11-21 13:32,2,2.9,25.5,0.21,111.12,0,-0.23,0.0,Ayee
2024-11-21 13:37,2,2.9,29.3,1.0,109.23,0,-0.14,0.0,Ayee
2024-11-21 13:42,2,2.8,26.8,0.63,109.29,0,-0.17,0.0,Ayee
2024-11-21 13:47,2,2.9,25.8,0.58,111.22,0,-0.17,0.0,Ayee
2024-11-21 13:52,2,3.2,25.8,0.73,110.37,0,-0.18,0.0,Ayee
2024-11-21 13:57,2,3.1,23.2,0.0,109.91,0,-0.26,0.0,Ayee
2024-11-21 14:02,2,3.2,23.0,0.71,110.39,0,-0.15,0.0,Ayee
2024-11-21 14:07,2,3.1,26.5,1.52,110.27,0,-0.05,0.0,Ayee
2024-11-21 14:12,2,3.1,24.4,1.26,109.69,0,-0.07,0.0,Ayee
2024-11-21 14:17,2,3.1,22.9,0.42,108.5,0,-0.19,0.0,Ayee
2024-11-21 14:22,2,3.2,24.0,1.16,109.54,0,-0.09,0.0,Ayee
2024-11-21 14:27,2,3.4,27.0,1.14,111.33,0,-0.15,0.0,Ayee
2024-11-21 14:32,2,3.3,24.6,1.28,110.56,0,-0.09,0.0,Ayee
2024-11-21 14:37,2,3.3,25.3,1.22,108.91,0,-0.1,0.0,Ayee
2024-11-21 14:42,2,3.3,25.1,1.56,111.41,0,-0.05,0.0,Ayee
2024-11-21 14:47,2,3.4,24.1,0.71,109.71,0,-0.19,0.0,Ayee
2024-11-21 14:52,2,3.5,25.4,1.86,109.4,0,-0.02,0.0,Ayee
2024-11-21 14:57,2,3.5,25.1,1.64,109.71,0,-0.06,0.0,Ayee
2024-11-21 15:02,2,3.5,27.1,0.56,110.52,0,-0.25,0.0,Ayee
2024-11-21 15:07,2,3.8,25.1,0.31,110.31,0,-0.31,0.0,Ayee
2024-11-21 15:12,2,3.7,25.4,0.75,111.37,0,-0.23,0.0,Ayee
2024-11-21 15:17,2,3.6,24.3,1.75,110.63,0,-0.04,0.0,Ayee
2024-11-21 15:22,2,3.7,24.1,2.62,110.39,0,0.1,0.0,Ayee
2024-11-21 15:27,2,3.8,24.5,1.76,109.23,0,-0.06,0.0,Ayee
2024-11-21 15:33,2,3.9,24.8,1.71,112.6,0,-0.08,0.0,Ayee
2024-11-21 15:38,2,4.0,25.4,1.47,109.67,0,-0.14,0.0,Ayee
2024-11-21 15:43,2,4.0,25.6,0.73,109.23,0,-0.26,0.0,Ayee
2024-11-21 15:48,2,4.0,25.9,1.47,108.95,0,-0.15,0.0,Ayee
2024-11-21 15:53,2,3.9,26.1,2.15,111.09,0,-0.02,0.0,Ayee
2024-11-21 15:58,2,4.0,26.1,2.82,108.74,0,0.08,0.0,Ayee
2024-11-21 16:03,2,3.9,26.2,1.19,110.95,0,-0.18,0.0,Ayee
2024-11-21 16:08,2,4.1,26.2,2.51,110.01,0,0.01,0.0,Ayee
2024-11-21 16:13,2,4.0,26.8,2.58,108.89,0,0.03,0.0,Ayee
2024-11-21 16:18,2,4.0,26.8,3.01,109.31,0,0.1,0.0,Ayee
2024-11-21 16:23,2,4.1,26.8,3.54,109.33,0,0.18,0.0,Ayee
2024-11-21 16:28,2,4.1,27.4,3.41,107.84,0,0.15,0.0,Ayee
2024-11-21 16:33,2,4.1,27.0,2.97,110.48,0,0.08,0.0,Ayee
2024-11-21 16:38,2,4.0,26.8,2.32,109.44,0,-0.01,0.0,Ayee
2024-11-21 16:43,2,4.0,27.0,3.75,110.54,0,0.22,0.0,Ayee
2024-11-21 16:48,2,4.0,26.9,2.69,108.42,0,0.05,0.0,Ayee
2024-11-21 16:53,2,3.9,27.0,2.25,108.44,0,-0.02,0.0,Ayee
2024-11-21 16:58,2,4.0,27.2,2.8,108.16,0,0.06,0.0,Ayee
2024-11-21 17:03,2,3.9,27.0,3.33,109.63,0,0.16,0.0,Ayee
2024-11-21 17:08,2,4.0,26.7,1.71,109.23,0,-0.11,0.0,Ayee
2024-11-21 17:13,2,3.9,27.0,4.76,109.01,0,0.4,0.0,Ayee
2024-11-21 17:18,2,3.8,27.3,1.88,109.01,0,-0.07,0.0,Ayee
2024-11-21 17:23,2,3.9,27.2,3.29,111.37,0,0.15,0.0,Ayee
2024-11-21 17:28,2,3.9,27.1,1.17,111.43,0,-0.2,0.0,Ayee
2024-11-21 17:33,2,3.8,27.4,1.09,108.95,0,-0.2,0.0,Ayee
2024-11-21 17:38,2,3.8,27.5,1.92,110.16,0,-0.07,0.0,Ayee
2024-11-21 17:43,2,3.8,27.4,2.51,109.99,0,0.03,0.0,Ayee
2024-11-21 17:48,2,3.6,27.5,2.23,110.44,0,0.01,0.0,Ayee
2024-11-21 17:53,2,3.8,26.7,0.96,109.01,0,-0.22,0.0,Ayee
2024-11-21 17:58,2,3.9,26.2,2.42,110.35,0,0.02,0.0,Ayee
2024-11-21 18:03,2,3.8,26.7,3.17,110.25,0,0.15,0.0,Ayee
2024-11-21 18:08,2,4.0,27.0,3.03,110.86,0,0.1,0.0,Ayee
2024-11-21 18:13,2,4.1,26.1,1.56,110.71,0,-0.14,0.0,Ayee
2024-11-21 18:18,2,3.9,26.8,0.68,109.52,0,-0.28,0.0,Ayee
2024-11-21 18:23,2,3.7,26.9,1.25,111.71,0,-0.16,0.0,Ayee
2024-11-21 18:28,2,4.2,26.3,2.71,111.24,0,0.04,0.0,Ayee
2024-11-21 18:33,2,4.2,26.0,1.88,109.48,0,-0.1,0.0,Ayee
2024-11-21 18:38,2,4.0,26.7,1.64,111.63,0,-0.13,0.0,Ayee
2024-11-21 18:43,2,4.0,27.1,1.29,111.39,0,-0.19,0.0,Ayee
2024-11-21 18:48,2,3.6,27.5,0.88,109.4,0,-0.22,0.0,Ayee
2024-11-21 18:53,2,3.7,27.5,1.44,111.31,0,-0.14,0.0,Ayee
2024-11-21 18:58,2,3.5,27.0,0.77,110.61,0,-0.22,0.0,Ayee
2024-11-21 19:03,2,3.3,26.7,0.0,110.03,0,-0.32,0.0,Ayee
2024-11-21 19:08,2,3.6,26.7,1.98,108.35,0,-0.03,0.0,Ayee
2024-11-21 19:13,2,3.6,28.2,3.99,109.86,0,0.29,0.0,Ayee
2024-11-21 19:18,2,3.8,27.8,2.44,109.48,0,0.02,0.0,Ayee
2024-11-21 19:23,2,3.6,28.5,0.72,111.18,0,-0.25,0.0,Ayee
2024-11-21 19:28,2,3.3,28.7,1.39,111.01,0,-0.11,0.0,Ayee
2024-11-21 19:33,2,3.6,28.4,0.98,109.54,0,-0.21,0.0,Ayee
2024-11-21 19:38,2,3.4,28.8,0.77,108.74,0,-0.23,0.0,Ayee
2024-11-21 19:43,2,3.2,28.5,1.2,110.67,0,-0.13,0.0,Ayee
2024-11-21 19:48,2,3.2,29.6,1.45,110.41,0,-0.1,0.0,Ayee
2024-11-21 19:53,2,3.1,29.3,1.48,110.78,0,-0.08,0.0,Ayee
2024-11-21 19:58,2,3.0,29.3,0.66,110.8,0,-0.21,0.0,Ayee
2024-11-21 20:03,2,2.9,29.6,0.88,110.18,0,-0.16,0.0,Ayee
2024-11-21 20:08,2,2.9,28.9,0.0,110.48,0,-0.3,0.0,Ayee
2024-11-21 20:13,2,3.1,29.6,0.0,110.03,0,-0.33,0.0,Ayee
2024-11-21 20:18,2,3.3,28.8,0.4,111.01,0,-0.28,0.0,Ayee
2024-11-21 20:23,2,3.2,29.5,0.18,109.46,0,-0.31,0.0,Ayee
2024-11-21 20:28,2,3.1,27.4,0.85,110.88,0,-0.17,0.0,Ayee
2024-11-21 20:33,2,2.3,29.6,0.77,111.24,0,-0.12,0.0,Ayee
2024-11-21 20:38,2,2.5,30.0,0.0,110.58,0,-0.27,0.0,Ayee
2024-11-21 20:43,2,2.7,29.3,0.31,110.8,0,-0.23,0.0,Ayee
2024-11-21 20:48,2,3.0,29.4,0.0,111.14,0,-0.32,0.0,Ayee
2024-11-21 20:53,2,2.5,29.8,0.29,111.67,0,-0.22,0.0,Ayee
2024-11-21 20:58,2,2.9,30.2,0.16,111.18,0,-0.29,0.0,Ayee
2024-11-21 21:03,2,2.5,29.4,1.69,110.35,0,0.02,0.0,Ayee
2024-11-21 21:08,2,2.8,28.7,2.1,110.14,0,0.06,0.0,Ayee
2024-11-21 21:13,2,2.2,29.5,2.03,111.43,0,0.1,0.0,Ayee
2024-11-21 21:18,2,2.9,29.1,1.36,111.33,0,-0.08,0.0,Ayee
2024-11-21 21:23,2,2.6,29.7,0.18,110.73,0,-0.25,0.0,Ayee
2024-11-21 21:28,2,2.7,29.8,1.47,111.6,0,-0.05,0.0,Ayee
2024-11-21 21:33,2,2.2,30.1,2.69,113.15,0,0.21,0.0,Ayee
2024-11-21 21:38,2,1.8,30.3,2.23,113.75,0,0.17,0.0,Ayee
2024-11-21 21:43,2,2.1,30.7,0.35,113.26,0,-0.18,0.0,Ayee
2024-11-21 21:48,2,2.1,30.3,1.25,114.28,0,-0.02,0.0,Ayee
2024-11-21 21:53,2,1.8,30.1,2.1,112.81,0,0.15,0.0,Ayee
2024-11-21 21:58,2,1.8,30.7,1.51,111.41,0,0.05,0.0,Ayee
2024-11-21 22:03,2,1.7,31.0,0.51,112.54,0,-0.11,0.0,Ayee
2024-11-21 22:08,2,1.6,31.8,1.13,111.29,0,-0.01,0.0,Ayee
2024-11-21 22:13,2,1.9,31.1,0.0,110.03,0,-0.22,0.0,Ayee
2024-11-21 22:18,2,1.6,31.3,1.0,109.97,0,-0.02,0.0,Ayee
2024-11-21 22:23,2,1.4,31.5,1.19,112.37,0,0.03,0.0,Ayee
2024-11-21 22:28,2,1.4,32.2,1.88,112.43,0,0.14,0.0,Ayee
2024-11-21 22:33,2,0.9,32.1,2.1,111.29,0,0.23,0.0,Ayee
2024-11-21 22:38,2,1.0,32.0,2.41,111.22,0,0.27,0.0,Ayee
2024-11-21 22:43,2,1.0,31.9,2.32,112.45,0,0.26,0.0,Ayee
2024-11-21 22:48,2,0.9,32.0,2.05,111.22,0,0.22,0.0,Ayee
2024-11-21 22:53,2,1.1,31.9,1.83,111.16,0,0.16,0.0,Ayee
2024-11-21 22:58,2,1.0,31.9,0.98,112.24,0,0.03,0.0,Ayee
2024-11-21 23:03,2,1.3,30.9,1.02,113.66,0,0.02,0.0,Ayee
2024-11-21 23:08,2,1.2,31.4,0.0,112.64,0,-0.15,0.0,Ayee
2024-11-21 23:13,2,1.4,30.8,0.66,111.35,0,-0.05,0.0,Ayee
2024-11-21 23:18,2,1.2,31.6,1.07,112.79,0,0.03,0.0,Ayee
2024-11-21 23:23,2,1.0,31.5,1.18,113.18,0,0.07,0.0,Ayee
2024-11-21 23:28,2,0.8,31.9,1.07,111.63,0,0.07,0.0,Ayee
2024-11-21 23:33,2,0.8,31.7,1.59,111.71,0,0.16,0.0,Ayee
2024-11-21 23:38,2,0.9,31.5,1.49,112.84,0,0.13,0.0,Ayee
2024-11-21 23:43,2,0.8,31.9,1.6,113.15,0,0.16,0.0,Ayee
2024-11-21 23:48,2,0.7,31.9,2.38,112.18,0,0.3,0.0,Ayee
2024-11-21 23:53,2,0.7,31.7,2.34,113.45,0,0.29,0.0,Ayee
2024-11-21 23:58,2,0.7,31.9,1.88,112.77,0,0.22,0.0,Ayee
2024-11-22 0:03,2,0.8,32.1,1.07,112.62,0,0.07,0.0,Ayee
2024-11-22 0:08,2,1.1,31.5,0.66,113.2,0,-0.03,0.0,Ayee
2024-11-22 0:13,2,0.9,32.1,0.09,112.28,0,-0.11,0.0,Ayee
2024-11-22 0:18,2,1.1,31.8,0.0,112.9,0,-0.14,0.0,Ayee
2024-11-22 0:23,2,1.1,31.4,1.03,113.79,0,0.04,0.0,Ayee
2024-11-22 0:28,2,1.0,32.2,1.25,113.3,0,0.07,0.0,Ayee
2024-11-22 0:33,2,1.2,31.7,0.42,113.52,0,-0.08,0.0,Ayee
2024-11-22 0:38,2,1.0,31.7,0.05,113.15,0,-0.12,0.0,Ayee
2024-11-22 0:43,2,1.0,31.7,0.74,112.77,0,0.0,0.0,Ayee
2024-11-22 0:48,2,0.8,32.0,0.48,111.82,0,-0.03,0.0,Ayee
2024-11-22 0:53,2,0.9,31.9,0.16,111.01,0,-0.09,0.0,Ayee
2024-11-22 0:58,2,1.0,32.3,1.4,110.8,0,0.1,0.0,Ayee
2024-11-22 1:03,2,0.8,32.5,1.9,112.58,0,0.2,0.0,Ayee
2024-11-22 1:08,2,1.0,32.5,1.16,112.41,0,0.06,0.0,Ayee
2024-11-22 1:13,2,1.0,32.3,1.81,113.24,0,0.17,0.0,Ayee
2024-11-22 1:18,2,0.7,32.8,0.53,111.54,0,-0.02,0.0,Ayee
2024-11-22 1:23,2,1.0,32.4,0.05,111.54,0,-0.13,0.0,Ayee
2024-11-22 1:28,2,0.8,32.4,0.21,111.07,0,-0.08,0.0,Ayee
2024-11-22 1:33,2,0.9,32.2,0.0,112.14,0,-0.12,0.0,Ayee
2024-11-22 1:38,2,0.6,32.9,0.33,112.81,0,-0.04,0.0,Ayee
2024-11-22 1:43,2,0.5,33.0,1.45,113.32,0,0.15,0.0,Ayee
2024-11-22 1:48,2,0.7,32.9,0.61,111.65,0,-0.01,0.0,Ayee
2024-11-22 1:53,2,0.4,33.4,0.85,112.22,0,0.06,0.0,Ayee
2024-11-22 1:58,2,0.6,33.4,0.93,112.11,0,0.05,0.0,Ayee
2024-11-22 2:03,2,0.4,34.2,1.62,112.79,0,0.18,0.0,Ayee
2024-11-22 2:08,2,0.3,34.3,1.07,112.01,0,0.1,0.0,Ayee
2024-11-22 2:13,2,0.7,33.7,0.02,111.92,0,-0.11,0.0,Ayee
2024-11-22 2:18,2,0.6,33.6,0.87,111.6,0,0.04,0.0,Ayee
2024-11-22 2:23,2,0.5,33.9,0.35,112.62,0,-0.04,0.0,Ayee
2024-11-22 2:28,2,0.3,34.2,1.53,111.63,0,0.18,0.0,Ayee
2024-11-22 2:33,2,0.3,34.7,1.28,112.01,0,0.13,0.0,Ayee
2024-11-22 2:38,2,0.3,34.2,0.26,111.97,0,-0.04,0.0,Ayee
2024-11-22 2:43,2,0.5,33.8,0.11,111.69,0,-0.08,0.0,Ayee
2024-11-22 2:48,2,0.2,34.2,1.05,110.75,0,0.11,0.0,Ayee
2024-11-22 2:53,2,0.1,34.0,1.16,112.22,0,0.14,0.0,Ayee
2024-11-22 2:58,2,0.1,34.7,1.25,111.67,0,0.15,0.0,Ayee
2024-11-22 3:03,2,0.4,34.9,0.74,112.31,0,0.03,0.0,Ayee
2024-11-22 3:08,2,0.3,35.4,0.46,113.09,0,-0.01,0.0,Ayee
2024-11-22 3:13,2,0.4,35.5,0.28,112.6,0,-0.06,0.0,Ayee
2024-11-22 3:18,2,0.4,35.4,0.13,113.01,0,-0.08,0.0,Ayee
2024-11-22 3:23,2,0.2,36.2,0.21,112.45,0,-0.05,0.0,Ayee
2024-11-22 3:28,2,0.2,36.2,0.13,111.56,0,-0.07,0.0,Ayee
2024-11-22 3:33,2,0.1,36.0,1.03,112.56,0,0.1,0.0,Ayee
2024-11-22 3:38,2,0.1,36.0,1.6,114.05,0,0.19,0.0,Ayee
2024-11-22 3:43,2,-0.2,37.3,1.27,112.5,0,0.15,0.0,Ayee
2024-11-22 3:48,2,0.2,36.3,0.68,111.63,0,0.02,0.0,Ayee
2024-11-22 3:53,2,0.1,35.9,0.0,111.63,0,-0.07,0.0,Ayee
2024-11-22 3:58,2,0.0,37.1,2.1,113.18,0,0.27,0.0,Ayee
2024-11-22 4:03,2,-0.2,37.0,1.85,110.56,0,0.25,0.0,Ayee
2024-11-22 4:08,2,-0.3,38.0,0.55,110.95,0,0.04,0.0,Ayee
2024-11-22 4:13,2,-0.1,37.2,0.55,111.73,0,0.03,0.0,Ayee
2024-11-22 4:18,2,-0.1,36.5,0.74,111.56,0,0.06,0.0,Ayee
2024-11-22 4:23,2,-0.2,36.8,1.47,112.43,0,0.19,0.0,Ayee
2024-11-22 4:28,2,-0.4,37.7,2.12,111.46,0,0.31,0.0,Ayee
2024-11-22 4:33,2,-0.6,38.1,2.03,112.37,0,0.32,0.0,Ayee
2024-11-22 4:38,2,-0.7,38.6,2.36,111.99,0,0.37,0.0,Ayee
2024-11-22 4:43,2,-0.7,38.6,2.47,111.33,0,0.39,0.0,Ayee
2024-11-22 4:48,2,-0.8,38.9,2.15,111.2,0,0.35,0.0,Ayee
2024-11-22 4:53,2,-0.7,38.9,2.32,112.88,0,0.37,0.0,Ayee
2024-11-22 4:58,2,-0.7,38.6,1.75,112.54,0,0.27,0.0,Ayee
2024-11-22 5:03,2,-0.2,37.2,0.57,111.35,0,0.04,0.0,Ayee
2024-11-22 5:08,2,-0.4,37.1,1.83,111.56,0,0.27,0.0,Ayee
2024-11-22 5:13,2,-0.5,37.6,0.79,112.2,0,0.1,0.0,Ayee
2024-11-22 5:18,2,-0.5,37.2,0.61,112.48,0,0.08,0.0,Ayee
2024-11-22 5:23,2,-0.6,36.6,1.02,112.73,0,0.16,0.0,Ayee
2024-11-22 5:28,2,-0.6,36.3,0.38,111.29,0,0.06,0.0,Ayee
2024-11-22 5:33,2,-0.6,36.9,0.46,111.56,0,0.07,0.0,Ayee
2024-11-22 5:38,2,-0.7,35.6,1.55,112.9,0,0.27,0.0,Ayee
2024-11-22 5:43,2,-0.7,36.5,0.78,111.31,0,0.13,0.0,Ayee
2024-11-22 5:48,2,-0.6,36.0,1.48,110.54,0,0.25,0.0,Ayee
2024-11-22 5:53,2,-0.7,37.0,0.57,110.29,0,0.1,0.0,Ayee
2024-11-22 5:58,2,-0.7,36.6,0.13,111.12,0,0.03,0.0,Ayee
2024-11-22 6:03,2,-0.6,36.4,0.77,109.84,0,0.12,0.0,Ayee
2024-11-22 6:08,2,-0.6,36.4,1.06,111.16,0,0.17,0.0,Ayee
2024-11-22 6:13,2,-0.6,36.1,1.29,110.69,0,0.21,0.0,Ayee
2024-11-22 6:18,2,-0.6,36.0,0.79,112.56,0,0.13,0.0,Ayee
2024-11-22 6:23,2,-0.9,37.1,0.05,112.05,0,0.03,0.0,Ayee
2024-11-22 6:28,2,-1.1,37.1,1.66,112.03,0,0.32,0.0,Ayee
2024-11-22 6:33,2,-1.2,37.7,1.33,112.77,0,0.27,0.0,Ayee
2024-11-22 6:38,2,-1.4,37.8,0.74,108.84,0,0.19,0.0,Ayee
2024-11-22 6:43,2,-1.2,37.4,0.42,112.62,0,0.12,0.0,Ayee
2024-11-22 6:48,2,-1.1,37.2,0.85,113.24,0,0.18,0.0,Ayee
2024-11-22 6:53,2,-0.9,36.9,0.96,112.18,0,0.18,0.0,Ayee
2024-11-22 6:58,2,-1.0,36.7,0.74,112.73,0,0.16,0.0,Ayee
2024-11-22 7:03,2,-1.1,36.8,0.97,111.82,0,0.21,0.0,Ayee
2024-11-22 7:08,2,-1.0,36.8,1.38,112.43,0,0.26,0.0,Ayee
2024-11-22 7:13,2,-1.1,37.2,1.51,112.11,0,0.29,0.0,Ayee
2024-11-22 7:18,2,-1.3,37.1,1.71,111.9,0,0.35,0.0,Ayee
2024-11-22 7:23,2,-1.2,36.8,1.17,112.24,0,0.25,0.0,Ayee
2024-11-22 7:28,2,-0.9,36.2,1.13,113.37,0,0.22,0.0,Ayee
2024-11-22 7:33,2,-0.9,35.8,1.01,113.71,0,0.2,0.0,Ayee
2024-11-22 7:38,2,-0.8,36.2,0.42,112.67,0,0.09,0.0,Ayee
2024-11-22 7:43,2,-0.7,36.2,0.2,112.45,0,0.04,0.0,Ayee
2024-11-22 7:48,2,-0.8,36.3,0.31,114.05,0,0.07,0.0,Ayee
2024-11-22 7:53,2,-0.9,36.6,0.38,112.94,0,0.09,0.0,Ayee
2024-11-22 7:58,2,-0.6,35.9,0.53,112.22,0,0.09,0.0,Ayee
2024-11-22 8:03,2,0.2,33.9,0.88,111.67,0,0.08,0.0,Ayee
2024-11-22 8:08,2,1.1,33.2,0.69,111.43,0,-0.04,0.0,Ayee
2024-11-22 8:13,2,1.9,31.8,0.0,112.67,0,-0.22,0.0,Ayee
2024-11-22 8:18,2,1.9,31.3,0.22,112.84,0,-0.18,0.0,Ayee
2024-11-22 8:23,2,2.6,32.3,0.0,112.48,0,-0.31,0.0,Ayee
2024-11-22 8:28,2,2.6,30.0,0.0,112.01,0,-0.28,0.0,Ayee
2024-11-22 8:33,2,2.4,31.4,0.0,111.22,0,-0.27,0.0,Ayee
2024-11-22 8:38,2,2.3,30.7,0.18,110.29,0,-0.23,0.0,Ayee
2024-11-22 8:43,2,1.8,34.5,0.04,110.65,0,-0.24,0.0,Ayee
2024-11-22 8:48,2,2.0,33.3,0.0,111.24,0,-0.25,0.0,Ayee
2024-11-22 8:53,2,3.0,29.4,0.0,110.58,0,-0.32,0.0,Ayee
2024-11-22 8:58,2,2.2,35.6,0.42,111.16,0,-0.23,0.0,Ayee
2024-11-22 9:03,2,1.4,35.0,0.09,111.16,0,-0.19,0.0,Ayee
2024-11-22 9:08,2,1.8,32.9,0.0,110.69,0,-0.23,0.0,Ayee
2024-11-22 9:13,2,2.2,32.4,0.0,111.43,0,-0.26,0.0,Ayee
2024-11-22 9:18,2,1.6,37.3,1.33,111.99,0,-0.03,0.0,Ayee
2024-11-22 9:23,2,1.3,34.9,0.24,110.73,0,-0.15,0.0,Ayee
2024-11-22 9:28,2,1.3,34.9,0.0,111.33,0,-0.19,0.0,Ayee
2024-11-22 9:33,2,1.2,40.9,0.06,110.37,0,-0.24,0.0,Ayee
2024-11-22 9:38,2,1.3,38.2,0.0,112.39,0,-0.23,0.0,Ayee
2024-11-22 9:43,2,1.6,36.7,0.0,111.14,0,-0.24,0.0,Ayee
2024-11-22 9:48,2,2.0,34.7,0.0,113.13,0,-0.27,0.0,Ayee
2024-11-22 9:53,2,2.4,32.3,0.0,111.37,0,-0.28,0.0,Ayee
2024-11-22 9:58,2,1.9,33.9,0.0,112.09,0,-0.25,0.0,Ayee
2024-11-22 10:03,2,1.9,32.9,0.14,111.56,0,-0.21,0.0,Ayee
2024-11-22 10:08,2,1.8,32.4,0.0,112.52,0,-0.22,0.0,Ayee
2024-11-22 10:13,2,1.8,34.9,0.21,112.31,0,-0.21,0.0,Ayee
2024-11-22 10:18,2,2.0,33.4,0.58,112.2,0,-0.16,0.0,Ayee
2024-11-22 10:23,2,2.4,30.3,0.0,111.8,0,-0.26,0.0,Ayee
2024-11-22 10:28,2,2.9,28.9,0.19,110.22,0,-0.27,0.0,Ayee
2024-11-22 10:33,2,2.4,30.9,0.95,111.86,0,-0.11,0.0,Ayee
2024-11-22 10:38,2,2.2,30.9,0.0,110.92,0,-0.25,0.0,Ayee
2024-11-22 10:43,2,2.4,29.3,0.73,111.22,0,-0.13,0.0,Ayee
2024-11-22 10:48,2,1.9,30.6,0.52,111.58,0,-0.13,0.0,Ayee
2024-11-22 10:53,2,1.9,29.3,0.43,110.69,0,-0.13,0.0,Ayee
2024-11-22 10:58,2,2.0,30.5,0.56,108.33,0,-0.13,0.0,Ayee
2024-11-22 11:03,2,2.0,30.0,0.6,110.67,0,-0.12,0.0,Ayee
2024-11-22 11:08,2,1.9,30.9,0.16,111.12,0,-0.19,0.0,Ayee
2024-11-22 11:13,2,2.0,29.9,0.75,112.64,0,-0.09,0.0,Ayee
2024-11-22 11:18,2,2.3,29.2,0.45,109.97,0,-0.17,0.0,Ayee
2024-11-22 11:23,2,2.4,29.8,0.43,110.69,0,-0.19,0.0,Ayee
2024-11-22 11:28,2,2.4,29.8,0.36,111.71,0,-0.2,0.0,Ayee
2024-11-22 11:33,2,2.3,29.9,0.03,110.67,0,-0.24,0.0,Ayee
2024-11-22 11:38,2,2.3,28.6,0.06,109.35,0,-0.22,0.0,Ayee
2024-11-22 11:43,2,2.3,29.5,0.31,110.48,0,-0.19,0.0,Ayee
2024-11-22 11:48,2,2.3,29.5,0.43,110.8,0,-0.17,0.0,Ayee
2024-11-22 11:53,2,2.2,29.4,0.45,109.8,0,-0.16,0.0,Ayee
2024-11-22 11:59,2,2.3,29.1,0.36,110.14,0,-0.18,0.0,Ayee
2024-11-22 12:04,2,2.5,27.5,0.38,111.43,0,-0.18,0.0,Ayee
2024-11-22 12:09,2,2.5,28.6,0.07,110.25,0,-0.24,0.0,Ayee
2024-11-22 12:14,2,2.8,27.4,0.0,110.33,0,-0.28,0.0,Ayee
2024-11-22 12:19,2,2.8,27.5,0.0,111.35,0,-0.28,0.0,Ayee
2024-11-22 12:24,2,2.8,27.2,0.0,110.97,0,-0.27,0.0,Ayee
2024-11-22 12:29,2,2.9,27.9,0.0,109.74,0,-0.29,0.0,Ayee
2024-11-22 12:34,2,2.9,28.0,0.45,109.57,0,-0.22,0.0,Ayee
2024-11-22 12:39,2,3.0,27.0,0.0,109.67,0,-0.29,0.0,Ayee
2024-11-22 12:44,2,2.9,30.8,0.51,109.03,0,-0.24,0.0,Ayee
2024-11-22 12:49,2,2.8,28.0,0.0,109.29,0,-0.28,0.0,Ayee
2024-11-22 12:54,2,2.9,30.5,0.25,109.69,0,-0.28,0.0,Ayee
2024-11-22 12:59,2,2.7,27.0,0.16,111.26,0,-0.23,0.0,Ayee
2024-11-22 13:04,2,2.9,27.6,0.08,109.76,0,-0.27,0.0,Ayee
2024-11-22 13:09,2,2.9,28.0,0.64,109.5,0,-0.19,0.0,Ayee
2024-11-22 13:14,2,2.7,31.6,0.77,108.97,0,-0.18,0.0,Ayee
2024-11-22 13:19,2,2.8,27.2,0.25,107.53,0,-0.23,0.0,Ayee
2024-11-22 13:24,2,3.0,28.3,0.27,108.33,0,-0.26,0.0,Ayee
2024-11-22 13:29,2,3.0,28.2,0.0,107.89,0,-0.31,0.0,Ayee
2024-11-22 13:34,2,2.9,27.8,0.0,108.67,0,-0.29,0.0,Ayee
2024-11-22 13:39,2,2.8,29.8,0.31,108.86,0,-0.25,0.0,Ayee
2024-11-22 13:44,2,2.9,28.5,0.0,109.12,0,-0.3,0.0,Ayee
2024-11-22 13:49,2,3.1,26.9,0.0,109.27,0,-0.3,0.0,Ayee
2024-11-22 13:54,2,3.4,26.3,0.0,107.91,0,-0.33,0.0,Ayee
2024-11-22 13:59,2,3.4,27.7,0.25,108.4,0,-0.3,0.0,Ayee
2024-11-22 14:04,2,2.9,28.5,1.47,109.06,0,-0.05,0.0,Ayee
2024-11-22 14:09,2,2.8,29.3,0.12,109.82,0,-0.28,0.0,Ayee
2024-11-22 14:14,2,2.8,27.7,1.54,107.53,0,-0.02,0.0,Ayee
2024-11-22 14:19,2,3.0,31.1,1.17,108.27,0,-0.14,0.0,Ayee
2024-11-22 14:24,2,2.8,29.3,1.88,109.8,0,0.02,0.0,Ayee
2024-11-22 14:29,2,3.0,29.8,0.34,108.95,0,-0.27,0.0,Ayee
2024-11-22 14:34,2,3.0,29.0,0.68,109.16,0,-0.2,0.0,Ayee
2024-11-22 14:39,2,3.1,30.1,0.4,109.84,0,-0.27,0.0,Ayee
2024-11-22 14:44,2,3.2,27.6,0.36,107.21,0,-0.26,0.0,Ayee
2024-11-22 14:49,2,3.2,26.9,0.34,108.55,0,-0.26,0.0,Ayee
2024-11-22 14:54,2,3.4,26.0,0.77,107.4,0,-0.2,0.0,Ayee
2024-11-22 14:59,2,3.4,26.4,0.0,108.74,0,-0.33,0.0,Ayee
2024-11-22 15:04,2,3.7,26.1,0.25,107.65,0,-0.32,0.0,Ayee
2024-11-22 15:09,2,3.5,25.7,0.98,107.74,0,-0.17,0.0,Ayee
2024-11-22 15:14,2,3.6,25.4,1.06,107.0,0,-0.17,0.0,Ayee
2024-11-22 15:19,2,3.6,27.0,0.88,107.42,0,-0.21,0.0,Ayee
2024-11-22 15:24,2,3.5,24.6,0.75,107.36,0,-0.2,0.0,Ayee
2024-11-22 15:29,2,3.5,27.6,1.4,107.31,0,-0.12,0.0,Ayee
2024-11-22 15:34,2,3.7,25.3,1.2,109.44,0,-0.15,0.0,Ayee
2024-11-22 15:39,2,3.8,24.8,1.43,108.33,0,-0.12,0.0,Ayee
2024-11-22 15:44,2,3.8,24.5,1.55,108.4,0,-0.1,0.0,Ayee
2024-11-22 15:49,2,3.8,24.8,0.98,108.57,0,-0.19,0.0,Ayee
2024-11-22 15:54,2,3.9,24.6,0.84,107.76,0,-0.22,0.0,Ayee
2024-11-22 15:59,2,4.0,23.8,1.14,106.06,0,-0.18,0.0,Ayee
2024-11-22 16:04,2,4.0,24.5,1.82,106.42,0,-0.07,0.0,Ayee
2024-11-22 16:09,2,3.9,24.7,1.4,107.08,0,-0.13,0.0,Ayee
2024-11-22 16:14,2,4.0,25.1,1.4,107.68,0,-0.15,0.0,Ayee
2024-11-22 16:19,2,4.0,24.6,2.6,106.72,0,0.06,0.0,Ayee
2024-11-22 16:24,2,4.1,24.7,0.94,106.78,0,-0.23,0.0,Ayee
2024-11-22 16:29,2,4.1,25.6,1.63,107.51,0,-0.13,0.0,Ayee
2024-11-22 16:34,2,3.9,25.4,1.07,106.08,0,-0.2,0.0,Ayee
2024-11-22 16:39,2,3.8,26.8,2.62,106.36,0,0.06,0.0,Ayee
2024-11-22 16:44,2,3.7,26.0,1.4,107.38,0,-0.13,0.0,Ayee
2024-11-22 16:49,2,3.8,26.0,2.62,106.32,0,0.07,0.0,Ayee
2024-11-22 16:54,2,3.7,25.9,1.62,106.23,0,-0.09,0.0,Ayee
2024-11-22 16:59,2,3.8,26.0,2.16,105.61,0,-0.01,0.0,Ayee
2024-11-22 17:04,2,3.8,25.9,1.43,108.12,0,-0.13,0.0,Ayee
2024-11-22 17:09,2,3.7,26.2,2.18,106.04,0,0.0,0.0,Ayee
2024-11-22 17:14,2,3.7,26.4,1.05,105.13,0,-0.19,0.0,Ayee
2024-11-22 17:19,2,3.5,26.2,1.11,105.91,0,-0.15,0.0,Ayee
2024-11-22 17:24,2,3.7,27.0,1.26,105.11,0,-0.16,0.0,Ayee
2024-11-22 17:29,2,3.5,27.2,2.38,104.79,0,0.05,0.0,Ayee
2024-11-22 17:34,2,3.6,27.3,2.25,105.93,0,0.01,0.0,Ayee
2024-11-22 17:39,2,3.6,26.2,2.36,104.47,0,0.04,0.0,Ayee
2024-11-22 17:44,2,3.6,27.0,4.06,104.51,0,0.32,0.0,Ayee
2024-11-22 17:49,2,3.5,27.3,3.54,104.62,0,0.24,0.0,Ayee
2024-11-22 17:54,2,3.6,26.8,1.9,104.7,0,-0.04,0.0,Ayee
2024-11-22 17:59,2,3.7,27.0,1.58,105.08,0,-0.11,0.0,Ayee
2024-11-22 18:04,2,3.6,27.9,1.34,106.1,0,-0.14,0.0,Ayee
2024-11-22 18:09,2,3.4,29.8,2.75,105.59,0,0.09,0.0,Ayee
2024-11-22 18:14,2,3.3,30.0,2.06,105.55,0,-0.02,0.0,Ayee
2024-11-22 18:19,2,3.2,29.4,1.17,103.77,0,-0.15,0.0,Ayee
2024-11-22 18:24,2,3.2,30.2,1.47,104.38,0,-0.1,0.0,Ayee
2024-11-22 18:29,2,3.1,29.3,0.46,105.44,0,-0.25,0.0,Ayee
2024-11-22 18:34,2,3.2,28.5,0.75,105.13,0,-0.21,0.0,Ayee
2024-11-22 18:39,2,3.2,28.4,1.38,106.08,0,-0.1,0.0,Ayee
2024-11-22 18:44,2,3.4,27.7,1.27,104.89,0,-0.13,0.0,Ayee
2024-11-22 18:49,2,3.4,27.7,0.36,104.38,0,-0.28,0.0,Ayee
2024-11-22 18:54,2,3.2,28.2,1.77,105.91,0,-0.03,0.0,Ayee
2024-11-22 18:59,2,3.3,28.0,1.27,105.83,0,-0.13,0.0,Ayee
2024-11-22 19:04,2,3.3,28.0,0.96,105.89,0,-0.18,0.0,Ayee
2024-11-22 19:09,2,3.2,28.3,1.36,105.81,0,-0.1,0.0,Ayee
2024-11-22 19:14,2,3.3,27.2,2.57,105.95,0,0.1,0.0,Ayee
2024-11-22 19:19,2,3.4,26.8,1.84,105.42,0,-0.03,0.0,Ayee
2024-11-22 19:24,2,3.3,30.0,1.6,105.51,0,-0.09,0.0,Ayee
2024-11-22 19:29,2,3.1,28.5,1.55,104.77,0,-0.06,0.0,Ayee
2024-11-22 19:34,2,3.3,28.0,2.7,104.55,0,0.11,0.0,Ayee
2024-11-22 19:39,2,3.3,28.8,2.38,105.61,0,0.05,0.0,Ayee
2024-11-22 19:44,2,2.9,31.7,3.86,104.66,0,0.31,0.0,Ayee
2024-11-22 19:49,2,2.8,30.1,2.4,105.19,0,0.09,0.0,Ayee
2024-11-22 19:54,2,3.0,28.8,0.85,104.91,0,-0.17,0.0,Ayee
2024-11-22 19:59,2,3.0,30.8,1.2,105.0,0,-0.13,0.0,Ayee
2024-11-22 20:04,2,3.1,28.6,1.11,104.64,0,-0.14,0.0,Ayee
2024-11-22 20:09,2,2.9,28.4,0.85,105.23,0,-0.16,0.0,Ayee
2024-11-22 20:14,2,3.1,29.0,1.15,105.23,0,-0.13,0.0,Ayee
2024-11-22 20:19,2,3.0,30.8,1.29,105.49,0,-0.12,0.0,Ayee
2024-11-22 20:24,2,2.7,32.1,0.66,105.49,0,-0.2,0.0,Ayee
2024-11-22 20:29,2,2.6,32.7,1.28,106.61,0,-0.1,0.0,Ayee
2024-11-22 20:34,2,2.7,32.3,0.31,102.9,0,-0.27,0.0,Ayee
2024-11-22 20:39,2,2.6,32.4,1.97,102.83,0,0.02,0.0,Ayee
2024-11-22 20:44,2,2.6,32.6,1.17,101.62,0,-0.12,0.0,Ayee
2024-11-22 20:49,2,2.6,32.8,0.29,97.86,0,-0.26,0.0,Ayee
2024-11-22 20:54,2,2.5,32.7,0.61,100.24,0,-0.2,0.0,Ayee
2024-11-22 20:59,2,2.6,32.5,1.02,105.7,0,-0.14,0.0,Ayee
2024-11-22 21:04,2,2.4,32.4,1.89,102.79,0,0.03,0.0,Ayee
2024-11-22 21:09,2,2.6,32.4,1.25,104.62,0,-0.1,0.0,Ayee
2024-11-22 21:14,2,2.6,31.9,0.9,105.13,0,-0.15,0.0,Ayee
2024-11-22 21:19,2,2.7,31.1,1.73,106.21,0,-0.02,0.0,Ayee
2024-11-22 21:24,2,2.8,29.3,1.16,105.72,0,-0.1,0.0,Ayee
2024-11-22 21:29,2,3.0,28.4,0.33,106.23,0,-0.25,0.0,Ayee
2024-11-22 21:34,2,2.9,26.9,0.16,106.32,0,-0.25,0.0,Ayee
2024-11-22 21:39,2,2.9,31.0,0.27,105.4,0,-0.28,0.0,Ayee
2024-11-22 21:44,2,2.6,31.1,0.14,106.19,0,-0.27,0.0,Ayee
2024-11-22 21:49,2,2.5,32.6,0.77,105.36,0,-0.17,0.0,Ayee
2024-11-22 21:54,2,2.6,31.1,0.18,107.04,0,-0.26,0.0,Ayee
2024-11-22 21:59,2,2.5,31.1,0.33,106.59,0,-0.23,0.0,Ayee
2024-11-22 22:04,2,2.6,29.3,0.03,106.02,0,-0.27,0.0,Ayee
2024-11-22 22:09,2,2.6,31.5,0.72,105.89,0,-0.18,0.0,Ayee
2024-11-22 22:14,2,2.1,35.6,0.72,106.61,0,-0.17,0.0,Ayee
2024-11-22 22:19,2,1.4,35.8,0.96,107.25,0,-0.05,0.0,Ayee
2024-11-22 22:24,2,1.1,35.7,0.03,106.27,0,-0.17,0.0,Ayee
2024-11-22 22:29,2,1.2,35.7,0.0,105.91,0,-0.19,0.0,Ayee
2024-11-22 22:34,2,1.4,35.3,0.38,107.65,0,-0.14,0.0,Ayee
2024-11-22 22:39,2,1.5,34.8,1.07,106.15,0,-0.04,0.0,Ayee
2024-11-22 22:44,2,1.3,35.2,2.15,107.59,0,0.16,0.0,Ayee
2024-11-22 22:49,2,1.4,34.4,1.21,108.44,0,0.0,0.0,Ayee
2024-11-22 22:54,2,1.7,33.5,0.55,107.72,0,-0.13,0.0,Ayee
2024-11-22 22:59,2,1.7,32.8,0.62,108.67,0,-0.11,0.0,Ayee
2024-11-22 23:04,2,1.7,33.2,0.0,107.57,0,-0.22,0.0,Ayee
2024-11-22 23:09,2,1.5,33.3,0.16,105.64,0,-0.17,0.0,Ayee
2024-11-22 23:14,2,1.6,33.0,0.66,106.27,0,-0.1,0.0,Ayee
2024-11-22 23:19,2,1.8,33.0,0.03,107.51,0,-0.22,0.0,Ayee
2024-11-22 23:24,2,1.7,33.1,0.0,107.27,0,-0.22,0.0,Ayee
2024-11-22 23:29,2,1.6,33.2,0.77,105.36,0,-0.08,0.0,Ayee
2024-11-22 23:34,2,1.5,32.5,0.42,104.85,0,-0.12,0.0,Ayee
2024-11-22 23:39,2,1.5,32.6,0.26,104.47,0,-0.15,0.0,Ayee
2024-11-22 23:44,2,1.5,32.6,0.29,104.47,0,-0.14,0.0,Ayee
2024-11-22 23:49,2,1.5,32.6,1.03,104.57,0,-0.02,0.0,Ayee
2024-11-22 23:54,2,1.6,32.5,0.76,104.04,0,-0.07,0.0,Ayee
2024-11-22 23:59,2,1.5,32.5,0.0,105.47,0,-0.19,0.0,Ayee
2024-11-23 0:04,2,1.6,32.7,0.03,105.02,0,-0.2,0.0,Ayee
2024-11-23 0:09,2,1.5,32.7,0.77,105.66,0,-0.06,0.0,Ayee
2024-11-23 0:14,2,1.4,33.4,0.0,105.34,0,-0.19,0.0,Ayee
2024-11-23 0:19,2,1.3,33.7,0.64,105.76,0,-0.07,0.0,Ayee
2024-11-23 0:24,2,1.1,34.6,0.48,105.49,0,-0.09,0.0,Ayee
2024-11-23 0:29,2,1.2,33.7,0.4,105.3,0,-0.1,0.0,Ayee
2024-11-23 0:34,2,1.2,33.3,1.21,104.89,0,0.03,0.0,Ayee
2024-11-23 0:39,2,1.4,33.2,1.55,104.38,0,0.07,0.0,Ayee
2024-11-23 0:44,2,1.5,32.3,0.66,104.91,0,-0.08,0.0,Ayee
2024-11-23 0:49,2,1.4,32.2,1.12,105.19,0,0.01,0.0,Ayee
2024-11-23 0:54,2,1.3,32.5,0.48,104.77,0,-0.09,0.0,Ayee
2024-11-23 0:59,2,1.3,31.8,1.38,104.13,0,0.07,0.0,Ayee
2024-11-23 1:04,2,1.5,31.5,1.79,106.32,0,0.12,0.0,Ayee
2024-11-23 1:09,2,1.5,30.7,0.14,104.83,0,-0.15,0.0,Ayee
2024-11-23 1:14,2,0.3,39.8,0.07,103.81,0,-0.12,0.0,Ayee
2024-11-23 1:19,2,0.8,34.9,0.11,105.36,0,-0.12,0.0,Ayee
2024-11-23 1:24,2,1.0,35.1,0.0,105.59,0,-0.16,0.0,Ayee
2024-11-23 1:29,2,1.0,33.9,0.0,104.87,0,-0.15,0.0,Ayee
2024-11-23 1:34,2,1.2,36.0,0.09,104.6,0,-0.18,0.0,Ayee
2024-11-23 1:39,2,1.0,35.4,0.05,104.7,0,-0.16,0.0,Ayee
2024-11-23 1:44,2,1.1,33.8,0.11,104.96,0,-0.14,0.0,Ayee
2024-11-23 1:49,2,0.8,37.9,0.0,104.51,0,-0.17,0.0,Ayee
2024-11-23 1:54,2,0.9,36.8,1.31,105.38,0,0.05,0.0,Ayee
2024-11-23 1:59,2,1.3,35.6,0.46,103.89,0,-0.12,0.0,Ayee
2024-11-23 2:04,2,1.3,35.5,1.18,105.04,0,0.0,0.0,Ayee
2024-11-23 2:09,2,1.3,35.4,0.66,103.87,0,-0.09,0.0,Ayee
2024-11-23 2:14,2,1.3,35.5,0.0,104.72,0,-0.2,0.0,Ayee
2024-11-23 2:19,2,1.4,35.4,0.72,104.87,0,-0.09,0.0,Ayee
2024-11-23 2:24,2,1.2,36.2,0.01,104.47,0,-0.19,0.0,Ayee
2024-11-23 2:29,2,1.2,37.1,0.0,104.83,0,-0.2,0.0,Ayee
2024-11-23 2:34,2,1.2,37.0,0.0,104.51,0,-0.2,0.0,Ayee
2024-11-23 2:39,2,1.0,38.0,0.29,104.64,0,-0.14,0.0,Ayee
2024-11-23 2:44,2,1.0,39.5,0.24,104.26,0,-0.17,0.0,Ayee
2024-11-23 2:49,2,0.8,37.9,0.16,105.3,0,-0.14,0.0,Ayee
2024-11-23 2:54,2,0.9,37.1,0.0,104.45,0,-0.17,0.0,Ayee
2024-11-23 2:59,2,0.9,37.3,0.0,104.53,0,-0.17,0.0,Ayee
2024-11-23 3:04,2,0.8,38.2,0.0,105.3,0,-0.17,0.0,Ayee
2024-11-23 3:09,2,0.6,39.0,0.05,104.23,0,-0.15,0.0,Ayee
2024-11-23 3:14,2,0.4,39.2,0.51,104.85,0,-0.06,0.0,Ayee
2024-11-23 3:19,2,0.2,39.6,0.85,103.0,0,0.02,0.0,Ayee
2024-11-23 3:24,2,0.2,39.9,0.79,102.6,0,0.0,0.0,Ayee
2024-11-23 3:29,2,0.2,39.4,0.35,102.22,0,-0.06,0.0,Ayee
2024-11-23 3:34,2,0.2,40.0,0.24,103.0,0,-0.09,0.0,Ayee
2024-11-23 3:39,2,0.2,39.5,0.0,103.19,0,-0.12,0.0,Ayee
2024-11-23 3:44,2,0.3,39.3,0.07,103.02,0,-0.12,0.0,Ayee
2024-11-23 3:49,2,0.3,39.5,0.16,102.87,0,-0.11,0.0,Ayee
2024-11-23 3:54,2,0.2,38.6,0.96,102.62,0,0.05,0.0,Ayee
2024-11-23 3:59,2,0.1,39.7,0.93,103.66,0,0.04,0.0,Ayee
2024-11-23 4:04,2,0.2,39.8,0.0,103.36,0,-0.13,0.0,Ayee
2024-11-23 4:09,2,0.4,37.9,0.26,101.86,0,-0.08,0.0,Ayee
2024-11-23 4:14,2,0.3,37.4,0.07,103.36,0,-0.1,0.0,Ayee
2024-11-23 4:19,2,0.0,38.0,0.18,103.58,0,-0.05,0.0,Ayee
2024-11-23 4:24,2,-0.1,38.2,0.11,103.17,0,-0.06,0.0,Ayee
2024-11-23 4:29,2,-0.1,38.5,0.33,103.02,0,-0.03,0.0,Ayee
2024-11-23 4:34,2,-0.1,38.8,0.16,104.87,0,-0.06,0.0,Ayee
2024-11-23 4:39,2,-0.1,39.0,0.0,102.75,0,-0.09,0.0,Ayee
2024-11-23 4:44,2,-0.2,38.7,0.03,104.89,0,-0.07,0.0,Ayee
2024-11-23 4:49,2,-0.3,39.2,0.0,102.83,0,-0.07,0.0,Ayee
2024-11-23 4:54,2,-0.3,39.5,0.51,102.37,0,0.02,0.0,Ayee
2024-11-23 4:59,2,-0.2,40.1,0.33,102.22,0,-0.03,0.0,Ayee
2024-11-23 5:04,2,0.0,39.0,0.85,104.09,0,0.05,0.0,Ayee
2024-11-23 5:09,2,0.0,41.6,1.13,103.64,0,0.06,0.0,Ayee
2024-11-23 5:14,2,0.2,38.5,0.0,104.6,0,-0.11,0.0,Ayee
2024-11-23 5:19,2,0.0,40.8,1.07,104.21,0,0.06,0.0,Ayee
2024-11-23 5:24,2,0.0,39.3,0.59,103.68,0,0.0,0.0,Ayee
2024-11-23 5:29,2,-0.1,41.4,0.13,101.86,0,-0.09,0.0,Ayee
2024-11-23 5:34,2,-0.2,41.1,0.0,101.83,0,-0.1,0.0,Ayee
2024-11-23 5:39,2,-0.5,54.1,0.55,103.66,0,-0.11,0.0,Ayee
2024-11-23 5:44,2,-0.8,53.0,0.07,103.32,0,-0.14,0.0,Ayee
2024-11-23 5:49,2,-0.6,47.3,0.07,102.17,0,-0.11,0.0,Ayee
2024-11-23 5:54,2,-0.6,45.6,0.55,103.04,0,-0.01,0.0,Ayee
2024-11-23 5:59,2,-0.5,43.2,0.0,103.02,0,-0.09,0.0,Ayee
2024-11-23 6:04,2,-0.7,52.8,0.0,103.41,0,-0.16,0.0,Ayee
2024-11-23 6:09,2,-0.8,51.9,0.0,101.22,0,-0.14,0.0,Ayee
2024-11-23 6:14,2,-1.0,54.6,0.0,101.6,0,-0.15,0.0,Ayee
2024-11-23 6:19,2,-1.0,51.8,0.0,102.85,0,-0.12,0.0,Ayee
2024-11-23 6:24,2,-1.1,45.4,0.0,102.54,0,-0.04,0.0,Ayee
2024-11-23 6:29,2,-1.0,53.2,0.0,101.75,0,-0.14,0.0,Ayee
2024-11-23 6:34,2,-1.0,46.7,0.0,101.15,0,-0.07,0.0,Ayee
2024-11-23 6:39,2,-0.9,43.9,0.0,102.13,0,-0.05,0.0,Ayee
2024-11-23 6:44,2,-0.8,50.9,0.0,102.9,0,-0.13,0.0,Ayee
2024-11-23 6:49,2,-1.0,53.4,0.0,103.34,0,-0.14,0.0,Ayee
2024-11-23 6:54,2,-1.1,56.6,0.0,101.41,0,-0.16,0.0,Ayee
2024-11-23 6:59,2,-1.2,56.5,0.0,102.64,0,-0.15,0.0,Ayee
2024-11-23 7:04,2,-1.4,53.1,0.13,102.24,0,-0.07,0.0,Ayee
2024-11-23 7:09,2,-1.2,51.2,0.07,101.66,0,-0.08,0.0,Ayee
2024-11-23 7:14,2,-1.1,51.9,0.0,101.39,0,-0.11,0.0,Ayee
2024-11-23 7:19,2,-1.0,50.8,0.0,101.66,0,-0.11,0.0,Ayee
2024-11-23 7:24,2,-0.9,50.2,0.28,101.64,0,-0.07,0.0,Ayee
2024-11-23 7:29,2,-0.8,51.7,0.0,102.47,0,-0.14,0.0,Ayee
2024-11-23 7:34,2,-0.7,52.7,0.0,101.01,0,-0.16,0.0,Ayee
2024-11-23 7:39,2,-1.0,58.3,0.0,102.64,0,-0.19,0.0,Ayee
2024-11-23 7:44,2,-1.1,63.3,0.77,100.98,0,-0.1,0.0,Ayee
2024-11-23 7:49,2,-1.2,63.1,0.59,100.26,0,-0.12,0.0,Ayee
2024-11-23 7:54,2,-1.0,61.4,0.85,74.75,0,-0.12,0.0,Ayee
2024-11-23 7:59,3,-0.7,56.7,1.53,72.01,0,-0.12,0.0,Ayee
2024-11-23 8:04,3,-0.4,54.4,0.07,74.29,0,-0.12,0.0,Ayee
2024-11-23 8:09,3,-0.3,56.9,1.0,70.19,0,-0.12,0.0,Ayee
2024-11-23 8:14,3,-0.5,56.6,1.15,70.42,0,-0.12,0.0,Ayee
2024-11-23 8:20,3,-0.3,57.4,1.34,70.68,0,-0.12,0.0,Ayee
2024-11-23 8:25,3,-0.3,58.4,2.07,65.28,0,-0.12,0.0,Ayee
2024-11-23 8:30,3,-0.4,57.9,1.56,65.45,0,-0.12,0.0,Ayee
2024-11-23 8:35,3,-0.4,58.2,2.68,68.98,0,-0.12,0.0,Ayee
2024-11-23 8:40,3,-0.6,60.8,2.75,71.21,0,-0.12,0.0,Ayee
2024-11-23 8:45,3,-0.6,60.9,2.47,65.22,0,-0.12,0.0,Ayee
2024-11-23 8:50,3,-0.6,62.6,3.39,66.53,0,-0.12,0.0,Ayee
2024-11-23 8:55,3,-0.5,61.4,1.4,72.71,0,-0.12,0.0,Ayee
2024-11-23 9:00,3,-0.5,62.1,2.22,72.97,0,-0.12,0.0,Ayee
2024-11-23 9:05,3,-0.3,61.2,1.9,72.44,0,-0.12,0.0,Ayee
2024-11-23 9:10,3,0.3,59.8,1.36,76.3,0,-0.21,0.0,Ayee
2024-11-23 9:15,4,0.6,57.6,1.47,87.46,0,-0.21,0.0,Ayee
2024-11-23 9:20,4,0.1,59.2,1.77,78.26,0,0.12,0.0,Ayee
2024-11-23 9:25,5,0.3,58.1,2.74,67.72,0,0.06,0.0,Ayee
2024-11-23 9:30,6,0.4,56.9,2.1,76.6,0,-0.01,0.0,Ayee
2024-11-23 9:35,7,0.2,60.1,1.3,66.85,0,-0.02,0.0,Ayee
2024-11-23 9:40,8,0.2,59.7,1.61,78.3,0,-0.02,0.0,Ayee
2024-11-23 9:45,9,0.0,61.0,2.25,68.08,0,0.09,0.0,Ayee
2024-11-23 9:50,9,0.2,60.6,1.8,70.87,0,0.09,0.0,Ayee
2024-11-23 9:55,10,0.2,60.1,2.45,82.19,0,0.09,0.0,Ayee
2024-11-23 10:00,11,0.3,59.0,2.76,68.7,0,-0.05,0.0,Ayee
2024-11-23 10:05,12,0.4,60.4,2.44,76.67,0,-0.05,0.0,Ayee
2024-11-23 10:10,13,0.3,58.9,1.71,63.84,0,-0.05,0.0,Ayee
2024-11-23 10:15,14,0.5,55.0,3.34,63.28,0,-0.05,0.0,Ayee
2024-11-23 10:20,15,0.6,55.0,2.82,54.41,0,-0.05,0.0,Ayee
2024-11-23 10:25,15,0.5,55.5,1.08,68.36,0,0.14,0.0,Ayee
2024-11-23 10:30,16,0.5,55.3,1.45,71.89,0,0.14,0.0,Ayee
2024-11-23 10:35,17,0.5,53.6,1.9,46.12,0,-0.06,0.0,Ayee
2024-11-23 10:40,18,0.4,52.5,1.93,73.97,0,-0.06,0.0,Ayee
2024-11-23 10:45,19,0.6,51.9,2.41,56.49,0,0.19,0.0,Ayee
2024-11-23 10:50,20,0.7,50.6,1.21,75.29,0,0.19,0.0,Ayee
2024-11-23 10:55,20,0.7,50.5,2.17,61.2,0,0.19,0.0,Ayee
2024-11-23 11:00,21,0.6,48.8,2.83,81.0,0,0.0,0.0,Ayee
2024-11-23 11:05,22,0.8,47.4,2.23,83.14,0,0.0,0.0,Ayee
2024-11-23 11:10,23,0.9,46.8,0.77,64.43,0,-0.01,0.0,Ayee
2024-11-23 11:15,24,0.9,46.7,0.98,84.63,0,-0.01,0.0,Ayee
2024-11-23 11:20,25,1.0,46.0,0.4,67.79,0,-0.17,0.0,Ayee
2024-11-23 11:25,26,1.1,44.8,3.23,85.65,0,-0.17,0.0,Ayee
2024-11-23 11:30,26,1.2,44.4,1.28,61.63,0,-0.17,0.0,Ayee
2024-11-23 11:35,27,1.3,43.7,2.15,80.36,0,-0.12,0.0,Ayee
2024-11-23 11:40,28,1.3,41.7,0.4,81.85,0,-0.12,0.0,Ayee
2024-11-23 11:45,29,1.3,42.2,1.3,63.94,0,-0.2,0.0,Ayee
2024-11-23 11:50,30,1.4,42.2,0.66,87.54,0,-0.2,0.0,Ayee
2024-11-23 11:55,31,1.5,42.4,0.81,75.6,0,-0.21,0.0,Ayee
2024-11-23 12:00,32,1.5,41.4,0.21,78.62,0,-0.21,0.0,Ayee
2024-11-23 12:05,32,1.6,41.9,1.71,74.67,0,-0.21,0.0,Ayee
2024-11-23 12:10,33,1.4,41.3,1.43,84.27,0,-0.13,0.0,Ayee
2024-11-23 12:15,34,1.4,41.8,0.16,68.85,0,-0.13,0.0,Ayee
2024-11-23 12:20,35,1.6,41.1,0.01,58.17,0,-0.23,0.0,Ayee
2024-11-23 12:25,36,1.7,40.0,0.03,67.75,0,-0.23,0.0,Ayee
2024-11-23 12:30,37,1.8,39.1,0.0,58.04,0,-0.28,0.0,Ayee
2024-11-23 12:35,38,1.8,40.5,0.45,55.04,0,-0.28,0.0,Ayee
2024-11-23 12:40,38,1.8,38.9,0.44,65.47,0,-0.28,0.0,Ayee
2024-11-23 12:45,39,1.8,38.4,0.32,61.39,0,-0.23,0.0,Ayee
2024-11-23 12:50,40,2.0,38.0,0.0,70.91,0,-0.23,0.0,Ayee
2024-11-23 12:55,41,2.1,38.2,0.66,63.35,0,-0.27,0.0,Ayee
2024-11-23 13:00,42,2.0,37.1,1.17,75.9,0,-0.27,0.0,Ayee
2024-11-23 13:05,43,2.1,38.4,0.44,64.07,0,-0.3,0.0,Ayee
2024-11-23 13:10,44,1.8,37.3,1.88,78.94,0,-0.3,0.0,Ayee
2024-11-23 13:15,44,1.8,38.7,1.3,80.36,0,-0.3,0.0,Ayee
2024-11-23 13:20,45,1.8,38.5,2.78,66.47,0,-0.02,0.0,Ayee
2024-11-23 13:25,46,1.7,38.7,1.89,79.21,0,-0.02,0.0,Ayee
2024-11-23 13:30,47,1.8,39.6,1.43,69.0,0,-0.1,0.0,Ayee
2024-11-23 13:35,48,1.9,38.5,3.23,73.9,0,-0.1,0.0,Ayee
2024-11-23 13:40,48,1.9,38.4,2.15,65.6,0,-0.1,0.0,Ayee
2024-11-23 13:45,49,1.9,38.8,0.75,80.04,0,0.06,0.0,Ayee
2024-11-23 13:50,50,2.0,39.5,1.65,83.02,0,0.06,0.0,Ayee
2024-11-23 13:55,51,1.9,37.8,2.07,71.78,0,0.11,0.0,Ayee
2024-11-23 14:00,52,1.9,37.6,1.05,89.66,0,0.11,0.0,Ayee
2024-11-23 14:05,53,2.0,37.7,1.1,65.68,0,-0.12,0.0,Ayee
2024-11-23 14:10,54,2.0,37.1,2.29,93.13,0,-0.12,0.0,Ayee
2024-11-23 14:15,54,2.1,37.4,0.88,78.6,0,-0.03,0.0,Ayee
2024-11-23 14:20,55,2.4,37.0,0.83,89.3,0,-0.31,0.0,Ayee
2024-11-23 14:25,56,2.3,37.6,0.53,76.16,0,-0.09,0.0,Ayee
2024-11-23 14:28,1,2.3,37.5,1.69,80.83,0,0.0,0.0,Ayee
2024-11-23 14:29,1,2.2,37.7,1.23,80.06,0,0.0,0.0,Ayee
2028-18-12 03:01,0,0.00,0.00,0.00,0.00,-2.60,,,Ayee
2028-18-12 03:02,0,0.00,0.00,0.00,0.00,-2.60,,,Ayee
2028-18-12 03:04,0,0.00,0.00,0.00,0.00,0.00,,,Ayee
2028-18-12 19:12,0,0.00,0.00,0.00,0.00,0.00,,,Ayee
2028-18-12 19:17,0,0.00,0.00,0.00,0.00,0.00,,,Ayee
2028-18-12 19:22,0,0.00,0.00,0.00,0.00,0.00,,,Ayee
2028-18-12 19:27,0,0.00,0.00,0.00,0.00,-2.60,,,Ayee
2028-18-12 19:28,0,0.00,0.00,0.00,0.00,-2.60,,,Ayee
2024-11-01 17:54,0,0.00,0.00,0.00,0.00,-2.60,,,Ayee
2024-11-01 17:55,0,0.00,0.00,0.00,0.00,-2.60,,,Ayee
2024-11-01 17:56,0,0.00,0.00,0.00,0.00,-2.60,,,Ayee
2024-11-01 17:57,0,0.00,0.00,0.00,0.00,-2.60,,,Ayee
2024-11-01 18:26,0,0.00,0.00,0.00,0.00,-2.60,,,Ayee
2024-11-01 18:27,0,0.00,0.00,0.00,0.00,-2.60,,,Ayee
2024-11-01 18:28,0,0.00,0.00,0.00,0.00,-2.60,,,Ayee
2024-11-01 18:29,0,0.00,0.00,0.00,0.00,-2.60,,,Ayee
2024-11-01 18:32,0,0.00,0.00,0.00,0.00,0.00,,,Ayee
2024-11-01 18:39,0,0.00,0.00,0.00,0.00,0.00,,,Ayee
2024-11-01 18:44,0,0.00,0.00,0.00,0.00,0.00,,,Ayee
2024-11-01 18:49,0,0.00,0.00,0.00,0.00,0.00,,,Ayee
2024-11-02 15:02,0,11.80,14.40,1.33,0.00,0.00,,,Ayee
2024-11-02 15:06,0,11.90,14.40,0.26,0.00,0.00,,,Ayee
2024-11-02 15:11,0,11.90,14.40,1.15,0.00,0.00,,,Ayee
2024-11-02 15:16,0,11.90,15.00,1.35,0.00,0.00,,,Ayee
2024-11-02 16:14,0,11.70,13.60,0.17,0.00,0.00,,,Ayee
2024-11-02 16:15,0,11.80,13.80,0.12,0.00,0.00,,,Ayee
2024-11-02 16:18,0,11.80,13.70,0.29,0.00,0.00,,,Ayee
2024-11-02 16:20,0,11.80,13.70,0.86,0.00,0.00,,,Ayee
2024-11-02 16:25,0,11.80,14.50,1.01,0.00,0.00,,,Ayee
2024-11-02 16:30,0,11.70,15.10,0.21,0.00,0.00,,,Ayee
2024-11-02 16:31,0,0.00,0.00,0.16,0.00,0.00,,,Ayee
2024-11-02 16:36,0,11.60,14.70,0.38,0.00,0.00,,,Ayee
2024-11-02 16:41,0,11.70,15.50,0.08,0.00,0.00,,,Ayee
2024-11-02 16:44,0,11.50,14.90,0.43,0.00,0.00,,,Ayee
2024-11-02 16:46,0,11.70,15.10,0.29,0.00,0.00,,,Ayee
2024-11-02 16:48,0,11.70,15.00,0.83,0.00,0.00,,,Ayee
2024-11-02 16:53,0,11.60,15.10,0.82,0.00,0.00,,,Ayee
2024-11-02 17:02,0,0.00,0.00,1.10,0.00,0.00,,,Ayee
2024-11-02 17:03,0,0.00,0.00,1.28,0.00,0.00,,,Ayee
2024-11-02 17:04,0,0.00,0.00,0.53,0.00,0.00,,,Ayee
2024-11-02 17:12,0,0.00,0.00,0.00,0.00,0.00,,,Ayee
2024-11-02 17:13,0,0.00,0.00,1.90,0.00,0.00,,,Ayee
2024-11-02 17:18,1,11.20,14.30,0.40,0.00,0.00,,,Ayee
2024-11-02 17:23,1,11.00,14.40,0.82,0.00,0.00,,,Ayee
2024-11-02 17:28,1,10.90,14.70,0.00,0.00,0.00,,,Ayee
2024-11-02 17:33,0,10.70,14.70,0.53,0.00,0.00,,,Ayee
2024-11-02 17:38,0,10.30,14.90,0.29,0.00,0.00,,,Ayee
2024-11-02 17:42,0,0.00,0.00,0.15,0.00,0.00,,,Ayee
2024-11-02 17:45,0,10.10,14.60,0.21,0.00,0.00,,,Ayee
2024-11-02 17:50,1,10.10,14.50,1.69,0.00,0.00,,,Ayee
2024-11-02 17:55,1,10.30,14.60,1.22,0.00,0.00,,,Ayee
2024-11-02 18:00,1,10.50,14.30,0.81,0.00,0.00,,,Ayee
2024-11-02 18:05,0,0.00,0.00,0.47,0.00,0.00,,,Ayee
2024-11-02 18:10,0,10.60,14.90,0.67,0.00,0.00,,,Ayee
2024-11-02 18:15,1,10.30,14.70,1.00,0.00,0.00,,,Ayee
2024-11-02 18:20,1,10.00,15.00,1.71,0.00,0.00,,,Ayee
2024-11-02 18:25,1,9.80,15.10,1.50,0.00,0.00,,,Ayee
2024-11-02 18:30,1,10.10,15.00,1.38,0.00,0.00,,,Ayee
2024-11-02 18:35,1,10.10,15.20,0.56,0.00,0.00,,,Ayee
2024-11-02 18:40,1,10.30,15.20,0.00,0.00,0.00,,,Ayee
2024-11-02 18:45,1,9.90,15.20,0.00,0.00,0.00,,,Ayee
2024-11-02 18:50,1,9.80,15.20,0.21,0.00,0.00,,,Ayee
2024-11-02 18:55,1,10.20,15.20,0.01,0.00,0.00,,,Ayee
2024-11-02 19:00,1,10.20,16.60,0.68,0.00,0.00,,,Ayee
2024-11-02 19:05,1,10.10,16.70,0.29,0.00,0.00,,,Ayee
2024-11-02 19:10,1,9.80,16.50,0.44,0.00,0.00,,,Ayee
2024-11-02 19:15,1,9.50,16.10,0.71,0.00,0.00,,,Ayee
2024-11-02 19:20,1,9.60,16.00,0.27,0.00,0.00,,,Ayee
2024-11-02 19:25,1,9.60,16.00,0.96,0.00,0.00,,,Ayee
2024-11-02 19:30,1,9.40,16.30,1.88,0.00,0.00,,,Ayee
2024-11-02 19:35,1,9.10,16.80,1.06,0.00,0.00,,,Ayee
2024-11-02 19:40,1,9.00,16.90,1.88,0.00,0.00,,,Ayee
2024-11-02 19:45,1,9.10,16.80,1.10,0.00,0.00,,,Ayee
2024-11-02 19:50,1,9.00,16.70,1.46,0.00,0.00,,,Ayee
2024-11-02 19:55,1,9.10,16.90,0.92,0.00,0.00,,,Ayee
2024-11-02 20:00,1,8.90,17.10,1.88,0.00,0.00,,,Ayee
2024-11-02 20:05,1,8.60,17.50,1.49,0.00,0.00,,,Ayee
2024-11-02 20:10,1,8.70,17.30,1.08,0.00,0.00,,,Ayee
2024-11-02 20:15,1,8.70,17.50,1.31,0.00,0.00,,,Ayee
2024-11-02 20:20,1,8.50,17.60,1.58,0.00,0.00,,,Ayee
2024-11-02 20:25,1,8.70,17.50,1.38,0.00,0.00,,,Ayee
2024-11-02 20:30,1,8.80,17.50,2.45,0.00,0.00,,,Ayee
2024-11-02 20:35,1,8.80,17.60,2.28,0.00,0.00,,,Ayee
2024-11-02 20:40,1,8.70,17.70,2.32,0.00,0.00,,,Ayee
2024-11-02 20:45,1,8.50,17.80,1.10,0.00,0.00,,,Ayee
2024-11-02 20:50,1,8.50,17.70,2.17,0.00,0.00,,,Ayee
2024-11-02 20:55,1,8.60,18.10,1.24,0.00,0.00,,,Ayee
2024-11-02 21:00,1,8.70,18.10,2.47,0.00,0.00,,,Ayee
2024-11-02 21:05,1,8.60,18.00,1.45,0.00,0.00,,,Ayee
2024-11-02 21:10,1,8.80,18.00,1.38,0.00,0.00,,,Ayee
2024-11-02 21:15,1,8.70,17.80,1.34,0.00,0.00,,,Ayee
2024-11-02 21:20,1,8.70,18.10,0.08,0.00,0.00,,,Ayee
2024-11-02 21:25,1,8.60,18.20,0.16,0.00,0.00,,,Ayee
2024-11-02 21:30,1,8.60,18.50,0.40,0.00,0.00,,,Ayee
2024-11-02 21:35,1,8.40,18.20,1.28,0.00,0.00,,,Ayee
2024-11-02 21:40,1,8.00,18.80,0.68,0.00,0.00,,,Ayee
2024-11-02 21:45,1,8.60,18.30,1.08,0.00,0.00,,,Ayee
2024-11-02 21:50,1,8.60,18.00,1.34,0.00,0.00,,,Ayee
2024-11-02 21:55,1,8.80,17.80,0.40,0.00,0.00,,,Ayee
2024-11-02 22:00,1,8.50,18.10,1.67,0.00,0.00,,,Ayee
2024-11-02 22:05,1,8.40,18.20,0.57,0.00,0.00,,,Ayee
2024-11-02 22:10,1,8.60,17.60,1.19,0.00,0.00,,,Ayee
2024-11-02 22:15,1,8.70,17.90,0.27,0.00,0.00,,,Ayee
2024-11-02 22:20,1,8.50,18.20,0.66,0.00,0.00,,,Ayee
2024-11-02 22:25,1,8.10,18.40,1.78,0.00,0.00,,,Ayee
2024-11-02 22:30,1,7.90,18.60,0.55,0.00,0.00,,,Ayee
2024-11-02 22:35,1,8.00,18.30,0.70,0.00,0.00,,,Ayee
2024-11-02 22:40,1,8.20,18.60,0.71,0.00,0.00,,,Ayee
2024-11-02 22:45,1,8.20,19.10,0.51,0.00,0.00,,,Ayee
2024-11-02 22:50,1,8.20,19.30,1.45,0.00,0.00,,,Ayee
2024-11-02 22:55,1,8.10,19.00,1.26,0.00,0.00,,,Ayee
2024-11-02 23:00,1,8.00,19.00,2.10,0.00,0.00,,,Ayee
2024-11-02 23:05,1,7.50,19.80,1.73,0.00,0.00,,,Ayee
2024-11-02 23:10,1,7.50,20.10,2.75,0.00,0.00,,,Ayee
2024-11-02 23:15,1,7.40,20.00,1.69,0.00,0.00,,,Ayee
2024-11-02 23:20,1,7.40,19.90,1.65,0.00,0.00,,,Ayee
2024-11-02 23:25,1,7.80,19.10,1.54,0.00,0.00,,,Ayee
2024-11-02 23:30,1,7.20,20.20,2.34,0.00,0.00,,,Ayee
2024-11-02 23:35,1,7.40,19.80,0.90,0.00,0.00,,,Ayee
2024-11-02 23:40,1,7.60,19.70,0.98,0.00,0.00,,,Ayee
2024-11-02 23:45,1,7.20,20.50,1.62,0.00,0.00,,,Ayee
2024-11-02 23:50,1,7.10,20.90,1.82,0.00,0.00,,,Ayee
2024-11-02 23:55,1,7.20,20.80,0.62,0.00,0.00,,,Ayee
2024-11-03 00:00,1,7.20,20.60,2.50,0.00,0.00,,,Ayee
2024-11-03 00:05,1,6.80,21.30,2.54,0.00,0.00,,,Ayee
2024-11-03 00:10,1,6.90,20.80,1.47,0.00,0.00,,,Ayee
2024-11-03 00:15,1,7.00,20.90,2.08,0.00,0.00,,,Ayee
2024-11-03 00:20,1,6.60,21.20,1.78,0.00,0.00,,,Ayee
2024-11-03 00:25,1,6.70,21.10,2.34,0.00,0.00,,,Ayee
2024-11-03 00:30,1,6.50,21.50,1.28,0.00,0.00,,,Ayee
2024-11-03 00:35,1,6.80,21.20,1.89,0.00,0.00,,,Ayee
2024-11-03 00:40,1,6.50,21.70,1.49,0.00,0.00,,,Ayee
2024-11-03 00:45,1,6.60,21.60,1.22,0.00,0.00,,,Ayee
2024-11-03 00:50,1,6.40,22.00,2.45,0.00,0.00,,,Ayee
2024-11-03 00:55,1,6.50,21.50,1.26,0.00,0.00,,,Ayee
2024-11-03 01:00,1,6.90,21.40,2.62,0.00,0.00,,,Ayee
2024-11-03 01:05,1,6.40,22.00,2.32,0.00,0.00,,,Ayee
2024-11-03 01:10,1,6.20,22.10,1.10,0.00,0.00,,,Ayee
2024-11-03 01:15,1,6.40,22.10,0.22,0.00,0.00,,,Ayee
2024-11-03 01:20,1,6.50,21.40,1.16,0.00,0.00,,,Ayee
2024-11-03 01:25,1,6.30,21.90,0.49,0.00,0.00,,,Ayee
2024-11-03 01:30,1,6.70,21.70,0.20,0.00,0.00,,,Ayee
2024-11-03 01:35,1,6.90,21.50,0.83,0.00,0.00,,,Ayee
2024-11-03 01:40,1,7.00,21.50,0.32,0.00,0.00,,,Ayee
2024-11-03 01:46,1,6.90,21.60,0.55,0.00,0.00,,,Ayee
2024-11-03 01:51,1,6.80,21.60,0.96,0.00,0.00,,,Ayee
2024-11-03 01:56,1,6.90,21.30,0.12,0.00,0.00,,,Ayee
2024-11-03 02:01,1,6.70,21.70,1.24,0.00,0.00,,,Ayee
2024-11-03 02:06,1,6.40,21.90,1.47,0.00,0.00,,,Ayee
2024-11-03 02:11,1,6.70,21.30,0.00,0.00,0.00,,,Ayee
2024-11-03 02:16,1,6.80,21.30,1.30,0.00,0.00,,,Ayee
2024-11-03 02:21,1,6.40,21.80,1.49,0.00,0.00,,,Ayee
2024-11-03 02:26,1,6.30,22.10,0.36,0.00,0.00,,,Ayee
2024-11-03 02:31,1,6.60,21.60,0.77,0.00,0.00,,,Ayee
2024-11-03 02:36,1,6.80,20.70,0.00,0.00,0.00,,,Ayee
2024-11-03 02:41,1,6.70,21.40,0.60,0.00,0.00,,,Ayee
2024-11-03 02:46,1,6.50,21.50,1.19,0.00,0.00,,,Ayee
2024-11-03 02:51,1,6.50,21.50,2.40,0.00,0.00,,,Ayee
2024-11-03 02:56,1,6.30,22.10,0.29,0.00,0.00,,,Ayee
2024-11-03 03:01,1,6.00,23.30,0.00,0.00,0.00,,,Ayee
2024-11-03 03:06,1,6.20,24.10,0.00,0.00,0.00,,,Ayee
2024-11-03 03:11,1,6.10,22.70,0.00,0.00,0.00,,,Ayee
2024-11-03 03:16,1,6.00,22.30,0.07,0.00,0.00,,,Ayee
2024-11-03 03:21,1,6.20,22.20,1.18,0.00,0.00,,,Ayee
2024-11-03 03:26,1,6.00,22.40,2.21,0.00,0.00,,,Ayee
2024-11-03 03:31,1,6.20,22.20,2.01,0.00,0.00,,,Ayee
2024-11-03 03:36,1,6.00,23.00,0.91,0.00,0.00,,,Ayee
2024-11-03 03:41,1,6.10,21.90,1.42,0.00,0.00,,,Ayee
2024-11-03 03:46,1,6.10,21.70,1.33,0.00,0.00,,,Ayee
2024-11-03 03:51,1,6.30,22.20,0.00,0.00,0.00,,,Ayee
2024-11-03 03:56,1,6.20,23.50,0.00,0.00,0.00,,,Ayee
2024-11-03 04:01,1,5.80,22.80,1.16,0.00,0.00,,,Ayee
2024-11-03 04:06,1,6.10,22.50,1.86,0.00,0.00,,,Ayee
2024-11-03 04:11,1,6.70,21.70,0.66,0.00,0.00,,,Ayee
2024-11-03 04:16,1,6.60,21.30,0.72,0.00,0.00,,,Ayee
2024-11-03 04:21,1,6.50,21.40,0.47,0.00,0.00,,,Ayee
2024-11-03 04:26,1,6.30,21.60,0.00,0.00,0.00,,,Ayee
2024-11-03 04:31,1,6.20,21.50,1.04,0.00,0.00,,,Ayee
2024-11-03 04:36,1,6.60,21.70,0.53,0.00,0.00,,,Ayee
2024-11-03 04:41,1,7.00,21.20,0.73,0.00,0.00,,,Ayee
2024-11-03 04:46,1,7.40,20.90,0.87,0.00,0.00,,,Ayee
2024-11-03 04:51,1,7.20,21.10,0.00,0.00,0.00,,,Ayee
2024-11-03 04:56,1,6.80,21.40,0.00,0.00,0.00,,,Ayee
2024-11-03 05:01,1,6.60,21.40,1.10,0.00,0.00,,,Ayee
2024-11-03 05:06,1,6.20,22.30,0.07,0.00,0.00,,,Ayee
2024-11-03 05:11,1,6.10,23.00,0.00,0.00,0.00,,,Ayee
2024-11-03 05:16,1,6.00,23.00,0.00,0.00,0.00,,,Ayee
2024-11-03 05:21,1,5.90,22.40,0.36,0.00,0.00,,,Ayee
2024-11-03 05:26,1,5.60,22.70,0.27,0.00,0.00,,,Ayee
2024-11-03 05:31,1,5.70,22.50,0.01,0.00,0.00,,,Ayee
2024-11-03 05:36,1,5.70,22.80,0.00,0.00,0.00,,,Ayee
2024-11-03 05:41,1,5.60,23.20,0.00,0.00,0.00,,,Ayee
2024-11-03 05:46,1,5.70,22.20,0.07,0.00,0.00,,,Ayee
2024-11-03 05:51,1,6.00,22.50,0.18,0.00,0.00,,,Ayee
2024-11-03 05:56,1,6.00,22.20,0.32,0.00,0.00,,,Ayee
2024-11-03 06:01,1,5.70,22.40,0.79,0.00,0.00,,,Ayee
2024-11-03 06:06,1,5.40,22.70,0.07,0.00,0.00,,,Ayee
2024-11-03 06:11,1,5.60,22.30,0.00,0.00,0.00,,,Ayee
2024-11-03 06:16,1,5.80,22.50,0.62,0.00,0.00,,,Ayee
2024-11-03 06:21,1,5.80,22.30,0.23,0.00,0.00,,,Ayee
2024-11-03 06:26,1,5.60,22.30,0.88,0.00,0.00,,,Ayee
2024-11-03 06:31,1,5.20,22.60,1.88,0.00,0.00,,,Ayee
2024-11-03 06:36,1,5.40,22.80,0.27,0.00,0.00,,,Ayee
2024-11-03 06:41,1,5.60,22.30,0.11,0.00,0.00,,,Ayee
2024-11-03 06:46,1,5.60,22.70,0.38,0.00,0.00,,,Ayee
2024-11-03 06:51,1,4.90,23.10,0.23,0.00,0.00,,,Ayee
2024-11-03 06:56,1,5.20,23.10,0.46,0.00,0.00,,,Ayee
2024-11-03 07:01,1,5.00,23.30,2.16,0.00,0.00,,,Ayee
2024-11-03 07:06,1,4.80,23.00,1.21,0.00,0.00,,,Ayee
2024-11-03 07:11,1,5.00,23.50,1.02,0.00,0.00,,,Ayee
2024-11-03 07:16,1,5.30,23.20,1.01,0.00,0.00,,,Ayee
2024-11-03 07:21,1,5.50,22.90,0.16,0.00,0.00,,,Ayee
2024-11-03 07:26,1,5.80,22.40,0.10,0.00,0.00,,,Ayee
2024-11-03 07:31,1,5.50,22.90,0.68,0.00,0.00,,,Ayee
2024-11-03 07:36,1,5.50,23.30,0.40,0.00,0.00,,,Ayee
2024-11-03 07:41,1,5.50,23.30,0.14,0.00,0.00,,,Ayee
2024-11-03 07:46,1,5.40,23.30,0.53,0.00,0.00,,,Ayee
2024-11-03 07:51,1,6.30,22.50,0.14,0.00,0.00,,,Ayee
2024-11-03 07:56,1,7.90,20.80,0.27,0.00,0.00,,,Ayee
2024-11-03 08:01,1,8.60,20.00,0.21,0.00,0.00,,,Ayee
2024-11-03 08:06,1,8.90,20.10,0.00,0.00,0.00,,,Ayee
2024-11-03 08:11,1,9.20,19.10,0.00,0.00,0.00,,,Ayee
2024-11-03 08:16,1,10.10,18.60,0.00,0.00,0.00,,,Ayee
2024-11-03 08:21,1,10.00,21.80,0.02,0.00,0.00,,,Ayee
2024-11-03 08:26,1,10.50,18.90,0.00,0.00,0.00,,,Ayee
2024-11-03 08:31,1,9.90,22.30,0.48,0.00,0.00,,,Ayee
2024-11-03 08:36,1,10.00,20.70,0.00,0.00,0.00,,,Ayee
2024-11-03 08:41,1,10.20,22.30,0.00,0.00,0.00,,,Ayee
2024-11-03 08:46,1,10.00,22.80,0.00,0.00,0.00,,,Ayee
2024-11-03 08:51,1,9.80,24.40,0.41,0.00,0.00,,,Ayee
2024-11-03 08:56,1,9.20,26.10,0.30,0.00,0.00,,,Ayee
2024-11-03 09:01,1,9.00,24.80,0.83,0.00,0.00,,,Ayee
2024-11-03 09:06,1,8.70,24.00,1.44,0.00,0.00,,,Ayee
2024-11-03 09:11,1,8.60,25.30,0.35,0.00,0.00,,,Ayee
2024-11-03 09:16,1,9.40,23.60,0.13,0.00,0.00,,,Ayee
2024-11-03 09:21,1,8.90,22.20,0.91,0.00,0.00,,,Ayee
2024-11-03 09:26,1,8.90,22.50,0.80,0.00,0.00,,,Ayee
2024-11-03 09:31,1,9.50,21.00,0.67,0.00,0.00,,,Ayee
2024-11-03 09:36,1,9.90,20.90,1.40,0.00,0.00,,,Ayee
2024-11-03 09:41,1,9.60,21.50,1.44,0.00,0.00,,,Ayee
2024-11-03 09:46,1,9.10,22.00,1.72,0.00,0.00,,,Ayee
2024-11-03 09:51,1,9.60,21.50,1.29,0.00,0.00,,,Ayee
2024-11-03 09:56,1,9.20,22.20,0.87,0.00,0.00,,,Ayee
2024-11-03 10:12,0,9.70,20.70,1.91,0.00,0.00,,,Ayee
2024-11-03 10:14,0,10.00,20.80,0.96,0.00,0.00,,,Ayee
2024-11-03 10:14,0,10.00,20.70,2.17,0.00,0.00,,,Ayee
2024-11-03 17:16,0,11.40,17.40,3.98,75.58,0.00,,,Ayee
2024-11-03 17:21,1,11.30,17.10,2.02,71.31,0.00,,,Ayee
2024-11-03 17:26,1,11.40,17.00,1.39,74.12,0.00,,,Ayee
2024-11-03 17:31,2,11.40,17.10,2.08,83.59,0.00,,,Ayee
2024-11-03 17:36,2,11.40,17.30,0.53,80.36,0.00,,,Ayee
2024-11-03 17:41,3,11.50,17.10,3.59,73.97,0.00,,,Ayee
2024-11-03 17:46,3,11.60,17.00,1.86,79.98,0.00,,,Ayee
2024-11-03 17:51,3,11.30,17.10,3.23,74.54,0.00,,,Ayee
2024-11-03 17:56,3,11.30,16.70,2.99,75.01,0.00,,,Ayee
2024-11-03 18:01,3,11.40,16.80,4.87,78.64,0.00,,,Ayee
2024-11-03 18:06,3,11.50,17.10,3.59,74.12,0.00,,,Ayee
2024-11-03 18:11,3,11.40,17.20,2.80,74.99,0.00,,,Ayee
2024-11-03 18:16,3,11.40,16.80,2.17,72.08,0.00,,,Ayee
2024-11-05 0:01,1,7.1,23.0,2.1,75.88,0,,,Ayee
2024-11-05 0:06,1,7.3,22.8,2.0,75.31,0,,,Ayee
2024-11-05 0:11,1,7.6,22.0,2.15,77.01,0,,,Ayee
2024-11-05 0:16,1,7.4,22.4,1.34,74.78,0,,,Ayee
2024-11-05 0:21,1,7.6,22.1,1.55,76.05,0,,,Ayee
2024-11-05 0:26,1,7.0,23.3,2.28,74.54,0,,,Ayee
2024-11-05 0:31,1,6.6,23.5,2.51,76.86,0,,,Ayee
2024-11-05 0:36,1,7.1,22.6,3.06,74.65,0,,,Ayee
2024-11-05 0:41,1,7.2,22.5,3.39,78.22,0,,,Ayee
2024-11-05 0:46,1,7.1,22.5,3.43,74.95,0,,,Ayee
2024-11-05 0:51,1,7.4,22.0,3.12,73.63,0,,,Ayee
2024-11-05 0:56,1,7.5,21.7,0.96,76.73,0,,,Ayee
2024-11-05 1:01,1,7.8,21.5,2.15,73.35,0,,,Ayee
2024-11-05 1:06,1,7.8,21.4,1.19,75.29,0,,,Ayee
2024-11-05 1:11,1,7.7,21.3,3.34,77.52,0,,,Ayee
2024-11-05 1:16,1,7.7,21.1,1.62,74.54,0,,,Ayee
2024-11-05 1:21,1,7.7,20.7,1.82,77.62,0,,,Ayee
2024-11-05 1:26,1,7.4,22.1,2.47,76.03,0,,,Ayee
2024-11-05 1:31,1,6.9,22.4,1.12,75.73,0,,,Ayee
2024-11-05 1:36,1,7.0,22.5,0.92,73.03,0,,,Ayee
2024-11-05 1:41,1,6.6,23.2,0.09,75.18,0,,,Ayee
2024-11-05 1:46,1,6.6,22.7,0.66,74.56,0,,,Ayee
2024-11-05 1:51,1,6.7,22.7,0.9,72.52,0,,,Ayee
2024-11-05 1:56,1,6.9,22.4,3.27,76.05,0,,,Ayee
2024-11-05 2:01,1,6.9,22.2,3.17,75.05,0,,,Ayee
2024-11-05 2:06,1,6.9,22.5,2.03,77.77,0,,,Ayee
2024-11-05 2:11,1,6.4,23.0,1.47,77.35,0,,,Ayee
2024-11-05 2:16,1,6.0,24.0,1.4,73.97,0,,,Ayee
2024-11-05 2:21,1,6.4,22.9,0.12,75.14,0,,,Ayee
2024-11-05 2:26,1,6.0,23.0,0.47,75.29,0,,,Ayee
2024-11-05 2:31,1,6.1,23.5,1.14,73.18,0,,,Ayee
2024-11-05 2:36,1,5.9,23.6,0.05,76.09,0,,,Ayee
2024-11-05 2:41,1,6.1,23.4,0.11,78.15,0,,,Ayee
2024-11-05 2:46,1,6.1,23.2,1.43,76.79,0,,,Ayee
2024-11-05 2:51,1,6.4,22.7,1.62,74.27,0,,,Ayee
2024-11-05 2:56,1,6.5,22.4,3.37,75.35,0,,,Ayee
2024-11-05 3:01,1,6.6,22.3,4.5,72.91,0,,,Ayee
2024-11-05 3:06,1,6.6,22.1,3.54,77.83,0,,,Ayee
2024-11-05 3:11,1,6.8,22.1,2.88,77.56,0,,,Ayee
2024-11-05 3:16,1,6.7,22.3,2.51,73.52,0,,,Ayee
2024-11-05 3:21,1,6.6,22.5,1.62,73.5,0,,,Ayee
2024-11-05 3:26,1,6.4,22.4,2.23,75.41,0,,,Ayee
2024-11-05 3:31,1,6.5,22.3,1.73,86.5,0,,,Ayee
2024-11-05 3:36,1,6.4,22.6,2.41,78.68,0,,,Ayee
2024-11-05 3:41,1,6.4,22.6,2.65,74.03,0,,,Ayee
2024-11-05 3:46,1,6.4,22.5,1.89,71.29,0,,,Ayee
2024-11-05 3:51,1,6.2,22.6,0.88,82.29,0,,,Ayee
2024-11-05 3:56,1,6.2,22.6,1.93,72.14,0,,,Ayee
2024-11-05 4:01,1,6.0,22.7,0.23,76.16,0,,,Ayee
2024-11-05 4:06,1,5.7,23.1,1.16,80.66,0,,,Ayee
2024-11-05 4:11,1,5.6,23.3,0.82,76.94,0,,,Ayee
2024-11-05 4:16,1,6.0,23.1,0.72,73.05,0,,,Ayee
2024-11-05 4:21,1,5.9,23.2,0.86,72.46,0,,,Ayee
2024-11-05 4:26,1,5.9,22.7,0.44,75.84,0,,,Ayee
2024-11-05 4:31,1,5.6,23.5,0.09,76.71,0,,,Ayee
2024-11-05 4:36,1,5.2,23.9,0.0,76.39,0,,,Ayee
2024-11-05 4:41,1,5.0,23.8,1.43,73.54,0,,,Ayee
2024-11-05 4:46,1,5.7,23.2,2.43,76.64,0,,,Ayee
2024-11-05 4:51,1,5.7,23.2,0.25,77.13,0,,,Ayee
2024-11-05 4:56,1,5.5,23.8,0.77,74.8,0,,,Ayee
2024-11-05 5:01,1,5.5,23.5,1.12,74.2,0,,,Ayee
2024-11-05 5:06,1,5.7,22.9,2.39,75.39,0,,,Ayee
2024-11-05 5:11,1,5.7,23.0,3.54,73.2,0,,,Ayee
2024-11-05 5:16,1,5.5,23.6,1.28,78.77,0,,,Ayee
2024-11-05 5:21,1,5.3,23.5,2.12,73.59,0,,,Ayee
2024-11-05 5:26,1,5.2,23.9,0.98,75.69,0,,,Ayee
2024-11-05 5:31,1,4.8,24.8,1.3,74.78,0,,,Ayee
2024-11-05 5:36,1,5.0,24.5,1.01,76.24,0,,,Ayee
2024-11-05 5:41,1,5.0,24.1,1.35,74.97,0,,,Ayee
2024-11-05 5:46,1,5.3,23.7,1.15,74.41,0,,,Ayee
2024-11-05 5:51,1,5.3,23.8,1.64,73.12,0,,,Ayee
2024-11-05 5:56,1,5.0,23.8,0.63,74.22,0,,,Ayee
2024-11-05 6:01,1,5.3,23.3,0.88,73.95,0,,,Ayee
2024-11-05 6:06,1,5.4,23.3,1.45,73.63,0,,,Ayee
2024-11-05 6:11,1,5.2,23.7,0.71,74.03,0,,,Ayee
2024-11-05 6:16,1,4.3,25.6,2.25,73.95,0,,,Ayee
2024-11-05 6:21,1,4.4,25.4,0.61,74.73,0,,,Ayee
2024-11-05 6:26,1,4.0,26.6,0.33,76.77,0,,,Ayee
2024-11-05 6:31,1,3.7,26.8,0.27,78.09,0,,,Ayee
2024-11-05 6:36,1,3.6,27.0,0.03,75.82,0,,,Ayee
2024-11-05 6:41,1,3.5,26.6,0.51,75.14,0,,,Ayee
2024-11-05 6:46,1,3.5,26.8,0.0,73.71,0,,,Ayee
2024-11-05 6:51,1,3.4,27.2,0.0,74.99,0,,,Ayee
2024-11-05 6:56,1,3.6,26.7,0.31,77.47,0,,,Ayee
2024-11-05 7:01,1,3.4,26.8,1.05,71.87,0,,,Ayee
2024-11-05 7:06,1,3.2,26.4,1.83,78.83,0,,,Ayee
2024-11-05 7:11,1,3.5,26.3,0.0,75.56,0,,,Ayee
2024-11-05 7:16,1,3.4,26.9,0.62,74.2,0,,,Ayee
2024-11-05 7:21,1,3.3,26.8,0.74,77.79,0,,,Ayee
2024-11-05 7:26,1,3.8,25.5,0.53,72.31,0,,,Ayee
2024-11-05 7:31,1,3.8,25.4,0.31,73.84,0,,,Ayee
2024-11-05 7:36,1,3.6,26.2,0.12,72.61,0,,,Ayee
2024-11-05 7:41,1,3.5,26.3,0.48,75.03,0,,,Ayee
2024-11-05 7:46,1,3.4,26.6,0.0,74.56,0,,,Ayee
2024-11-05 7:51,1,4.3,25.9,0.21,76.43,0,,,Ayee
2024-11-05 7:56,1,5.1,23.8,1.31,78.02,0,,,Ayee
2024-11-05 8:01,1,5.8,24.8,0.0,75.86,0,,,Ayee
2024-11-05 8:06,1,6.5,23.5,0.0,74.07,0,,,Ayee
2024-11-05 8:11,1,7.6,21.4,0.0,72.31,0,,,Ayee
2024-11-05 8:16,1,7.2,22.1,0.0,77.43,0,,,Ayee
2024-11-05 8:21,1,7.5,21.4,0.0,73.5,0,,,Ayee
2024-11-05 8:26,1,6.9,22.7,0.0,74.44,0,,,Ayee
2024-11-05 8:31,1,6.9,23.1,0.0,75.79,0,,,Ayee
2024-11-05 8:36,1,7.5,22.9,0.3,73.84,0,,,Ayee
2024-11-05 8:41,1,6.1,24.6,0.16,71.19,0,,,Ayee
2024-11-05 8:46,1,5.9,25.2,0.58,74.84,0,,,Ayee
2024-11-05 8:51,1,6.5,24.0,0.21,73.44,0,,,Ayee
2024-11-05 8:56,1,6.3,24.3,1.74,76.18,0,,,Ayee
2024-11-05 9:01,1,6.2,23.9,0.66,76.3,0,,,Ayee
2024-11-05 9:06,1,6.5,23.6,2.35,75.79,0,,,Ayee
2024-11-05 9:11,1,6.5,24.3,2.23,79.15,0,,,Ayee
2024-11-05 9:16,1,6.7,22.9,2.85,74.75,0,,,Ayee
2024-11-05 9:21,1,7.0,23.3,1.67,70.65,0,,,Ayee
2024-11-05 9:26,1,7.0,23.3,4.77,73.56,0,,,Ayee
2024-11-05 9:31,1,7.0,23.2,2.76,75.65,0,,,Ayee
2024-11-05 9:36,1,7.1,22.9,1.72,73.16,0,,,Ayee
2024-11-05 9:41,1,7.2,22.3,3.37,73.9,0,,,Ayee
2024-11-05 9:46,1,7.4,22.6,2.54,82.02,0,,,Ayee
2024-11-05 9:51,1,7.5,22.4,1.39,74.48,0,,,Ayee
2024-11-05 9:56,1,7.5,22.1,2.27,75.05,0,,,Ayee
2024-11-06 0:01,1,8.2,21.2,3.18,73.31,0,,,Ayee
2024-11-06 0:06,1,8.3,20.7,2.23,71.55,0,,,Ayee
2024-11-06 0:11,1,8.3,20.9,3.67,73.01,0,,,Ayee
2024-11-06 0:16,1,8.3,20.9,3.06,74.1,0,,,Ayee
2024-11-06 0:21,1,8.4,20.8,1.06,72.57,0,,,Ayee
2024-11-06 0:26,1,7.9,20.7,0.36,72.52,0,,,Ayee
2024-11-06 0:31,1,8.2,20.9,1.12,74.52,0,,,Ayee
2024-11-06 0:36,1,7.6,22.7,0.0,74.92,0,,,Ayee
2024-11-06 0:41,1,7.1,21.9,0.83,71.21,0,,,Ayee
2024-11-06 0:46,1,7.7,21.2,1.08,70.61,0,,,Ayee
2024-11-06 0:51,1,8.0,20.7,2.26,74.44,0,,,Ayee
2024-11-06 0:56,1,8.0,21.0,0.42,77.43,0,,,Ayee
2024-11-06 1:01,1,7.5,21.2,1.11,74.86,0,,,Ayee
2024-11-06 1:06,1,7.4,22.8,0.7,72.16,0,,,Ayee
2024-11-06 1:11,1,7.0,22.1,1.28,69.27,0,,,Ayee
2024-11-06 1:16,1,7.0,22.6,0.0,68.36,0,,,Ayee
2024-11-06 1:21,1,7.0,22.4,0.83,73.33,0,,,Ayee
2024-11-06 1:26,1,7.0,22.3,2.24,69.55,0,,,Ayee
2024-11-06 1:31,1,7.5,21.4,2.32,70.44,0,,,Ayee
2024-11-06 1:36,1,7.8,21.4,1.84,72.95,0,,,Ayee
2024-11-06 1:41,1,7.7,21.6,4.08,78.62,0,,,Ayee
2024-11-06 1:46,1,7.4,21.8,1.0,74.97,0,,,Ayee
2024-11-06 1:51,1,6.9,22.8,0.77,70.8,0,,,Ayee
2024-11-06 1:56,1,6.5,23.2,0.0,68.3,0,,,Ayee
2024-11-06 2:01,1,6.3,23.0,0.9,67.96,0,,,Ayee
2024-11-06 2:06,1,6.3,23.6,0.0,69.93,0,,,Ayee
2024-11-06 2:11,1,5.9,24.4,1.18,74.35,0,,,Ayee
2024-11-06 2:16,1,6.3,23.2,0.0,75.22,0,,,Ayee
2024-11-06 2:21,1,6.3,23.1,3.01,69.64,0,,,Ayee
2024-11-06 2:26,1,6.4,22.8,0.23,75.45,0,,,Ayee
2024-11-06 2:31,1,6.1,23.9,0.4,74.14,0,,,Ayee
2024-11-06 2:36,1,5.9,23.6,1.23,74.35,0,,,Ayee
2024-11-06 2:41,1,5.8,23.6,0.94,69.49,0,,,Ayee
2024-11-06 2:46,1,5.6,24.1,0.49,77.24,0,,,Ayee
2024-11-06 2:51,1,5.6,23.8,0.29,71.33,0,,,Ayee
2024-11-06 2:56,1,5.8,23.1,1.19,68.96,0,,,Ayee
2024-11-06 3:01,1,5.9,23.0,0.66,71.12,0,,,Ayee
2024-11-06 3:06,1,6.0,23.3,0.4,72.01,0,,,Ayee
2024-11-06 3:11,1,6.1,23.1,0.45,79.13,0,,,Ayee
2024-11-06 3:16,1,5.9,23.8,0.11,75.01,0,,,Ayee
2024-11-06 3:21,1,6.2,22.8,0.4,75.01,0,,,Ayee
2024-11-06 3:26,1,5.7,23.8,0.23,75.67,0,,,Ayee
2024-11-06 3:31,1,5.4,23.6,0.79,83.82,0,,,Ayee
2024-11-06 3:36,1,5.3,23.8,0.73,78.45,0,,,Ayee
2024-11-06 3:41,1,5.4,23.9,0.31,73.97,0,,,Ayee
2024-11-06 3:46,1,5.7,23.5,1.24,85.25,0,,,Ayee
2024-11-06 3:51,1,5.9,23.4,0.25,75.54,0,,,Ayee
2024-11-06 3:56,1,5.6,24.3,0.0,72.74,0,,,Ayee
2024-11-06 4:01,1,5.2,24.6,0.36,72.74,0,,,Ayee
2024-11-06 4:06,1,5.1,24.3,0.62,70.4,0,,,Ayee
2024-11-06 4:11,1,5.1,24.0,2.15,74.29,0,,,Ayee
2024-11-06 4:16,1,5.1,24.8,0.33,80.25,0,,,Ayee
2024-11-06 4:21,1,5.2,24.8,0.09,82.99,0,,,Ayee
2024-11-06 4:26,1,5.4,23.8,0.2,71.06,0,,,Ayee
2024-11-06 4:31,1,5.7,23.6,0.77,71.38,0,,,Ayee
2024-11-06 4:36,1,5.7,23.5,0.0,74.95,0,,,Ayee
2024-11-06 4:41,1,5.5,23.7,1.02,71.25,0,,,Ayee
2024-11-06 4:46,1,5.6,23.3,1.17,80.19,0,,,Ayee
2024-11-06 4:51,1,5.9,22.9,0.71,81.21,0,,,Ayee
2024-11-06 4:56,1,5.5,24.1,0.0,73.05,0,,,Ayee
2024-11-06 5:01,1,5.1,24.5,0.03,73.03,0,,,Ayee
2024-11-06 5:06,1,5.1,24.5,0.92,76.28,0,,,Ayee
2024-11-06 5:11,1,5.4,23.6,1.4,78.34,0,,,Ayee
2024-11-06 5:16,1,6.0,23.0,1.45,73.03,0,,,Ayee
2024-11-06 5:21,1,5.8,23.9,0.0,85.59,0,,,Ayee
2024-11-06 5:26,1,6.1,22.7,0.85,81.23,0,,,Ayee
2024-11-06 5:31,1,5.7,23.0,0.07,81.06,0,,,Ayee
2024-11-06 5:36,1,5.2,24.4,0.03,81.72,0,,,Ayee
2024-11-06 5:41,1,4.8,24.6,0.0,75.77,0,,,Ayee
2024-11-06 5:46,1,4.4,25.9,0.26,79.53,0,,,Ayee
2024-11-06 5:51,1,4.4,25.4,0.29,75.77,0,,,Ayee
2024-11-06 5:56,1,4.4,25.9,0.0,82.34,0,,,Ayee
2024-11-06 6:01,1,4.3,25.8,0.0,83.25,0,,,Ayee
2024-11-06 6:06,1,4.2,25.6,0.86,81.53,0,,,Ayee
2024-11-06 6:11,1,4.6,25.2,0.07,82.82,0,,,Ayee
2024-11-06 6:16,1,4.4,25.1,0.11,80.76,0,,,Ayee
2024-11-06 6:21,1,4.2,25.4,0.0,74.73,0,,,Ayee
2024-11-06 6:26,1,4.3,25.6,0.0,83.23,0,,,Ayee
2024-11-06 6:31,1,4.1,25.5,0.66,82.91,0,,,Ayee
2024-11-06 6:36,1,3.9,25.4,1.79,82.36,0,,,Ayee
2024-11-06 6:41,1,4.1,25.5,0.31,82.17,0,,,Ayee
2024-11-06 6:46,1,4.2,25.5,0.48,83.14,0,,,Ayee
2024-11-06 6:51,1,4.4,25.4,0.14,78.64,0,,,Ayee
2024-11-06 6:56,1,4.4,25.5,0.0,81.83,0,,,Ayee
2024-11-06 7:01,1,4.3,25.7,0.0,77.47,0,,,Ayee
2024-11-06 7:06,1,4.4,25.7,0.23,82.97,0,,,Ayee
2024-11-06 7:11,1,4.3,26.2,0.14,79.19,0,,,Ayee
2024-11-06 7:16,1,4.2,26.4,0.42,85.52,0,,,Ayee
2024-11-06 7:21,1,4.1,25.4,0.14,79.79,0,,,Ayee
2024-11-06 7:26,1,4.2,25.8,1.0,75.24,0,,,Ayee
2024-11-06 7:31,1,4.1,26.2,0.33,76.5,0,,,Ayee
2024-11-06 7:36,1,3.9,26.6,0.51,81.27,0,,,Ayee
2024-11-06 7:41,1,4.0,26.3,0.03,75.58,0,,,Ayee
2024-11-06 7:46,1,4.1,25.9,0.73,78.49,0,,,Ayee
2024-11-06 7:51,1,5.1,24.8,0.0,76.03,0,,,Ayee
2024-11-06 7:56,1,6.3,23.5,0.69,77.79,0,,,Ayee
2024-11-06 8:01,1,6.9,23.3,0.0,73.73,0,,,Ayee
2024-11-06 8:06,1,7.7,22.2,0.01,78.34,0,,,Ayee
2024-11-06 8:11,1,8.4,20.9,0.29,75.6,0,,,Ayee
2024-11-06 8:16,1,7.5,23.3,0.0,80.36,0,,,Ayee
2024-11-06 8:21,1,7.0,23.2,0.01,80.45,0,,,Ayee
2024-11-06 8:26,1,6.9,23.5,0.31,76.9,0,,,Ayee
2024-11-06 8:31,1,7.1,23.6,0.29,76.33,0,,,Ayee
2024-11-06 8:36,1,7.8,23.2,0.0,79.07,0,,,Ayee
2024-11-06 8:41,1,7.4,24.1,0.1,76.73,0,,,Ayee
2024-11-06 8:46,1,7.3,24.6,0.0,78.66,0,,,Ayee
2024-11-06 8:51,1,7.3,25.5,0.21,80.23,0,,,Ayee
2024-11-06 8:56,1,7.0,26.3,0.0,79.51,0,,,Ayee
2024-11-06 9:01,1,8.2,24.9,0.0,81.02,0,,,Ayee
2024-11-06 9:06,1,8.6,23.0,0.0,81.17,0,,,Ayee
2024-11-06 9:11,1,8.0,24.4,0.6,77.52,0,,,Ayee
2024-11-06 9:16,1,7.7,24.4,0.08,79.75,0,,,Ayee
2024-11-06 9:21,1,8.4,23.7,0.29,76.77,0,,,Ayee
2024-11-06 9:26,1,8.1,23.4,0.43,78.56,0,,,Ayee
2024-11-06 9:31,1,7.9,23.7,1.8,79.13,0,,,Ayee
2024-11-06 9:36,1,7.6,23.4,0.39,76.6,0,,,Ayee
2024-11-06 9:41,1,7.6,23.5,0.6,77.94,0,,,Ayee
2024-11-06 9:46,1,7.8,22.9,1.28,78.41,0,,,Ayee
2024-11-06 9:52,1,7.9,22.4,2.49,74.1,0,,,Ayee
2024-11-06 9:57,1,8.3,22.3,2.19,79.68,0,,,Ayee
2024-11-07 0:02,1,7.2,22.8,0.09,72.23,0,,,Ayee
2024-11-07 0:07,1,7.1,23.1,0.12,77.35,0,,,Ayee
2024-11-07 0:12,1,6.8,23.0,2.11,77.56,0,,,Ayee
2024-11-07 0:17,1,6.9,22.7,1.24,75.52,0,,,Ayee
2024-11-07 0:22,1,6.6,24.7,0.75,81.02,0,,,Ayee
2024-11-07 0:27,1,6.3,24.3,1.75,80.04,0,,,Ayee
2024-11-07 0:32,1,6.7,23.2,0.96,71.67,0,,,Ayee
2024-11-07 0:37,1,6.8,22.9,1.17,77.24,0,,,Ayee
2024-11-07 0:42,1,6.6,23.1,1.1,72.99,0,,,Ayee
2024-11-07 0:47,1,6.4,23.4,0.14,72.8,0,,,Ayee
2024-11-07 0:52,1,6.0,24.6,0.31,75.14,0,,,Ayee
2024-11-07 0:57,1,6.0,23.7,2.06,79.85,0,,,Ayee
2024-11-07 1:02,1,6.2,24.0,0.16,77.2,0,,,Ayee
2024-11-07 1:07,1,6.2,24.3,0.0,76.26,0,,,Ayee
2024-11-07 1:12,1,6.2,23.8,1.2,80.4,0,,,Ayee
2024-11-07 1:17,1,6.3,23.1,2.0,78.79,0,,,Ayee
2024-11-07 1:22,1,6.0,23.8,0.12,70.76,0,,,Ayee
2024-11-07 1:27,1,6.2,23.8,1.19,76.62,0,,,Ayee
2024-11-07 1:32,1,6.0,23.8,1.71,77.03,0,,,Ayee
2024-11-07 1:37,1,6.1,23.5,0.55,74.84,0,,,Ayee
2024-11-07 1:42,1,6.1,23.6,0.83,70.89,0,,,Ayee
2024-11-07 1:47,1,6.1,24.1,0.01,70.55,0,,,Ayee
2024-11-07 1:52,1,5.8,24.0,0.09,70.06,0,,,Ayee
2024-11-07 1:57,1,5.9,24.8,0.4,76.64,0,,,Ayee
2024-11-07 2:02,1,5.8,25.3,0.33,71.55,0,,,Ayee
2024-11-07 2:07,1,5.9,25.2,0.0,72.46,0,,,Ayee
2024-11-07 2:12,1,6.0,24.8,0.01,72.74,0,,,Ayee
2024-11-07 2:17,1,6.0,24.7,0.55,72.44,0,,,Ayee
2024-11-07 2:22,1,6.1,23.8,0.44,77.26,0,,,Ayee
2024-11-07 2:27,1,5.8,24.1,1.3,76.9,0,,,Ayee
2024-11-07 2:32,1,5.6,23.9,1.36,75.75,0,,,Ayee
2024-11-07 2:37,1,5.4,24.5,0.66,70.32,0,,,Ayee
2024-11-07 2:42,1,5.2,24.6,0.14,69.68,0,,,Ayee
2024-11-07 2:47,1,5.2,24.1,1.52,75.45,0,,,Ayee
2024-11-07 2:52,1,5.2,25.1,0.0,70.53,0,,,Ayee
2024-11-07 2:57,1,5.5,24.7,0.0,72.95,0,,,Ayee
2024-11-07 3:02,1,5.6,24.8,0.0,72.18,0,,,Ayee
2024-11-07 3:07,1,5.4,25.4,0.0,71.84,0,,,Ayee
2024-11-07 3:12,1,5.1,25.6,0.03,75.01,0,,,Ayee
2024-11-07 3:17,1,5.2,24.9,0.21,59.27,0,,,Ayee
2024-11-07 3:22,1,5.4,24.9,0.0,35.35,0,,,Ayee
2024-11-07 3:27,1,5.5,24.0,1.17,32.55,0,,,Ayee
2024-11-07 3:32,1,5.4,23.9,0.16,37.71,0,,,Ayee
2024-11-07 3:37,1,5.3,24.7,0.31,38.52,0,,,Ayee
2024-11-07 3:42,1,5.1,24.4,0.92,36.2,0,,,Ayee
2024-11-07 3:47,1,5.2,24.4,0.29,22.84,0,,,Ayee
2024-11-07 3:52,1,5.4,23.9,1.47,29.37,0,,,Ayee
2024-11-07 3:57,1,5.3,23.8,1.67,17.81,0,,,Ayee
2024-11-07 4:02,1,5.2,23.9,1.32,19.79,0,,,Ayee
2024-11-07 4:07,1,4.9,24.5,0.68,25.16,0,,,Ayee
2024-11-07 4:12,1,5.1,24.6,1.12,33.59,0,,,Ayee
2024-11-07 4:17,1,5.1,24.5,0.79,22.7,0,,,Ayee
2024-11-07 4:22,1,5.2,24.4,0.83,30.02,0,,,Ayee
2024-11-07 4:27,1,4.9,24.4,1.58,35.78,0,,,Ayee
2024-11-07 4:32,1,5.1,24.3,0.88,39.82,0,,,Ayee
2024-11-07 4:37,1,5.4,24.1,0.38,39.09,0,,,Ayee
2024-11-07 4:42,1,5.4,24.0,0.68,46.48,0,,,Ayee
2024-11-07 4:47,1,4.9,23.8,1.05,62.22,0,,,Ayee
2024-11-07 4:52,1,4.4,25.0,0.09,66.34,0,,,Ayee
2024-11-07 4:57,1,4.4,25.6,0.36,64.96,0,,,Ayee
2024-11-07 5:02,1,4.5,25.4,0.11,69.19,0,,,Ayee
2024-11-07 5:07,1,4.7,25.5,0.33,67.58,0,,,Ayee
2024-11-07 5:12,1,4.7,24.7,0.59,71.93,0,,,Ayee
2024-11-07 5:17,1,4.6,25.3,0.03,66.07,0,,,Ayee
2024-11-07 5:22,1,4.5,25.4,0.42,65.6,0,,,Ayee
2024-11-07 5:27,1,4.7,24.9,1.86,66.68,0,,,Ayee
2024-11-07 5:32,1,4.4,25.1,1.53,64.47,0,,,Ayee
2024-11-07 5:37,1,4.3,25.5,0.44,70.36,0,,,Ayee
2024-11-07 5:42,1,4.5,25.1,0.77,67.28,0,,,Ayee
2024-11-07 5:48,1,4.3,26.0,0.14,67.21,0,,,Ayee
2024-11-07 5:53,1,3.8,26.1,0.9,68.47,0,,,Ayee
2024-11-07 5:58,1,3.7,26.2,0.21,66.53,0,,,Ayee
2024-11-07 6:03,1,3.8,26.8,0.07,67.98,0,,,Ayee
2024-11-07 6:08,1,4.1,26.6,0.16,66.41,0,,,Ayee
2024-11-07 6:13,1,4.3,25.5,1.17,65.56,0,,,Ayee
2024-11-07 6:18,1,4.2,26.1,0.03,66.36,0,,,Ayee
2024-11-07 6:23,1,3.9,26.3,0.0,66.45,0,,,Ayee
2024-11-07 6:28,1,3.7,26.4,0.38,71.12,0,,,Ayee
2024-11-07 6:33,1,3.8,26.5,0.51,72.76,0,,,Ayee
2024-11-07 6:38,1,4.1,26.4,1.26,64.81,0,,,Ayee
2024-11-07 6:43,1,4.3,25.7,1.07,63.18,0,,,Ayee
2024-11-07 6:48,1,4.2,25.8,1.4,65.39,0,,,Ayee
2024-11-07 6:53,1,4.3,27.2,0.0,71.31,0,,,Ayee
2024-11-07 6:58,1,4.0,26.8,0.0,66.0,0,,,Ayee
2024-11-07 7:03,1,4.0,26.4,0.27,68.21,0,,,Ayee
2024-11-07 7:08,1,4.1,26.4,0.0,61.76,0,,,Ayee
2024-11-07 7:13,1,4.1,26.0,0.96,65.54,0,,,Ayee
2024-11-07 7:18,1,4.3,26.0,0.0,64.71,0,,,Ayee
2024-11-07 7:23,1,4.1,26.1,0.47,66.87,0,,,Ayee
2024-11-07 7:28,1,3.9,26.4,1.0,62.82,0,,,Ayee
2024-11-07 7:33,1,3.9,26.2,0.25,63.73,0,,,Ayee
2024-11-07 7:38,1,3.9,26.9,0.09,66.98,0,,,Ayee
2024-11-07 7:43,1,4.0,27.1,0.23,63.24,0,,,Ayee
2024-11-07 7:48,1,4.1,27.0,0.25,63.92,0,,,Ayee
2024-11-07 7:53,1,5.3,25.8,0.0,65.22,0,,,Ayee
2024-11-07 7:58,1,6.2,24.1,0.0,65.88,0,,,Ayee
2024-11-07 8:03,1,7.5,22.8,0.0,64.92,0,,,Ayee
2024-11-07 8:08,1,8.0,21.7,0.08,66.34,0,,,Ayee
2024-11-07 8:13,1,8.4,22.6,0.01,64.54,0,,,Ayee
2024-11-07 8:18,1,8.4,22.1,0.0,65.07,0,,,Ayee
2024-11-07 8:23,1,8.8,21.4,0.23,66.79,0,,,Ayee
2024-11-07 8:28,1,8.7,21.5,0.05,64.07,0,,,Ayee
2024-11-07 8:33,1,7.8,23.6,0.58,65.45,0,,,Ayee
2024-11-07 8:38,1,7.0,24.4,2.06,64.67,0,,,Ayee
2024-11-07 8:43,1,6.6,25.2,1.35,65.85,0,,,Ayee
2024-11-07 8:48,1,6.7,25.9,0.64,69.02,0,,,Ayee
2024-11-07 8:53,1,7.3,26.4,0.0,66.66,0,,,Ayee
2024-11-07 8:58,1,7.3,27.7,0.0,60.86,0,,,Ayee
2024-11-07 9:03,1,7.7,27.3,0.67,66.36,0,,,Ayee
2024-11-07 9:08,1,7.7,26.2,0.21,64.18,0,,,Ayee
2024-11-07 9:13,1,8.3,23.9,0.0,63.56,0,,,Ayee
2024-11-07 9:18,1,8.1,24.0,0.0,64.35,0,,,Ayee
2024-11-07 9:23,1,8.7,23.6,0.03,60.57,0,,,Ayee
2024-11-07 9:28,1,8.2,23.2,0.67,63.84,0,,,Ayee
2024-11-07 9:33,1,8.2,23.0,0.69,65.81,0,,,Ayee
2024-11-07 9:38,1,8.4,22.3,0.0,65.68,0,,,Ayee
2024-11-07 9:43,1,7.9,24.5,1.2,64.54,0,,,Ayee
2024-11-07 9:48,1,7.9,24.6,2.45,61.05,0,,,Ayee
2024-11-07 9:53,1,8.1,24.3,0.77,65.64,0,,,Ayee
2024-11-07 9:58,1,8.3,23.8,0.0,64.01,0,,,Ayee
2024-11-08 0:03,1,8.2,17.6,0.0,63.2,0,,,Ayee
2024-11-08 0:08,1,7.9,18.2,1.49,63.79,0,,,Ayee
2024-11-08 0:13,1,7.4,18.5,0.0,63.5,0,,,Ayee
2024-11-08 0:18,1,7.5,18.4,1.82,62.29,0,,,Ayee
2024-11-08 0:23,1,7.4,18.5,2.58,64.81,0,,,Ayee
2024-11-08 0:28,1,7.4,18.5,0.12,67.15,0,,,Ayee
2024-11-08 0:33,1,7.4,18.5,0.75,67.3,0,,,Ayee
2024-11-08 0:38,1,7.5,18.7,1.18,70.06,0,,,Ayee
2024-11-08 0:43,1,7.4,18.8,0.42,65.28,0,,,Ayee
2024-11-08 0:48,1,7.2,18.9,1.95,62.97,0,,,Ayee
2024-11-08 0:53,1,6.8,19.2,0.0,64.96,0,,,Ayee
2024-11-08 0:58,1,6.9,19.2,1.3,64.33,0,,,Ayee
2024-11-08 1:03,1,6.8,19.2,2.62,59.78,0,,,Ayee
2024-11-08 1:08,1,6.8,19.3,0.31,65.2,0,,,Ayee
2024-11-08 1:13,1,6.4,20.0,2.88,64.54,0,,,Ayee
2024-11-08 1:18,1,6.4,20.0,3.34,64.47,0,,,Ayee
2024-11-08 1:23,1,6.3,20.4,0.25,65.32,0,,,Ayee
2024-11-08 1:28,1,6.8,19.9,0.64,64.62,0,,,Ayee
2024-11-08 1:33,1,6.7,19.6,0.1,61.8,0,,,Ayee
2024-11-08 1:39,1,6.9,19.9,2.08,66.64,0,,,Ayee
2024-11-08 1:44,1,6.9,19.1,0.32,63.77,0,,,Ayee
2024-11-08 1:49,1,7.1,19.0,0.32,63.37,0,,,Ayee
2024-11-08 1:54,1,6.9,19.3,1.0,69.21,0,,,Ayee
2024-11-08 1:59,1,6.9,19.3,0.71,66.41,0,,,Ayee
2024-11-08 2:04,1,6.8,19.5,1.36,64.52,0,,,Ayee
2024-11-08 2:09,1,6.5,19.9,2.03,62.22,0,,,Ayee
2024-11-08 2:14,1,6.4,20.0,0.9,65.2,0,,,Ayee
2024-11-08 2:19,1,6.3,19.9,3.0,64.6,0,,,Ayee
2024-11-08 2:24,1,6.3,20.5,2.34,66.05,0,,,Ayee
2024-11-08 2:29,1,6.5,19.9,1.19,66.92,0,,,Ayee
2024-11-08 2:34,1,6.6,20.1,0.51,63.14,0,,,Ayee
2024-11-08 2:39,1,6.5,20.4,2.75,64.07,0,,,Ayee
2024-11-08 2:44,1,6.1,20.8,2.38,65.68,0,,,Ayee
2024-11-08 2:49,1,6.2,20.9,2.77,63.75,0,,,Ayee
2024-11-08 2:54,1,6.5,20.5,1.58,63.54,0,,,Ayee
2024-11-08 2:59,1,6.8,20.2,0.83,62.16,0,,,Ayee
2024-11-08 3:04,1,6.8,20.1,2.25,62.52,0,,,Ayee
2024-11-08 3:09,1,6.4,21.0,2.78,63.6,0,,,Ayee
2024-11-08 3:14,1,6.2,20.7,2.23,64.09,0,,,Ayee
2024-11-08 3:19,1,5.9,21.0,1.64,61.33,0,,,Ayee
2024-11-08 3:24,1,6.0,21.0,0.14,60.95,0,,,Ayee
2024-11-08 3:29,1,6.3,20.5,1.71,63.11,0,,,Ayee
2024-11-08 3:34,1,6.5,20.4,3.17,62.48,0,,,Ayee
2024-11-08 3:39,1,6.4,20.7,1.64,62.29,0,,,Ayee
2024-11-08 3:44,1,6.5,20.5,1.56,64.69,0,,,Ayee
2024-11-08 3:49,1,6.7,20.2,1.62,63.09,0,,,Ayee
2024-11-08 3:54,1,6.4,20.0,1.41,61.59,0,,,Ayee
2024-11-08 3:59,1,6.4,20.2,2.62,61.56,0,,,Ayee
2024-11-08 4:04,1,6.2,20.3,1.26,60.76,0,,,Ayee
2024-11-08 4:09,1,6.5,20.4,0.58,68.11,0,,,Ayee
2024-11-08 4:14,1,6.7,19.7,2.54,63.43,0,,,Ayee
2024-11-08 4:19,1,6.4,20.4,0.07,64.64,0,,,Ayee
2024-11-08 4:24,1,6.3,20.8,0.0,62.5,0,,,Ayee
2024-11-08 4:29,1,6.2,20.8,2.69,63.99,0,,,Ayee
2024-11-08 4:34,1,6.2,20.7,2.41,61.12,0,,,Ayee
2024-11-08 4:39,1,6.4,20.5,1.01,65.77,0,,,Ayee
2024-11-08 4:44,1,6.4,20.6,1.03,60.63,0,,,Ayee
2024-11-08 4:49,1,6.5,20.4,1.62,64.54,0,,,Ayee
2024-11-08 4:54,1,6.3,20.7,1.75,62.78,0,,,Ayee
2024-11-08 4:59,1,6.4,20.4,1.16,63.41,0,,,Ayee
2024-11-08 5:04,1,6.0,20.5,2.5,61.56,0,,,Ayee
2024-11-08 5:09,1,6.0,20.4,1.77,67.66,0,,,Ayee
2024-11-08 5:14,1,5.7,20.8,2.15,65.47,0,,,Ayee
2024-11-08 5:19,1,5.8,20.8,1.88,80.02,0,,,Ayee
2024-11-08 5:24,1,5.8,20.5,2.23,84.35,0,,,Ayee
2024-11-08 5:29,1,5.7,20.7,1.9,78.15,0,,,Ayee
2024-11-08 5:34,1,5.7,20.9,2.62,79.7,0,,,Ayee
2024-11-08 5:39,1,5.6,21.0,2.69,85.59,0,,,Ayee
2024-11-08 5:44,1,5.8,20.6,2.02,81.32,0,,,Ayee
2024-11-08 5:49,1,6.0,20.4,1.77,83.19,0,,,Ayee
2024-11-08 5:54,1,5.9,20.4,0.07,87.07,0,,,Ayee
2024-11-08 5:59,1,5.8,20.6,1.47,83.36,0,,,Ayee
2024-11-08 6:04,1,5.5,20.9,1.69,82.34,0,,,Ayee
2024-11-08 6:09,1,5.5,20.7,1.05,83.19,0,,,Ayee
2024-11-08 6:14,1,5.6,20.9,0.42,84.95,0,,,Ayee
2024-11-08 6:19,1,5.5,20.6,2.75,85.03,0,,,Ayee
2024-11-08 6:24,1,5.2,21.3,2.51,83.95,0,,,Ayee
2024-11-08 6:29,1,5.3,21.1,1.77,82.85,0,,,Ayee
2024-11-08 6:34,1,5.5,20.7,0.73,77.68,0,,,Ayee
2024-11-08 6:39,1,5.7,20.7,1.1,86.69,0,,,Ayee
2024-11-08 6:44,1,5.6,21.2,2.58,83.59,0,,,Ayee
2024-11-08 6:49,1,5.3,21.1,1.62,86.63,0,,,Ayee
2024-11-08 6:54,1,5.6,20.7,0.92,83.87,0,,,Ayee
2024-11-08 6:59,1,5.8,19.9,1.38,86.29,0,,,Ayee
2024-11-08 7:04,1,5.5,20.7,0.31,85.39,0,,,Ayee
2024-11-08 7:09,1,5.8,20.4,0.71,80.36,0,,,Ayee
2024-11-08 7:14,1,5.7,20.8,1.82,80.15,0,,,Ayee
2024-11-08 7:19,1,5.3,21.2,1.3,78.85,0,,,Ayee
2024-11-08 7:24,1,5.6,20.8,0.83,75.69,0,,,Ayee
2024-11-08 7:29,1,5.7,20.9,1.1,80.38,0,,,Ayee
2024-11-08 7:34,1,5.7,20.7,0.81,76.43,0,,,Ayee
2024-11-08 7:39,1,5.7,20.6,1.25,81.04,0,,,Ayee
2024-11-08 7:44,1,5.6,20.6,0.42,85.16,0,,,Ayee
2024-11-08 7:49,1,5.8,20.9,0.01,82.74,0,,,Ayee
2024-11-08 7:54,1,6.4,19.9,0.34,81.51,0,,,Ayee
2024-11-08 7:59,1,7.5,19.3,0.0,76.2,0,,,Ayee
2024-11-08 8:04,1,8.3,18.4,0.0,77.66,0,,,Ayee
2024-11-08 8:09,1,8.7,18.3,0.0,83.02,0,,,Ayee
2024-11-08 8:14,1,9.5,17.4,0.0,81.64,0,,,Ayee
2024-11-08 8:19,1,9.6,17.8,0.0,84.86,0,,,Ayee
2024-11-08 8:24,1,9.3,18.0,0.0,85.08,0,,,Ayee
2024-11-08 8:29,1,9.3,18.3,0.0,79.94,0,,,Ayee
2024-11-08 8:34,1,9.6,17.8,0.14,79.02,0,,,Ayee
2024-11-08 8:39,1,9.7,18.6,0.0,81.57,0,,,Ayee
2024-11-08 8:44,1,9.8,18.3,0.23,84.48,0,,,Ayee
2024-11-08 8:49,1,9.4,19.0,0.25,82.76,0,,,Ayee
2024-11-08 8:54,1,9.2,20.2,0.0,79.45,0,,,Ayee
2024-11-08 8:59,1,9.6,18.2,0.21,82.0,0,,,Ayee
2024-11-08 9:04,1,9.5,18.8,0.03,82.59,0,,,Ayee
2024-11-08 9:09,1,9.4,20.1,0.49,81.04,0,,,Ayee
2024-11-08 9:14,1,9.8,20.6,0.0,86.84,0,,,Ayee
2024-11-08 9:19,1,9.8,21.1,0.0,86.58,0,,,Ayee
2024-11-08 9:24,1,10.2,19.1,0.12,82.46,0,,,Ayee
2024-11-08 9:29,1,10.2,19.4,0.0,81.0,0,,,Ayee
2024-11-08 9:34,1,9.4,20.6,0.16,82.82,0,,,Ayee
2024-11-08 9:39,1,9.6,22.3,1.13,78.39,0,,,Ayee
2024-11-08 9:44,1,9.1,24.4,0.0,80.68,0,,,Ayee
2024-11-08 9:49,1,9.7,23.0,0.4,81.42,0,,,Ayee
2024-11-08 9:54,1,9.6,22.2,0.14,79.11,0,,,Ayee
2024-11-08 9:59,1,9.7,21.7,0.97,80.06,0,,,Ayee
2024-11-08 14:33,1,12.3,12.9,0.42,86.54,0,,,Ayee
2024-11-08 14:38,1,12.3,12.4,0.0,86.86,0,,,Ayee
2024-11-08 14:43,2,12.3,12.9,1.35,85.46,0,,,Ayee
2024-11-08 14:48,2,11.9,12.4,1.5,96.14,0,,,Ayee
2024-11-08 14:51,0,11.9,13.2,0.74,96.14,0,,,Ayee
2024-11-08 14:56,1,11.8,12.5,0.0,99.22,0,,,Ayee
2024-11-08 15:01,1,12.1,12.1,0.95,95.08,0,,,Ayee
2024-11-08 15:06,1,11.7,12.5,0.13,98.44,0,,,Ayee
2024-11-08 15:11,1,12.0,12.7,0.0,96.18,0,,,Ayee
2024-11-08 15:16,2,11.9,12.4,2.29,106.25,0,,,Ayee
2024-11-08 15:21,2,11.6,12.4,1.47,89.41,0,,,Ayee
2024-11-08 15:26,3,11.6,11.9,1.91,90.62,0,,,Ayee
2024-11-08 15:31,3,11.6,11.3,1.26,95.19,0,,,Ayee
2024-11-08 15:36,3,11.7,11.8,1.0,90.87,0,,,Ayee
2024-11-08 15:41,3,11.7,11.7,2.26,94.36,0,,,Ayee
2024-11-08 15:46,3,11.5,11.6,2.45,82.55,0,,,Ayee
2024-11-08 15:51,3,11.6,11.9,1.2,89.28,0,,,Ayee
2024-11-08 15:56,3,11.3,12.0,0.99,92.66,0,,,Ayee
2024-11-08 16:01,3,11.6,11.8,1.74,87.18,0,,,Ayee
2024-11-08 16:06,3,11.4,11.9,2.41,92.23,0,,,Ayee
2024-11-08 16:11,3,11.5,12.0,0.0,94.89,0,,,Ayee
2024-11-08 16:16,3,11.8,11.9,1.1,91.45,0,,,Ayee
2024-11-08 16:21,3,11.6,11.9,2.5,92.47,0,,,Ayee
2024-11-08 16:26,3,11.4,12.1,0.66,87.92,0,,,Ayee
2024-11-08 16:31,3,11.2,12.9,0.14,84.61,0,,,Ayee
2024-11-08 16:36,3,11.2,12.4,3.16,89.98,0,,,Ayee
2024-11-08 16:41,3,10.8,12.3,3.98,90.05,0,,,Ayee
2024-11-08 16:46,3,10.7,12.2,3.33,86.58,0,,,Ayee
2024-11-08 16:51,3,10.8,12.1,2.61,94.19,0,,,Ayee
2024-11-08 16:56,3,11.1,12.4,0.45,95.46,0,,,Ayee
2024-11-08 17:01,3,11.4,12.1,1.97,89.43,0,,,Ayee
2024-11-08 17:06,3,11.3,12.1,1.59,92.81,0,,,Ayee
2024-11-08 17:11,3,11.2,12.1,2.18,91.41,0,,,Ayee
2024-11-08 17:16,3,11.2,12.2,2.24,94.68,0,,,Ayee
2024-11-08 17:21,3,10.6,12.3,2.87,85.16,0,,,Ayee
2024-11-08 17:26,3,10.7,12.3,2.1,91.38,0,,,Ayee
2024-11-08 17:31,3,11.0,12.0,4.17,88.98,0,,,Ayee
2024-11-08 17:37,3,10.8,12.1,3.74,89.58,0,,,Ayee
2024-11-08 17:42,3,10.5,12.6,1.47,93.1,0,,,Ayee
2024-11-08 17:47,3,10.9,12.1,0.9,88.13,0,,,Ayee
2024-11-08 17:52,3,11.0,12.1,2.28,94.46,0,,,Ayee
2024-11-08 17:57,3,10.7,12.2,4.57,87.37,0,,,Ayee
2024-11-08 18:02,3,10.4,12.3,3.74,88.5,0,,,Ayee
2024-11-08 18:07,3,10.1,12.6,3.98,89.94,0,,,Ayee
2024-11-08 18:12,3,10.5,12.4,1.75,89.64,0,,,Ayee
2024-11-08 18:17,3,10.9,12.2,1.45,91.47,0,,,Ayee
2024-11-08 18:22,3,11.0,12.2,1.04,92.4,0,,,Ayee
2024-11-08 18:27,3,10.6,12.1,1.92,97.9,0,,,Ayee
2024-11-08 18:32,3,10.9,12.3,2.15,86.8,0,,,Ayee
2024-11-08 18:37,3,10.6,12.7,2.96,92.57,0,,,Ayee
2024-11-08 18:42,3,10.6,12.6,1.72,90.77,0,,,Ayee
2024-11-08 18:47,3,10.2,13.0,2.5,87.18,0,,,Ayee
2024-11-08 18:52,3,10.4,12.9,3.59,92.66,0,,,Ayee
2024-11-08 18:57,3,10.3,13.1,3.74,88.05,0,,,Ayee
2024-11-08 19:02,3,10.0,13.3,3.67,90.51,0,,,Ayee
2024-11-08 19:07,3,10.1,12.9,2.59,86.58,0,,,Ayee
2024-11-08 19:12,3,9.9,13.6,2.28,87.67,0,,,Ayee
2024-11-08 19:17,3,10.3,12.9,1.93,87.18,0,,,Ayee
2024-11-08 19:22,3,10.4,13.2,1.34,85.08,0,,,Ayee
2024-11-08 19:27,3,10.5,13.2,1.45,86.99,0,,,Ayee
2024-11-08 19:32,3,10.6,13.2,0.4,95.17,0,,,Ayee
2024-11-08 19:37,3,10.2,13.5,2.58,88.39,0,,,Ayee
2024-11-08 19:42,3,9.8,13.8,2.47,87.84,0,,,Ayee
2024-11-08 19:47,3,9.7,13.8,3.6,94.66,0,,,Ayee
2024-11-08 19:52,3,9.5,14.1,2.34,91.43,0,,,Ayee
2024-11-08 19:57,3,9.6,13.9,0.53,91.49,0,,,Ayee
2024-11-08 20:02,3,10.1,13.5,1.71,92.45,0,,,Ayee
2024-11-08 20:07,3,9.9,13.6,1.04,90.73,0,,,Ayee
2024-11-08 20:12,3,9.8,13.8,2.85,91.83,0,,,Ayee
2024-11-08 20:17,3,9.4,14.1,3.33,92.09,0,,,Ayee
2024-11-08 20:22,3,9.2,14.5,3.17,88.07,0,,,Ayee
2024-11-08 20:27,3,9.2,14.3,4.23,95.53,0,,,Ayee
2024-11-08 20:32,3,9.0,14.5,3.98,94.32,0,,,Ayee
2024-11-08 20:37,3,8.8,14.7,3.98,94.1,0,,,Ayee
2024-11-08 20:42,3,9.1,14.4,3.4,91.81,0,,,Ayee
2024-11-08 20:47,3,9.5,14.4,2.35,89.28,0,,,Ayee
2024-11-08 20:52,3,9.6,14.4,3.28,90.17,0,,,Ayee
2024-11-08 20:57,3,9.6,14.2,4.17,93.27,0,,,Ayee
2024-11-08 21:02,3,9.4,14.4,3.98,90.43,0,,,Ayee
2024-11-08 21:07,3,9.4,14.4,3.16,91.34,0,,,Ayee
2024-11-08 21:12,3,9.4,14.2,3.17,97.14,0,,,Ayee
2024-11-08 21:17,3,9.5,14.4,2.34,83.72,0,,,Ayee
2024-11-08 21:22,3,9.6,14.2,2.2,89.56,0,,,Ayee
2024-11-08 21:27,3,9.6,14.2,2.54,84.52,0,,,Ayee
2024-11-08 21:32,3,9.0,14.5,3.46,97.31,0,,,Ayee
2024-11-08 21:37,3,9.1,14.3,2.28,91.81,0,,,Ayee
2024-11-08 21:42,3,9.1,14.2,2.34,87.58,0,,,Ayee
2024-11-08 21:47,3,9.0,14.3,0.51,89.86,0,,,Ayee
2024-11-08 21:52,3,8.9,14.5,1.16,93.04,0,,,Ayee
2024-11-08 21:57,3,8.9,14.7,2.87,94.0,0,,,Ayee
2024-11-08 22:02,3,8.6,14.7,2.23,92.21,0,,,Ayee
2024-11-08 22:07,3,8.5,15.0,2.17,92.06,0,,,Ayee
2024-11-08 22:12,3,8.9,14.7,0.14,87.52,0,,,Ayee
2024-11-08 22:17,3,8.8,14.7,2.82,88.77,0,,,Ayee
2024-11-08 22:22,3,8.4,15.1,3.54,95.76,0,,,Ayee
2024-11-08 22:27,3,8.4,15.0,0.53,87.82,0,,,Ayee
2024-11-08 22:32,3,8.7,14.9,2.78,91.89,0,,,Ayee
2024-11-08 22:37,3,8.4,15.2,3.11,90.43,0,,,Ayee
2024-11-08 22:42,3,8.6,15.1,1.18,89.86,0,,,Ayee
2024-11-08 22:47,3,8.5,15.2,0.77,93.3,0,,,Ayee
2024-11-08 22:52,3,8.6,15.1,1.22,87.84,0,,,Ayee
2024-11-08 22:57,3,8.4,15.7,3.34,85.18,0,,,Ayee
2024-11-08 23:02,3,8.3,15.2,0.68,93.15,0,,,Ayee
2024-11-08 23:07,3,8.4,15.5,0.25,85.42,0,,,Ayee
2024-11-08 23:12,3,8.7,15.5,0.56,86.41,0,,,Ayee
2024-11-08 23:17,3,8.5,16.0,2.12,88.24,0,,,Ayee
2024-11-08 23:22,3,8.2,16.3,2.34,93.53,0,,,Ayee
2024-11-08 23:27,3,8.2,16.0,2.58,86.5,0,,,Ayee
2024-11-08 23:32,3,8.3,16.1,2.96,89.3,0,,,Ayee
2024-11-08 23:37,3,8.3,16.5,2.87,96.74,0,,,Ayee
2024-11-08 23:42,3,8.1,16.0,1.47,86.69,0,,,Ayee
2024-11-08 23:47,3,7.8,16.7,0.81,91.11,0,,,Ayee
2024-11-08 23:52,3,8.2,16.5,0.0,88.16,0,,,Ayee
2024-11-08 23:57,3,8.1,16.7,2.17,88.13,0,,,Ayee
2024-11-09 0:02,3,7.5,17.2,2.04,92.45,0,,,Ayee
2024-11-09 0:07,3,7.5,17.3,0.62,88.39,0,,,Ayee
2024-11-09 0:12,3,7.6,17.4,2.64,86.29,0,,,Ayee
2024-11-09 0:17,3,7.7,17.5,0.73,87.18,0,,,Ayee
2024-11-09 0:22,3,8.0,17.4,0.21,96.38,0,,,Ayee
2024-11-09 0:27,3,7.8,17.7,1.62,98.39,0,,,Ayee
2024-11-09 0:32,3,7.7,17.5,2.1,89.6,0,,,Ayee
2024-11-09 0:37,3,7.7,17.7,1.41,94.27,0,,,Ayee
2024-11-09 0:42,3,7.7,17.6,0.27,85.56,0,,,Ayee
2024-11-09 0:47,3,7.2,17.9,1.77,90.36,0,,,Ayee
2024-11-09 0:52,3,7.1,18.3,0.68,90.28,0,,,Ayee
2024-11-09 0:57,3,7.3,18.1,0.0,88.24,0,,,Ayee
2024-11-09 1:02,3,7.3,18.2,0.71,90.92,0,,,Ayee
2024-11-09 1:07,3,7.1,18.5,0.57,87.18,0,,,Ayee
2024-11-09 1:12,3,7.0,18.6,0.9,84.99,0,,,Ayee
2024-11-09 1:17,3,6.4,19.1,2.32,94.83,0,,,Ayee
2024-11-09 1:22,3,6.8,18.3,0.0,95.02,0,,,Ayee
2024-11-09 1:27,3,7.1,19.0,0.45,84.67,0,,,Ayee
2024-11-09 1:32,3,6.9,19.2,1.08,97.16,0,,,Ayee
2024-11-09 1:37,3,6.9,19.0,2.05,88.56,0,,,Ayee
2024-11-09 1:42,3,6.9,18.9,1.77,82.17,0,,,Ayee
2024-11-09 1:47,3,7.0,18.8,1.24,92.43,0,,,Ayee
2024-11-09 1:52,3,7.0,18.8,1.95,101.52,0,,,Ayee
2024-11-09 1:57,3,7.0,18.7,2.41,91.77,0,,,Ayee
2024-11-09 2:02,3,6.9,19.1,1.31,90.51,0,,,Ayee
2024-11-09 2:07,3,7.0,18.9,1.47,91.21,0,,,Ayee
2024-11-09 2:12,3,7.2,18.8,2.08,88.84,0,,,Ayee
2024-11-09 2:17,3,6.8,19.4,2.74,88.88,0,,,Ayee
2024-11-09 2:22,3,7.2,18.7,0.14,87.03,0,,,Ayee
2024-11-09 2:27,3,7.6,18.6,0.9,88.54,0,,,Ayee
2024-11-09 2:32,3,6.9,19.2,3.06,99.41,0,,,Ayee
2024-11-09 2:37,3,6.5,19.6,2.97,95.0,0,,,Ayee
2024-11-09 2:42,3,6.5,19.3,2.97,88.92,0,,,Ayee
2024-11-09 2:47,3,6.8,19.3,2.98,88.05,0,,,Ayee
2024-11-09 2:52,3,6.8,19.2,2.29,90.79,0,,,Ayee
2024-11-09 2:57,3,6.9,19.0,0.47,88.45,0,,,Ayee
2024-11-09 3:02,3,7.1,18.8,2.08,89.9,0,,,Ayee
2024-11-09 3:07,3,6.8,19.2,0.38,87.71,0,,,Ayee
2024-11-09 3:12,3,6.6,19.4,2.62,96.16,0,,,Ayee
2024-11-09 3:17,3,6.7,19.4,3.0,91.45,0,,,Ayee
2024-11-09 3:22,3,6.8,19.1,2.64,91.17,0,,,Ayee
2024-11-09 3:27,3,6.6,19.7,1.86,93.17,0,,,Ayee
2024-11-09 3:32,3,6.6,19.7,1.77,90.39,0,,,Ayee
2024-11-09 3:37,3,6.4,19.9,3.47,92.76,0,,,Ayee
2024-11-09 3:42,3,6.3,19.9,2.74,89.32,0,,,Ayee
2024-11-09 3:47,3,6.5,20.0,2.5,94.8,0,,,Ayee
2024-11-09 3:52,3,6.5,20.1,2.5,92.81,0,,,Ayee
2024-11-09 3:57,3,6.3,20.3,1.66,94.27,0,,,Ayee
2024-11-09 4:02,3,6.3,19.9,1.93,89.07,0,,,Ayee
2024-11-09 4:07,3,6.5,20.0,1.79,92.43,0,,,Ayee
2024-11-09 4:12,3,6.5,20.1,1.15,93.08,0,,,Ayee
2024-11-09 4:17,3,6.4,20.4,2.53,86.31,0,,,Ayee
2024-11-09 4:22,3,6.3,20.4,2.1,94.15,0,,,Ayee
2024-11-09 4:27,3,5.9,20.8,1.54,95.02,0,,,Ayee
2024-11-09 4:32,3,5.9,20.8,0.69,91.09,0,,,Ayee
2024-11-09 4:37,3,6.3,20.9,1.11,87.07,0,,,Ayee
2024-11-09 4:42,3,6.0,21.3,3.31,90.77,0,,,Ayee
2024-11-09 4:47,3,5.7,21.3,1.29,91.7,0,,,Ayee
2024-11-09 4:52,3,6.1,21.4,0.16,95.06,0,,,Ayee
2024-11-09 4:57,3,6.0,21.5,2.69,90.0,0,,,Ayee
2024-11-09 5:02,3,5.8,21.9,1.24,95.53,0,,,Ayee
2024-11-09 5:07,3,5.9,21.4,1.62,95.02,0,,,Ayee
2024-11-09 5:12,3,5.7,21.8,2.25,94.44,0,,,Ayee
2024-11-09 5:17,3,5.8,21.7,1.56,90.62,0,,,Ayee
2024-11-09 5:22,3,5.7,21.6,1.75,95.23,0,,,Ayee
2024-11-09 5:27,3,5.7,22.0,1.77,94.38,0,,,Ayee
2024-11-09 5:32,3,5.8,21.5,0.7,90.85,0,,,Ayee
2024-11-09 5:37,3,5.9,21.5,0.0,98.88,0,,,Ayee
2024-11-09 5:42,3,5.8,21.7,2.58,90.96,0,,,Ayee
2024-11-09 5:47,3,5.6,22.2,2.41,89.66,0,,,Ayee
2024-11-09 5:52,3,6.0,21.5,0.23,92.28,0,,,Ayee
2024-11-09 5:57,3,6.0,21.5,0.56,91.55,0,,,Ayee
2024-11-09 6:02,3,5.7,22.2,1.91,94.66,0,,,Ayee
2024-11-09 6:07,3,5.6,22.2,2.38,88.77,0,,,Ayee
2024-11-09 6:12,3,5.4,22.7,2.51,90.66,0,,,Ayee
2024-11-09 6:17,3,5.2,23.2,1.65,90.7,0,,,Ayee
2024-11-09 6:22,3,5.3,22.5,1.56,91.92,0,,,Ayee
2024-11-09 6:27,3,5.5,22.4,1.93,91.62,0,,,Ayee
2024-11-09 6:32,3,5.6,22.3,1.34,93.42,0,,,Ayee
2024-11-09 6:37,3,5.4,22.2,2.03,94.89,0,,,Ayee
2024-11-09 6:42,3,4.9,23.2,2.38,90.09,0,,,Ayee
2024-11-09 6:47,3,4.9,23.3,2.6,95.46,0,,,Ayee
2024-11-09 6:52,3,5.2,22.9,2.75,89.45,0,,,Ayee
2024-11-09 6:57,3,5.3,23.0,2.41,90.92,0,,,Ayee
2024-11-09 7:02,3,5.2,23.0,2.45,93.08,0,,,Ayee
2024-11-09 7:07,3,5.2,23.0,1.78,88.13,0,,,Ayee
2024-11-09 7:12,3,5.3,23.0,2.73,93.13,0,,,Ayee
2024-11-09 7:17,3,5.4,23.1,2.76,84.99,0,,,Ayee
2024-11-09 7:22,3,5.5,23.1,1.58,92.74,0,,,Ayee
2024-11-09 7:27,3,5.6,23.1,0.9,90.7,0,,,Ayee
2024-11-09 7:32,3,5.4,23.1,0.0,91.13,0,,,Ayee
2024-11-09 7:37,3,5.6,23.0,1.36,89.09,0,,,Ayee
2024-11-09 7:42,3,5.5,23.1,0.28,92.34,0,,,Ayee
2024-11-09 7:47,3,5.4,23.1,1.32,93.61,0,,,Ayee
2024-11-09 7:52,3,5.4,23.2,1.19,91.7,0,,,Ayee
2024-11-09 7:57,3,5.8,22.9,1.06,101.15,0,,,Ayee
2024-11-09 8:02,3,7.0,21.9,0.67,91.13,0,,,Ayee
2024-11-09 8:07,3,8.2,20.9,0.42,91.98,0,,,Ayee
2024-11-09 8:12,3,8.8,20.2,0.28,101.32,0,,,Ayee
2024-11-09 8:17,3,9.5,19.5,0.0,87.71,0,,,Ayee
2024-11-09 8:22,3,9.9,18.2,0.0,92.23,0,,,Ayee
2024-11-09 8:27,3,10.2,18.5,0.0,91.11,0,,,Ayee
2024-11-09 8:32,3,10.0,18.9,0.19,99.99,0,,,Ayee
2024-11-09 8:37,3,9.7,18.3,0.0,88.52,0,,,Ayee
2024-11-09 8:42,3,10.0,18.8,0.0,88.52,0,,,Ayee
2024-11-09 8:47,3,9.6,18.6,0.21,94.68,0,,,Ayee
2024-11-09 8:52,3,9.4,19.6,0.0,88.98,0,,,Ayee
2024-11-09 8:57,3,9.8,20.0,0.0,85.71,0,,,Ayee
2024-11-09 9:02,3,10.0,19.6,0.39,96.35,0,,,Ayee
2024-11-09 9:07,3,8.9,26.8,0.0,90.11,0,,,Ayee
2024-11-09 9:12,3,9.5,21.6,0.0,90.75,0,,,Ayee
2024-11-09 9:17,3,9.4,23.6,0.64,90.28,0,,,Ayee
2024-11-09 9:22,3,9.2,24.0,0.1,90.62,0,,,Ayee
2024-11-09 9:27,3,8.5,24.1,0.53,91.19,0,,,Ayee
2024-11-09 9:32,3,8.9,22.0,0.96,91.51,0,,,Ayee
2024-11-09 9:37,3,9.9,20.2,0.14,89.75,0,,,Ayee
2024-11-09 9:42,3,10.1,19.7,0.11,91.81,0,,,Ayee
2024-11-09 9:47,3,9.7,20.1,0.81,95.99,0,,,Ayee
2024-11-09 9:52,3,9.3,20.6,1.43,94.83,0,,,Ayee
2024-11-09 9:57,3,9.5,20.4,1.47,90.9,0,,,Ayee
2024-11-09 10:02,3,9.1,20.8,1.91,90.13,0,,,Ayee
2024-11-09 10:07,3,9.2,20.7,1.14,92.34,0,,,Ayee
2024-11-09 10:12,3,9.6,19.9,0.31,87.31,0,,,Ayee
2024-11-09 10:17,3,9.7,20.0,0.0,89.39,0,,,Ayee
2024-11-09 10:22,3,9.6,20.1,0.0,97.03,0,,,Ayee
2024-11-09 10:27,3,10.1,19.9,2.07,92.89,0,,,Ayee
2024-11-09 10:32,3,9.4,20.4,0.76,92.09,0,,,Ayee
2024-11-09 10:37,3,9.4,20.5,1.7,88.73,0,,,Ayee
2024-11-09 10:42,3,9.2,20.8,1.0,92.21,0,,,Ayee
2024-11-09 10:47,3,9.3,20.6,0.33,88.98,0,,,Ayee
2024-11-09 10:52,3,9.5,20.2,0.74,95.7,0,,,Ayee
2024-11-09 10:57,3,9.2,20.6,0.63,93.36,0,,,Ayee
2024-11-09 11:02,3,9.6,19.9,0.98,91.55,0,,,Ayee
2024-11-09 11:07,3,9.5,19.9,0.43,89.35,0,,,Ayee
2024-11-09 11:12,3,9.7,19.6,0.0,93.1,0,,,Ayee
2024-11-09 11:17,3,9.8,19.5,0.89,90.47,0,,,Ayee
2024-11-09 11:22,3,9.6,19.6,0.15,92.87,0,,,Ayee
2024-11-09 11:27,3,9.6,19.6,0.37,90.79,0,,,Ayee
2024-11-09 11:32,3,10.3,18.3,0.43,90.34,0,,,Ayee
2024-11-09 11:37,3,10.2,18.8,0.0,92.51,0,,,Ayee
2024-11-09 11:42,3,10.4,18.7,0.21,92.21,0,,,Ayee
2024-11-09 11:47,3,10.4,19.1,0.35,88.92,0,,,Ayee
2024-11-09 11:52,3,10.6,18.7,0.0,88.22,0,,,Ayee
2024-11-09 11:57,3,10.7,18.5,0.09,92.38,0,,,Ayee
2024-11-09 12:02,3,10.3,18.3,0.11,91.87,0,,,Ayee
2024-11-09 12:07,3,10.8,18.3,0.0,90.05,0,,,Ayee
2024-11-09 12:12,3,10.6,18.1,0.56,92.17,0,,,Ayee
2024-11-09 12:17,3,10.5,18.3,0.0,89.37,0,,,Ayee
2024-11-09 12:22,3,10.8,17.8,0.0,89.47,0,,,Ayee
2024-11-09 12:27,3,11.4,17.4,0.0,92.15,0,,,Ayee
2024-11-09 12:32,3,11.8,17.0,0.0,93.0,0,,,Ayee
2024-11-09 12:37,3,10.9,18.4,1.15,92.4,0,,,Ayee
2024-11-09 12:42,3,10.6,18.2,0.0,96.44,0,,,Ayee
2024-11-09 12:47,3,11.0,17.6,0.19,92.6,0,,,Ayee
2024-11-09 12:52,3,11.0,18.1,0.3,96.48,0,,,Ayee
2024-11-09 12:57,3,10.8,18.1,0.0,94.74,0,,,Ayee
2024-11-09 13:02,3,10.9,17.9,0.89,94.21,0,,,Ayee
2024-11-09 13:07,3,10.8,17.9,0.15,88.9,0,,,Ayee
2024-11-09 13:12,3,11.0,17.7,0.54,93.53,0,,,Ayee
2024-11-09 13:17,3,10.9,18.1,0.67,90.24,0,,,Ayee
2024-11-09 13:22,3,10.8,18.3,0.41,90.19,0,,,Ayee
2024-11-09 13:27,3,10.8,18.1,0.23,91.47,0,,,Ayee
2024-11-09 13:32,3,11.1,17.6,0.0,90.9,0,,,Ayee
2024-11-09 13:37,3,11.3,17.3,0.48,88.64,0,,,Ayee
2024-11-09 13:42,3,11.4,17.7,0.87,89.11,0,,,Ayee
2024-11-09 13:48,3,11.3,17.9,0.88,92.96,0,,,Ayee
2024-11-09 13:53,3,11.4,17.5,0.52,92.89,0,,,Ayee
2024-11-09 13:58,3,11.1,17.6,0.35,94.25,0,,,Ayee
2024-11-09 14:03,3,11.2,17.5,0.35,95.33,0,,,Ayee
2024-11-09 14:08,3,11.3,17.2,0.0,92.0,0,,,Ayee
2024-11-09 14:13,3,11.5,17.3,1.0,90.43,0,,,Ayee
2024-11-09 14:18,3,11.3,17.4,0.0,91.19,0,,,Ayee
2024-11-09 14:23,3,11.4,16.8,0.0,94.85,0,,,Ayee
2024-11-09 14:28,3,11.8,15.9,0.39,91.36,0,,,Ayee
2024-11-09 14:33,3,12.0,15.8,0.0,91.24,0,,,Ayee
2024-11-09 14:38,3,11.5,17.5,1.71,93.61,0,,,Ayee
2024-11-09 14:43,3,11.2,17.5,2.49,93.72,0,,,Ayee
2024-11-09 14:48,3,11.4,16.8,1.39,93.04,0,,,Ayee
2024-11-09 14:53,3,11.4,16.8,1.44,90.05,0,,,Ayee
2024-11-09 14:58,3,11.5,16.8,1.98,93.02,0,,,Ayee
2024-11-09 15:03,3,11.6,16.8,2.07,92.19,0,,,Ayee
2024-11-09 15:08,3,11.7,15.9,1.74,91.7,0,,,Ayee
2024-11-09 15:13,3,11.7,15.5,1.96,91.43,0,,,Ayee
2024-11-09 15:18,3,11.7,16.1,1.85,91.26,0,,,Ayee
2024-11-09 15:23,3,11.7,15.8,3.81,91.75,0,,,Ayee
2024-11-09 15:28,3,11.6,15.7,2.67,91.15,0,,,Ayee
2024-11-09 15:33,3,11.6,15.7,1.89,95.1,0,,,Ayee
2024-11-09 15:38,3,11.5,15.7,3.21,89.24,0,,,Ayee
2024-11-09 15:43,3,11.6,14.5,2.78,86.9,0,,,Ayee
2024-11-09 15:48,3,11.4,16.3,2.37,91.26,0,,,Ayee
2024-11-09 15:53,3,11.3,16.8,2.79,92.89,0,,,Ayee
2024-11-09 15:58,3,11.3,16.5,0.61,92.4,0,,,Ayee
2024-11-09 16:03,3,11.4,16.2,1.31,96.31,0,,,Ayee
2024-11-09 16:08,3,11.3,16.0,1.91,90.24,0,,,Ayee
2024-11-09 16:13,3,11.1,17.5,3.39,96.16,0,,,Ayee
2024-11-09 16:18,3,10.7,19.0,2.5,93.89,0,,,Ayee
2024-11-09 16:23,3,10.8,17.6,2.57,96.93,0,,,Ayee
2024-11-09 16:28,3,10.9,17.8,2.81,92.55,0,,,Ayee
2024-11-09 16:33,3,10.8,17.7,4.89,95.4,0,,,Ayee
2024-11-09 16:38,3,10.9,18.2,2.49,94.29,0,,,Ayee
2024-11-09 16:43,3,10.8,17.5,1.3,92.19,0,,,Ayee
2024-11-09 16:48,3,10.6,18.6,2.94,92.81,0,,,Ayee
2024-11-09 16:53,3,10.5,18.9,2.35,96.29,0,,,Ayee
2024-11-09 16:58,3,10.4,19.0,2.47,93.98,0,,,Ayee
2024-11-09 17:03,3,10.3,19.4,1.85,91.96,0,,,Ayee
2024-11-09 17:08,3,10.2,19.9,1.9,89.6,0,,,Ayee
2024-11-09 17:13,3,10.2,19.8,2.87,92.7,0,,,Ayee
2024-11-09 17:18,3,10.3,19.1,3.54,91.83,0,,,Ayee
2024-11-09 17:23,3,10.3,19.6,2.41,99.33,0,,,Ayee
2024-11-09 17:28,3,10.2,19.2,1.91,92.87,0,,,Ayee
2024-11-09 17:33,3,10.1,20.1,2.79,95.76,0,,,Ayee
2024-11-09 17:38,3,9.9,20.7,2.01,90.32,0,,,Ayee
2024-11-09 17:43,3,9.8,20.7,1.58,89.96,0,,,Ayee
2024-11-09 17:48,3,9.8,21.0,3.15,93.34,0,,,Ayee
2024-11-09 17:53,3,9.6,21.8,2.5,92.0,0,,,Ayee
2024-11-09 17:58,3,9.6,21.7,2.17,91.11,0,,,Ayee
2024-11-09 18:03,3,9.6,20.9,1.3,94.38,0,,,Ayee
2024-11-09 18:08,3,9.5,21.7,1.32,97.35,0,,,Ayee
2024-11-09 18:13,3,9.5,21.6,1.28,93.13,0,,,Ayee
2024-11-09 18:18,3,9.4,21.5,3.61,96.27,0,,,Ayee
2024-11-09 18:23,3,9.5,21.9,1.67,93.81,0,,,Ayee
2024-11-09 18:28,3,9.3,22.6,2.5,89.88,0,,,Ayee
2024-11-09 18:33,3,9.3,22.5,1.78,90.05,0,,,Ayee
2024-11-09 18:38,3,9.4,22.3,4.57,92.51,0,,,Ayee
2024-11-09 18:43,3,9.4,21.6,1.39,90.79,0,,,Ayee
2024-11-09 18:48,3,9.3,22.0,3.34,93.59,0,,,Ayee
2024-11-09 18:53,3,9.1,23.0,4.23,93.3,0,,,Ayee
2024-11-09 18:58,3,9.2,22.8,4.82,93.66,0,,,Ayee
2024-11-09 19:03,3,9.3,21.4,1.56,92.74,0,,,Ayee
2024-11-09 19:08,3,9.2,23.0,4.57,94.7,0,,,Ayee
2024-11-09 19:13,3,9.1,23.1,1.89,94.21,0,,,Ayee
2024-11-09 19:18,3,9.1,23.3,2.37,93.19,0,,,Ayee
2024-11-09 19:23,3,9.2,23.3,2.66,93.59,0,,,Ayee
2024-11-09 19:28,3,9.1,23.5,5.21,94.83,0,,,Ayee
2024-11-09 19:33,3,9.2,22.7,3.33,94.61,0,,,Ayee
2024-11-09 19:38,3,9.0,23.9,3.46,94.91,0,,,Ayee
2024-11-09 19:43,3,8.9,24.3,3.34,93.83,0,,,Ayee
2024-11-09 19:48,3,8.8,24.4,5.35,94.55,0,,,Ayee
2024-11-09 19:53,3,8.8,24.4,3.15,94.93,0,,,Ayee
2024-11-09 19:58,3,8.8,24.7,1.43,95.33,0,,,Ayee
2024-11-09 20:03,3,8.7,24.1,1.94,96.42,0,,,Ayee
2024-11-09 20:08,3,8.7,24.6,2.1,95.12,0,,,Ayee
2024-11-09 20:13,3,8.8,23.7,1.71,95.06,0,,,Ayee
2024-11-09 20:18,3,8.7,25.5,0.69,96.25,0,,,Ayee
2024-11-09 20:23,3,8.6,23.7,0.01,95.63,0,,,Ayee
2024-11-09 20:28,3,8.6,23.6,2.74,93.3,0,,,Ayee
2024-11-09 20:33,3,9.2,22.1,1.93,94.61,0,,,Ayee
2024-11-09 20:38,3,9.0,24.7,2.02,95.76,0,,,Ayee
2024-11-09 20:43,3,8.7,23.7,1.47,95.72,0,,,Ayee
2024-11-09 20:48,3,9.0,24.0,3.67,94.97,0,,,Ayee
2024-11-09 20:53,3,8.6,24.6,1.41,95.38,0,,,Ayee
2024-11-09 20:58,3,8.5,24.9,1.9,94.68,0,,,Ayee
2024-11-09 21:03,3,9.0,23.6,2.87,95.95,0,,,Ayee
2024-11-09 21:08,3,9.1,23.2,2.15,94.93,0,,,Ayee
2024-11-09 21:13,3,9.2,21.7,3.74,95.46,0,,,Ayee
2024-11-09 21:18,3,8.9,24.7,2.47,95.38,0,,,Ayee
2024-11-09 21:23,3,8.7,24.6,2.08,94.44,0,,,Ayee
2024-11-09 21:28,3,8.7,25.1,3.17,94.44,0,,,Ayee
2024-11-09 21:33,3,8.8,22.3,1.82,96.31,0,,,Ayee
2024-11-09 21:38,3,8.9,23.7,2.46,97.23,0,,,Ayee
2024-11-09 21:43,3,9.1,22.0,0.84,95.5,0,,,Ayee
2024-11-09 21:48,3,8.7,24.5,4.35,97.33,0,,,Ayee
2024-11-09 21:53,3,8.5,25.8,3.09,93.74,0,,,Ayee
2024-11-09 21:58,3,8.5,25.2,0.55,93.25,0,,,Ayee
2024-11-09 22:03,3,8.1,27.1,0.4,96.5,0,,,Ayee
2024-11-09 22:08,3,8.2,25.9,0.73,96.23,0,,,Ayee
2024-11-09 22:13,3,8.3,27.0,2.66,94.4,0,,,Ayee
2024-11-09 22:18,3,8.2,25.2,2.1,95.95,0,,,Ayee
2024-11-09 22:23,3,8.1,24.9,1.95,94.72,0,,,Ayee
2024-11-09 22:28,3,8.2,26.0,1.26,93.66,0,,,Ayee
2024-11-09 22:33,3,8.2,26.7,1.96,95.08,0,,,Ayee
2024-11-09 22:38,3,8.3,25.1,3.54,95.1,0,,,Ayee
2024-11-09 22:43,3,8.0,25.0,2.28,94.19,0,,,Ayee
2024-11-09 22:48,3,8.1,23.7,1.41,94.42,0,,,Ayee
2024-11-09 22:53,3,8.3,23.4,0.0,94.78,0,,,Ayee
2024-11-09 22:58,3,8.4,26.6,1.46,96.1,0,,,Ayee
2024-11-09 23:03,3,7.8,27.2,0.6,98.03,0,,,Ayee
2024-11-09 23:08,3,7.9,27.6,0.03,93.47,0,,,Ayee
2024-11-09 23:13,3,7.5,27.4,1.88,95.31,0,,,Ayee
2024-11-09 23:18,3,7.3,26.8,2.34,93.23,0,,,Ayee
2024-11-09 23:23,3,7.2,26.9,2.62,94.76,0,,,Ayee
2024-11-09 23:28,3,7.2,26.3,2.04,97.08,0,,,Ayee
2024-11-09 23:33,3,7.2,26.1,2.0,95.44,0,,,Ayee
2024-11-09 23:38,3,7.4,25.6,1.18,94.55,0,,,Ayee
2024-11-09 23:43,3,7.3,25.7,2.67,94.68,0,,,Ayee
2024-11-09 23:48,3,7.6,25.1,1.94,96.21,0,,,Ayee
2024-11-09 23:53,3,7.6,24.9,2.23,95.06,0,,,Ayee
2024-11-09 23:58,3,7.6,24.7,0.0,95.4,0,,,Ayee
2024-11-10 0:03,3,7.1,28.3,0.12,93.7,0,,,Ayee
2024-11-10 0:08,3,6.9,26.9,0.34,91.96,0,,,Ayee
2024-11-10 0:13,3,7.4,26.8,1.04,86.01,0,,,Ayee
2024-11-10 0:18,3,7.4,26.7,0.1,79.6,0,,,Ayee
2024-11-10 0:23,3,7.8,26.2,0.16,79.41,0,,,Ayee
2024-11-10 0:28,3,7.6,26.0,1.78,77.85,0,,,Ayee
2024-11-10 0:33,3,7.3,25.8,1.2,85.65,0,,,Ayee
2024-11-10 0:38,3,7.7,28.1,2.17,78.83,0,,,Ayee
2024-11-10 0:43,3,8.2,25.1,2.54,85.78,0,,,Ayee
2024-11-10 0:48,3,8.1,25.2,2.54,85.37,0,,,Ayee
2024-11-10 0:53,3,7.6,25.5,2.13,86.56,0,,,Ayee
2024-11-10 0:58,3,7.2,25.6,0.91,89.45,0,,,Ayee
2024-11-10 1:03,3,7.8,28.4,8.07,92.74,0,,,Ayee
2024-11-10 1:08,3,7.3,30.1,6.38,93.72,0,,,Ayee
2024-11-10 1:13,3,6.8,32.4,3.1,92.04,0,,,Ayee
2024-11-10 1:18,3,7.2,29.1,8.08,93.81,0,,,Ayee
2024-11-10 1:23,3,7.8,25.1,8.13,94.08,0,,,Ayee
2024-11-10 1:28,3,8.3,23.7,0.86,93.34,0,,,Ayee
2024-11-10 1:33,3,7.9,26.0,1.86,93.47,0,,,Ayee
2024-11-10 1:38,3,7.6,25.9,4.12,92.72,0,,,Ayee
2024-11-10 1:43,3,7.6,26.6,1.53,93.83,0,,,Ayee
2024-11-10 1:48,3,7.7,25.6,1.12,91.87,0,,,Ayee
2024-11-10 1:53,3,7.6,24.9,5.22,91.0,0,,,Ayee
2024-11-10 1:58,3,7.9,24.0,2.65,94.23,0,,,Ayee
2024-11-10 2:03,3,8.1,25.3,2.51,93.72,0,,,Ayee
2024-11-10 2:08,3,7.8,26.3,1.28,93.3,0,,,Ayee
2024-11-10 2:13,3,7.6,26.0,3.65,91.96,0,,,Ayee
2024-11-10 2:18,3,7.2,25.6,4.26,91.0,0,,,Ayee
2024-11-10 2:23,3,7.5,25.8,4.35,92.74,0,,,Ayee
2024-11-10 2:28,3,7.5,26.9,1.14,90.56,0,,,Ayee
2024-11-10 2:33,3,7.1,27.9,1.87,80.49,0,,,Ayee
2024-11-10 2:38,3,6.9,27.1,2.47,82.57,0,,,Ayee
2024-11-10 2:43,3,6.9,27.6,0.41,85.69,0,,,Ayee
2024-11-10 2:48,3,6.9,26.9,0.49,89.39,0,,,Ayee
2024-11-10 2:53,3,7.1,26.5,0.96,92.62,0,,,Ayee
2024-11-10 2:58,3,5.9,29.1,1.04,92.4,0,,,Ayee
2024-11-10 3:03,3,6.4,28.5,1.65,90.75,0,,,Ayee
2024-11-10 3:08,3,6.6,27.8,1.04,91.58,0,,,Ayee
2024-11-10 3:13,3,6.5,27.0,1.25,93.4,0,,,Ayee
2024-11-10 3:18,3,7.2,26.4,0.73,93.19,0,,,Ayee
2024-11-10 3:23,3,6.8,26.2,1.77,93.87,0,,,Ayee
2024-11-10 3:28,3,6.7,26.1,0.92,92.49,0,,,Ayee
2024-11-10 3:33,3,7.3,25.1,1.28,92.23,0,,,Ayee
2024-11-10 3:38,3,7.1,25.1,1.02,92.45,0,,,Ayee
2024-11-10 3:43,3,7.1,24.8,3.39,93.72,0,,,Ayee
2024-11-10 3:48,3,7.3,24.7,4.41,94.02,0,,,Ayee
2024-11-10 3:53,3,7.4,24.6,3.74,91.92,0,,,Ayee
2024-11-10 3:58,3,7.2,25.7,3.34,93.06,0,,,Ayee
2024-11-10 4:03,3,7.0,25.9,1.26,92.74,0,,,Ayee
2024-11-10 4:08,3,7.0,26.2,1.3,92.98,0,,,Ayee
2024-11-10 4:13,3,6.7,26.1,2.75,94.15,0,,,Ayee
2024-11-10 4:18,3,7.1,24.8,1.9,91.83,0,,,Ayee
2024-11-10 4:23,3,6.8,29.0,0.53,90.6,0,,,Ayee
2024-11-10 4:28,3,5.9,29.3,0.51,91.15,0,,,Ayee
2024-11-10 4:33,3,6.0,28.7,2.41,91.75,0,,,Ayee
2024-11-10 4:38,3,6.1,27.3,0.62,92.83,0,,,Ayee
2024-11-10 4:43,3,6.4,26.7,0.55,91.28,0,,,Ayee
2024-11-10 4:48,3,6.7,26.3,0.16,91.94,0,,,Ayee
2024-11-10 4:53,3,6.7,26.1,1.89,95.0,0,,,Ayee
2024-11-10 4:58,3,6.8,26.1,1.34,94.21,0,,,Ayee
2024-11-10 5:03,3,6.7,28.0,3.98,91.55,0,,,Ayee
2024-11-10 5:08,3,6.8,26.7,3.34,93.27,0,,,Ayee
2024-11-10 5:13,3,6.7,27.0,2.88,93.27,0,,,Ayee
2024-11-10 5:18,3,6.8,27.6,0.4,92.38,0,,,Ayee
2024-11-10 5:23,3,6.4,28.0,2.83,91.83,0,,,Ayee
2024-11-10 5:28,3,6.8,26.0,2.23,92.91,0,,,Ayee
2024-11-10 5:33,3,6.5,27.1,2.32,91.96,0,,,Ayee
2024-11-10 5:38,3,6.7,26.1,0.84,93.59,0,,,Ayee
2024-11-10 5:43,3,6.8,27.2,0.12,92.53,0,,,Ayee
2024-11-10 5:48,3,6.5,26.6,0.06,91.34,0,,,Ayee
2024-11-10 5:53,3,6.2,27.2,1.32,92.98,0,,,Ayee
2024-11-10 5:58,3,6.1,26.5,1.65,93.08,0,,,Ayee
2024-11-10 6:03,3,5.8,27.0,0.84,93.34,0,,,Ayee
2024-11-10 6:08,3,5.8,27.9,0.08,94.85,0,,,Ayee
2024-11-10 6:13,3,5.4,31.0,0.0,93.57,0,,,Ayee
2024-11-10 6:18,3,5.2,31.9,0.0,101.01,0,,,Ayee
2024-11-10 6:23,3,5.0,32.3,0.1,94.08,0,,,Ayee
2024-11-10 6:28,3,5.1,31.5,1.08,93.59,0,,,Ayee
2024-11-10 6:33,3,5.0,31.5,1.23,92.87,0,,,Ayee
2024-11-10 6:38,3,5.1,30.9,0.0,92.06,0,,,Ayee
2024-11-10 6:43,3,5.2,31.0,0.03,92.55,0,,,Ayee
2024-11-10 6:48,3,5.1,31.3,0.46,92.66,0,,,Ayee
2024-11-10 6:53,3,5.0,33.1,0.25,91.47,0,,,Ayee
2024-11-10 6:58,3,4.2,34.1,0.16,91.09,0,,,Ayee
2024-11-10 7:03,3,4.2,33.1,1.82,93.49,0,,,Ayee
2024-11-10 7:08,3,4.6,32.8,1.18,92.79,0,,,Ayee
2024-11-10 7:13,3,4.9,32.4,0.0,90.41,0,,,Ayee
2024-11-10 7:18,3,5.2,31.7,0.62,91.92,0,,,Ayee
2024-11-10 7:23,3,5.3,31.5,1.32,94.55,0,,,Ayee
2024-11-10 7:28,3,5.1,30.8,0.96,94.46,0,,,Ayee
2024-11-10 7:33,3,5.4,29.5,0.62,93.44,0,,,Ayee
2024-11-10 7:38,3,5.3,30.3,0.0,92.17,0,,,Ayee
2024-11-10 7:43,3,5.4,31.9,0.0,92.47,0,,,Ayee
2024-11-10 7:48,3,5.1,32.4,0.0,94.61,0,,,Ayee
2024-11-10 7:53,3,5.2,32.0,0.32,92.09,0,,,Ayee
2024-11-10 7:58,3,5.2,31.6,0.82,93.72,0,,,Ayee
2024-11-10 8:03,3,5.3,31.6,0.06,91.68,0,,,Ayee
2024-11-10 8:08,3,5.2,33.0,0.4,90.66,0,,,Ayee
2024-11-10 8:13,3,5.2,32.4,0.16,92.64,0,,,Ayee
2024-11-10 8:18,3,5.1,32.5,0.49,92.74,0,,,Ayee
2024-11-10 8:23,3,5.2,32.1,0.55,93.55,0,,,Ayee
2024-11-10 8:28,3,5.5,31.5,0.14,93.19,0,,,Ayee
2024-11-10 8:33,3,5.6,30.7,0.0,91.45,0,,,Ayee
2024-11-10 8:38,3,6.1,27.1,0.0,92.36,0,,,Ayee
2024-11-10 8:43,3,6.4,26.9,0.0,93.85,0,,,Ayee
2024-11-10 8:48,3,6.8,26.3,0.0,91.43,0,,,Ayee
2024-11-10 8:53,3,7.2,25.2,0.35,92.85,0,,,Ayee
2024-11-10 8:58,3,7.2,25.7,0.3,91.94,0,,,Ayee
2024-11-10 9:03,3,6.5,35.5,0.35,94.8,0,,,Ayee
2024-11-10 9:08,3,6.5,30.6,0.0,92.93,0,,,Ayee
2024-11-10 9:13,3,6.7,26.4,0.0,92.68,0,,,Ayee
2024-11-10 9:18,3,6.7,28.6,0.58,93.95,0,,,Ayee
2024-11-10 9:23,3,6.7,30.6,0.06,90.49,0,,,Ayee
2024-11-10 9:28,3,6.6,28.8,0.17,91.07,0,,,Ayee
2024-11-10 9:33,3,6.7,28.5,0.85,92.3,0,,,Ayee
2024-11-10 9:38,3,6.6,29.1,0.83,92.98,0,,,Ayee
2024-11-10 9:43,3,6.7,28.5,0.89,90.43,0,,,Ayee
2024-11-10 9:49,3,6.6,27.4,0.15,92.7,0,,,Ayee
2024-11-10 9:54,3,6.7,27.9,0.08,92.34,0,,,Ayee
2024-11-10 9:59,3,6.7,27.8,0.0,91.98,0,,,Ayee
2024-11-10 10:04,3,6.7,27.8,0.15,93.32,0,,,Ayee
2024-11-10 10:09,3,6.8,28.3,1.04,92.6,0,,,Ayee
2024-11-10 10:14,3,6.6,29.4,0.84,92.85,0,,,Ayee
2024-11-10 10:19,3,6.5,29.5,0.19,92.36,0,,,Ayee
2024-11-10 10:24,3,7.0,28.3,0.0,92.4,0,,,Ayee
2024-11-10 10:29,3,7.3,27.8,0.0,91.09,0,,,Ayee
2024-11-10 10:34,3,7.6,27.2,0.04,90.6,0,,,Ayee
2024-11-10 10:39,3,7.5,27.1,0.22,92.64,0,,,Ayee
2024-11-10 10:44,3,7.3,26.9,0.78,92.04,0,,,Ayee
2024-11-10 10:49,3,7.7,26.5,0.43,90.85,0,,,Ayee
2024-11-10 10:54,3,7.9,26.4,0.26,92.62,0,,,Ayee
2024-11-10 10:59,3,8.0,26.6,1.04,90.49,0,,,Ayee
2024-11-10 11:04,3,8.1,26.0,1.19,94.89,0,,,Ayee
2024-11-10 11:09,3,8.3,26.5,1.09,93.25,0,,,Ayee
2024-11-10 11:14,3,8.1,26.4,0.84,91.96,0,,,Ayee
2024-11-10 11:19,3,8.0,26.1,0.0,92.64,0,,,Ayee
2024-11-10 11:24,3,7.8,26.7,0.0,91.75,0,,,Ayee
2024-11-10 11:29,3,8.0,27.1,0.82,92.91,0,,,Ayee
2024-11-10 11:34,3,8.0,27.2,0.54,91.09,0,,,Ayee
2024-11-10 11:39,3,8.1,26.9,0.26,89.62,0,,,Ayee
2024-11-10 11:44,3,8.1,26.8,0.91,93.59,0,,,Ayee
2024-11-10 11:49,3,8.2,26.4,0.45,92.17,0,,,Ayee
2024-11-10 11:54,3,8.3,27.1,2.09,91.94,0,,,Ayee
2024-11-10 11:59,3,8.3,26.8,1.22,98.63,0,,,Ayee
2024-11-10 12:04,3,8.3,26.4,2.37,96.65,0,,,Ayee
2024-11-10 12:09,3,8.5,26.1,0.86,98.14,0,,,Ayee
2024-11-10 12:14,3,8.4,26.6,1.74,98.14,0,,,Ayee
2024-11-10 12:19,3,8.7,26.2,0.86,98.33,0,,,Ayee
2024-11-10 12:24,3,8.8,26.2,0.56,98.58,0,,,Ayee
2024-11-10 12:29,3,8.6,26.8,1.76,98.12,0,,,Ayee
2024-11-10 12:34,3,8.4,27.1,1.78,96.67,0,,,Ayee
2024-11-10 12:39,3,8.5,25.5,0.54,100.98,0,,,Ayee
2024-11-10 12:44,3,8.6,25.3,1.11,98.71,0,,,Ayee
2024-11-10 12:49,3,8.5,25.1,0.52,99.05,0,,,Ayee
2024-11-10 12:54,3,8.5,24.6,2.07,100.71,0,,,Ayee
2024-11-10 12:59,3,8.5,25.6,1.61,98.5,0,,,Ayee
2024-11-10 13:04,3,8.4,25.2,0.84,98.29,0,,,Ayee
2024-11-10 13:09,3,8.4,25.3,1.45,98.58,0,,,Ayee
2024-11-10 13:14,3,8.6,23.4,1.3,99.86,0,,,Ayee
2024-11-10 13:19,3,8.5,25.5,1.37,97.1,0,,,Ayee
2024-11-10 13:24,3,8.5,25.3,3.33,98.75,0,,,Ayee
2024-11-10 13:29,3,8.4,25.5,5.06,98.99,0,,,Ayee
2024-11-10 13:34,3,8.5,25.3,4.57,97.61,0,,,Ayee
2024-11-10 13:39,3,8.7,25.5,1.63,99.26,0,,,Ayee
2024-11-10 13:44,3,8.4,27.4,2.27,98.78,0,,,Ayee
2024-11-10 13:49,3,8.7,26.7,1.3,98.41,0,,,Ayee
2024-11-10 13:54,3,8.3,27.3,2.15,98.29,0,,,Ayee
2024-11-10 13:59,3,8.4,27.5,1.59,100.62,0,,,Ayee
2024-11-10 14:04,3,8.5,27.2,1.06,96.72,0,,,Ayee
2024-11-10 14:09,3,8.7,25.3,1.04,98.92,0,,,Ayee
2024-11-10 14:14,3,8.7,26.9,2.48,97.9,0,,,Ayee
2024-11-10 14:19,3,8.9,26.8,2.36,97.14,0,,,Ayee
2024-11-10 14:24,3,9.0,27.0,2.07,98.2,0,,,Ayee
2024-11-10 14:29,3,8.8,27.3,2.87,98.12,0,,,Ayee
2024-11-10 14:34,3,8.8,27.5,2.55,97.84,0,,,Ayee
2024-11-10 14:39,3,8.5,27.8,2.45,98.9,0,,,Ayee
2024-11-10 14:44,3,8.5,27.4,1.91,97.74,0,,,Ayee
2024-11-10 14:49,3,8.5,27.4,2.6,98.44,0,,,Ayee
2024-11-10 14:54,3,8.5,26.9,2.15,96.46,0,,,Ayee
2024-11-10 14:59,3,8.6,27.1,2.1,98.16,0,,,Ayee
2024-11-10 15:04,3,8.6,27.4,0.89,98.63,0,,,Ayee
2024-11-10 15:09,3,8.6,27.1,2.28,98.37,0,,,Ayee
2024-11-10 15:14,3,8.7,26.8,4.45,98.39,0,,,Ayee
2024-11-10 15:19,3,8.1,29.0,2.08,99.84,0,,,Ayee
2024-11-10 15:24,3,8.3,28.6,2.95,99.2,0,,,Ayee
2024-11-10 15:29,3,8.3,28.6,1.93,100.94,0,,,Ayee
2024-11-10 15:34,3,8.5,28.8,1.24,99.99,0,,,Ayee
2024-11-10 15:39,3,8.6,28.0,2.33,99.41,0,,,Ayee
2024-11-10 15:44,3,8.7,27.4,1.44,99.63,0,,,Ayee
2024-11-10 15:49,3,8.5,27.2,2.17,100.56,0,,,Ayee
2024-11-10 15:54,3,8.6,27.1,0.06,100.22,0,,,Ayee
2024-11-10 15:59,3,8.6,27.5,0.47,100.75,0,,,Ayee
2024-11-10 16:04,3,8.6,28.2,0.0,100.62,0,,,Ayee
2024-11-10 16:09,3,8.6,27.8,0.03,100.69,0,,,Ayee
2024-11-10 16:14,3,8.4,27.8,0.0,100.28,0,,,Ayee
2024-11-10 16:19,3,8.4,28.5,0.0,101.32,0,,,Ayee
2024-11-10 16:24,3,8.3,27.9,0.0,101.3,0,,,Ayee
2024-11-10 16:29,3,8.3,27.6,0.0,100.9,0,,,Ayee
2024-11-10 16:34,3,8.3,27.5,0.0,100.9,0,,,Ayee
2024-11-10 16:39,3,8.3,27.7,0.0,101.66,0,,,Ayee
2024-11-10 16:44,3,8.3,27.6,0.25,101.22,0,,,Ayee
2024-11-10 16:49,3,8.2,28.0,1.26,101.92,0,,,Ayee
2024-11-10 16:54,3,8.2,28.6,1.73,101.75,0,,,Ayee
2024-11-10 16:59,3,8.2,27.9,2.17,103.28,0,,,Ayee
2024-11-10 17:04,3,8.2,27.5,0.03,101.22,0,,,Ayee
2024-11-10 17:09,3,8.0,28.2,0.78,100.2,0,,,Ayee
2024-11-10 17:14,3,8.0,28.6,0.0,103.62,0,,,Ayee
2024-11-10 17:19,3,7.9,28.6,0.09,102.07,0,,,Ayee
2024-11-10 17:24,3,7.7,30.7,0.75,101.86,0,,,Ayee
2024-11-10 17:29,3,7.5,31.8,0.55,101.54,0,,,Ayee
2024-11-10 17:34,3,7.4,32.1,3.39,101.13,0,,,Ayee
2024-11-10 17:39,3,7.0,35.0,4.48,101.79,0,,,Ayee
2024-11-10 17:44,3,6.8,34.7,1.58,101.79,0,,,Ayee
2024-11-10 17:49,3,6.6,36.9,5.78,102.73,0,,,Ayee
2024-11-10 17:54,3,6.7,35.5,4.25,101.05,0,,,Ayee
2024-11-10 17:59,3,6.7,36.2,2.17,100.69,0,,,Ayee
2024-11-10 18:04,3,6.7,36.1,2.23,101.11,0,,,Ayee
2024-11-10 18:09,3,7.0,35.0,2.78,102.51,0,,,Ayee
2024-11-10 18:14,3,6.9,35.5,3.16,101.01,0,,,Ayee
2024-11-10 18:19,3,6.7,36.6,2.3,102.62,0,,,Ayee
2024-11-10 18:24,3,6.5,37.2,0.97,101.01,0,,,Ayee
2024-11-10 18:29,3,6.7,37.8,3.51,101.32,0,,,Ayee
2024-11-10 18:34,3,6.3,39.8,3.54,100.94,0,,,Ayee
2024-11-10 18:39,3,6.2,40.2,2.21,101.39,0,,,Ayee
2024-11-10 18:44,3,6.0,41.4,2.5,101.86,0,,,Ayee
2024-11-10 18:49,3,6.1,41.2,3.07,103.17,0,,,Ayee
2024-11-10 18:54,3,6.0,41.2,2.32,102.22,0,,,Ayee
2024-11-10 18:59,3,5.8,42.0,5.37,100.35,0,,,Ayee
2024-11-10 19:04,3,5.9,42.6,3.0,102.43,0,,,Ayee
2024-11-10 19:09,3,6.0,41.3,2.92,101.58,0,,,Ayee
2024-11-10 19:14,3,6.1,40.5,2.69,100.45,0,,,Ayee
2024-11-10 19:19,3,5.7,42.6,4.26,101.24,0,,,Ayee
2024-11-10 19:24,3,6.0,40.5,2.14,103.58,0,,,Ayee
2024-11-10 19:29,3,6.1,40.2,2.39,102.07,0,,,Ayee
2024-11-10 19:34,3,5.7,44.1,2.01,102.47,0,,,Ayee
2024-11-10 19:39,3,5.6,43.8,2.21,101.41,0,,,Ayee
2024-11-10 19:44,3,5.3,45.4,3.44,101.6,0,,,Ayee
2024-11-10 19:49,3,5.3,46.6,6.48,101.39,0,,,Ayee
2024-11-10 19:54,3,5.4,46.4,4.93,101.03,0,,,Ayee
2024-11-10 19:59,3,5.5,42.0,2.04,101.6,0,,,Ayee
2024-11-10 20:04,3,6.3,38.6,1.66,100.3,0,,,Ayee
2024-11-10 20:09,3,6.0,43.8,1.93,102.77,0,,,Ayee
2024-11-10 20:14,3,5.7,42.8,1.96,102.45,0,,,Ayee
2024-11-10 20:19,3,5.7,42.9,2.76,103.11,0,,,Ayee
2024-11-10 20:24,3,4.9,49.7,1.2,101.92,0,,,Ayee
2024-11-10 20:29,3,4.5,50.6,0.08,101.73,0,,,Ayee
2024-11-10 20:34,3,4.6,47.4,0.0,100.94,0,,,Ayee
2024-11-10 20:39,3,4.1,52.0,0.25,101.43,0,,,Ayee
2024-11-10 20:44,3,4.1,51.6,0.0,101.11,0,,,Ayee
2024-11-10 20:49,3,4.2,53.0,1.12,100.9,0,,,Ayee
2024-11-10 20:54,3,4.4,50.0,2.19,101.58,0,,,Ayee
2024-11-10 20:59,3,4.5,48.9,0.55,102.62,0,,,Ayee
2024-11-10 21:04,3,4.6,48.5,1.25,102.15,0,,,Ayee
2024-11-10 21:09,3,4.9,47.6,0.73,101.11,0,,,Ayee
2024-11-10 21:14,3,4.8,47.7,1.12,101.37,0,,,Ayee
2024-11-10 21:19,3,4.7,48.0,0.47,102.3,0,,,Ayee
2024-11-10 21:24,3,4.7,47.8,0.75,101.92,0,,,Ayee
2024-11-10 21:29,3,4.9,46.4,0.66,100.56,0,,,Ayee
2024-11-10 21:34,3,5.1,44.5,1.18,100.52,0,,,Ayee
2024-11-10 21:39,3,5.3,43.9,0.23,102.56,0,,,Ayee
2024-11-10 21:44,3,4.6,47.9,0.81,100.98,0,,,Ayee
2024-11-10 21:49,3,4.6,48.5,0.36,101.15,0,,,Ayee
2024-11-10 21:54,3,4.5,50.7,2.1,101.35,0,,,Ayee
2024-11-10 21:59,3,4.3,49.6,0.57,102.28,0,,,Ayee
2024-11-10 22:04,3,4.7,47.4,0.4,101.37,0,,,Ayee
2024-11-10 22:09,3,4.5,47.9,0.9,101.94,0,,,Ayee
2024-11-10 22:14,3,5.0,46.3,1.16,102.96,0,,,Ayee
2024-11-10 22:19,3,4.9,45.9,0.32,102.71,0,,,Ayee
2024-11-10 22:24,3,5.0,44.7,0.51,102.6,0,,,Ayee
2024-11-10 22:29,3,5.1,45.7,0.7,101.22,0,,,Ayee
2024-11-10 22:34,3,4.7,47.2,0.03,102.94,0,,,Ayee
2024-11-10 22:39,3,4.6,48.0,1.75,101.77,0,,,Ayee
2024-11-10 22:44,3,4.6,45.9,0.4,102.45,0,,,Ayee
2024-11-10 22:49,3,4.9,44.3,0.0,102.6,0,,,Ayee
2024-11-10 22:54,3,4.8,45.9,0.0,103.04,0,,,Ayee
2024-11-10 22:59,3,4.8,45.6,0.46,102.85,0,,,Ayee
2024-11-10 23:04,3,4.6,45.2,0.7,103.19,0,,,Ayee
2024-11-10 23:09,3,4.4,45.7,0.33,102.73,0,,,Ayee
2024-11-10 23:14,3,4.3,46.2,0.77,102.15,0,,,Ayee
2024-11-10 23:19,3,4.3,45.6,0.0,102.83,0,,,Ayee
2024-11-10 23:24,3,4.4,45.8,0.12,102.17,0,,,Ayee
2024-11-10 23:29,3,4.3,45.7,0.25,103.24,0,,,Ayee
2024-11-10 23:34,3,4.3,46.4,0.0,103.04,0,,,Ayee
2024-11-10 23:39,3,4.2,46.5,0.01,103.49,0,,,Ayee
2024-11-10 23:44,3,4.2,46.1,0.0,103.51,0,,,Ayee
2024-11-10 23:49,3,4.1,47.5,0.0,102.6,0,,,Ayee
2024-11-10 23:54,3,3.8,46.9,0.9,104.26,0,,,Ayee
2024-11-10 23:59,3,3.7,46.6,0.14,102.85,0,,,Ayee
2024-11-11 0:04,3,3.8,47.4,0.0,103.51,0,,,Ayee
2024-11-11 0:09,3,3.8,47.0,1.01,105.06,0,,,Ayee
2024-11-11 0:14,3,3.7,45.9,1.05,104.19,0,,,Ayee
2024-11-11 0:19,3,3.7,44.8,0.66,103.85,0,,,Ayee
2024-11-11 0:24,3,3.9,44.9,0.0,103.77,0,,,Ayee
2024-11-11 0:29,3,3.9,47.0,0.0,102.96,0,,,Ayee
2024-11-11 0:34,3,3.7,47.1,0.73,102.75,0,,,Ayee
2024-11-11 0:39,3,3.5,46.3,0.88,103.36,0,,,Ayee
2024-11-11 0:44,3,3.6,45.7,0.66,103.94,0,,,Ayee
2024-11-11 0:49,3,3.9,44.9,0.31,103.81,0,,,Ayee
2024-11-11 0:54,3,3.9,44.1,0.96,102.96,0,,,Ayee
2024-11-11 0:59,3,3.7,45.7,0.57,102.15,0,,,Ayee
2024-11-11 1:04,3,3.7,46.4,0.86,101.32,0,,,Ayee
2024-11-11 1:09,3,3.6,47.2,0.53,102.58,0,,,Ayee
2024-11-11 1:14,3,3.5,46.5,0.27,101.13,0,,,Ayee
2024-11-11 1:19,3,3.4,47.1,0.57,102.9,0,,,Ayee
2024-11-11 1:24,3,3.5,47.8,0.48,100.84,0,,,Ayee
2024-11-11 1:29,3,3.3,48.6,0.0,102.62,0,,,Ayee
2024-11-11 1:34,3,3.6,49.3,0.0,102.71,0,,,Ayee
2024-11-11 1:39,3,3.6,48.8,0.0,102.05,0,,,Ayee
2024-11-11 1:44,3,3.7,48.9,0.0,101.24,0,,,Ayee
2024-11-11 1:49,3,3.5,49.3,0.36,101.54,0,,,Ayee
2024-11-11 1:54,3,3.5,48.8,0.59,101.86,0,,,Ayee
2024-11-11 1:59,3,3.6,48.9,0.0,101.83,0,,,Ayee
2024-11-11 2:04,3,3.6,48.8,0.0,102.07,0,,,Ayee
2024-11-11 2:09,3,3.5,49.5,0.0,103.02,0,,,Ayee
2024-11-11 2:14,3,3.4,49.8,1.01,101.64,0,,,Ayee
2024-11-11 2:19,3,3.5,49.7,0.79,102.47,0,,,Ayee
2024-11-11 2:24,3,3.4,49.4,1.18,102.17,0,,,Ayee
2024-11-11 2:29,3,3.4,49.3,0.49,102.03,0,,,Ayee
2024-11-11 2:34,3,3.6,49.4,0.38,102.03,0,,,Ayee
2024-11-11 2:39,3,3.6,49.6,0.01,102.75,0,,,Ayee
2024-11-11 2:44,3,3.5,49.7,0.11,102.03,0,,,Ayee
2024-11-11 2:49,3,3.4,49.9,0.86,101.88,0,,,Ayee
2024-11-11 2:54,3,3.4,49.6,1.36,104.13,0,,,Ayee
2024-11-11 2:59,3,3.3,50.2,1.24,104.26,0,,,Ayee
2024-11-11 3:04,3,3.3,50.4,0.18,103.62,0,,,Ayee
2024-11-11 3:09,3,3.5,50.3,0.52,103.0,0,,,Ayee
2024-11-11 3:14,3,3.4,50.2,0.84,100.3,0,,,Ayee
2024-11-11 3:19,3,3.5,48.5,0.56,102.39,0,,,Ayee
2024-11-11 3:24,3,4.5,39.3,3.34,101.69,0,,,Ayee
2024-11-11 3:29,3,4.7,38.5,1.17,102.94,0,,,Ayee
2024-11-11 3:34,3,4.9,35.0,2.58,102.77,0,,,Ayee
2024-11-11 3:39,3,4.5,45.6,0.2,102.05,0,,,Ayee
2024-11-11 3:44,3,3.7,48.7,0.75,101.88,0,,,Ayee
2024-11-11 3:49,3,3.4,48.9,1.62,103.19,0,,,Ayee
2024-11-11 3:54,3,3.6,48.0,0.58,102.05,0,,,Ayee
2024-11-11 3:59,3,3.9,47.6,1.53,102.79,0,,,Ayee
2024-11-11 4:04,3,3.7,47.1,0.7,103.19,0,,,Ayee
2024-11-11 4:09,3,3.7,47.8,0.77,102.58,0,,,Ayee
2024-11-11 4:14,3,3.7,47.5,0.55,103.98,0,,,Ayee
2024-11-11 4:19,3,3.6,48.2,0.52,101.66,0,,,Ayee
2024-11-11 4:24,3,3.5,48.6,0.57,103.47,0,,,Ayee
2024-11-11 4:29,3,3.4,48.9,1.43,102.94,0,,,Ayee
2024-11-11 4:34,3,3.4,48.7,1.58,101.77,0,,,Ayee
2024-11-11 4:39,3,3.5,48.3,1.11,103.11,0,,,Ayee
2024-11-11 4:44,3,3.3,48.5,0.92,104.85,0,,,Ayee
2024-11-11 4:49,3,3.3,48.5,0.98,100.67,0,,,Ayee
2024-11-11 4:54,3,3.2,48.3,0.86,103.13,0,,,Ayee
2024-11-11 4:59,3,3.2,48.6,0.98,103.47,0,,,Ayee
2024-11-11 5:04,3,3.3,48.0,0.96,104.53,0,,,Ayee
2024-11-11 5:09,3,3.1,48.5,0.68,104.45,0,,,Ayee
2024-11-11 5:14,3,3.2,48.5,1.01,103.24,0,,,Ayee
2024-11-11 5:19,3,3.1,48.9,0.98,104.15,0,,,Ayee
2024-11-11 5:24,3,3.0,49.0,0.57,103.68,0,,,Ayee
2024-11-11 5:29,3,3.1,48.9,0.59,104.51,0,,,Ayee
2024-11-11 5:34,3,3.1,48.8,1.06,103.17,0,,,Ayee
2024-11-11 5:39,3,2.9,49.3,0.75,102.96,0,,,Ayee
2024-11-11 5:44,3,3.0,49.0,1.15,103.02,0,,,Ayee
2024-11-11 5:49,3,3.0,48.9,1.28,104.83,0,,,Ayee
2024-11-11 5:54,3,3.1,48.5,1.11,103.66,0,,,Ayee
2024-11-11 6:00,3,3.1,48.0,0.0,104.17,0,,,Ayee
2024-11-11 6:05,3,3.1,50.1,0.24,102.83,0,,,Ayee
2024-11-11 6:10,3,2.7,49.6,0.59,102.32,0,,,Ayee
2024-11-11 6:15,3,2.9,49.1,0.0,102.26,0,,,Ayee
2024-11-11 6:20,3,3.0,50.3,0.12,102.45,0,,,Ayee
2024-11-11 6:25,3,2.7,49.5,0.4,103.11,0,,,Ayee
2024-11-11 6:30,3,2.7,51.2,0.0,102.09,0,,,Ayee
2024-11-11 6:35,3,2.7,51.8,0.0,104.13,0,,,Ayee
2024-11-11 6:40,3,2.7,51.0,0.0,101.94,0,,,Ayee
2024-11-11 6:45,3,2.7,50.8,0.0,102.87,0,,,Ayee
2024-11-11 6:50,3,2.7,51.0,0.0,101.54,0,,,Ayee
2024-11-11 6:55,3,2.7,51.5,0.16,103.47,0,,,Ayee
2024-11-11 7:00,3,2.8,50.2,0.0,103.07,0,,,Ayee
2024-11-11 7:05,3,2.8,50.1,0.0,102.26,0,,,Ayee
2024-11-11 7:10,3,2.8,50.1,0.07,103.83,0,,,Ayee
2024-11-11 7:15,3,2.8,50.4,0.0,102.0,0,,,Ayee
2024-11-11 7:20,3,2.8,50.7,0.0,103.81,0,,,Ayee
2024-11-11 7:25,3,2.8,51.2,0.0,102.39,0,,,Ayee
2024-11-11 7:30,3,2.8,51.9,0.0,102.0,0,,,Ayee
2024-11-11 7:35,3,2.6,52.5,0.0,103.41,0,,,Ayee
2024-11-11 7:40,3,2.4,53.8,0.0,103.24,0,,,Ayee
2024-11-11 7:45,3,2.3,54.7,0.0,102.3,0,,,Ayee
2024-11-11 7:50,3,2.3,54.3,0.0,100.52,0,,,Ayee
2024-11-11 7:55,3,2.3,54.9,0.0,102.94,0,,,Ayee
2024-11-11 8:00,3,2.4,54.0,0.0,103.6,0,,,Ayee
2024-11-11 8:05,3,2.6,53.2,0.0,102.24,0,,,Ayee
2024-11-11 8:10,3,2.6,53.5,0.0,100.18,0,,,Ayee
2024-11-11 8:15,3,2.7,53.7,0.16,102.39,0,,,Ayee
2024-11-11 8:20,3,2.5,53.8,0.0,103.0,0,,,Ayee
2024-11-11 8:25,3,2.4,54.6,0.03,101.32,0,,,Ayee
2024-11-11 8:30,3,2.5,54.5,0.03,102.73,0,,,Ayee
2024-11-11 8:35,3,2.5,53.7,0.0,99.88,0,,,Ayee
2024-11-11 8:40,3,2.7,53.1,0.18,101.26,0,,,Ayee
2024-11-11 8:45,3,2.7,53.0,0.0,100.79,0,,,Ayee
2024-11-11 8:50,3,2.8,53.2,0.15,101.88,0,,,Ayee
2024-11-11 8:55,3,2.7,53.4,0.42,102.0,0,,,Ayee
2024-11-11 9:00,3,2.9,53.2,0.33,104.72,0,,,Ayee
2024-11-11 9:05,3,2.9,52.2,0.81,100.62,0,,,Ayee
2024-11-11 9:10,3,2.8,52.1,0.68,102.39,0,,,Ayee
2024-11-11 9:15,3,2.9,51.9,0.1,103.98,0,,,Ayee
2024-11-11 9:20,3,3.1,52.0,0.0,101.15,0,,,Ayee
2024-11-11 9:25,3,3.2,52.5,0.32,101.52,0,,,Ayee
2024-11-11 9:30,3,3.3,49.8,0.29,104.7,0,,,Ayee
2024-11-11 9:35,3,3.3,50.4,0.14,103.07,0,,,Ayee
2024-11-11 9:40,3,3.5,47.3,0.03,104.15,0,,,Ayee
2024-11-11 9:45,3,3.8,47.1,0.16,103.79,0,,,Ayee
2024-11-11 9:50,3,4.0,45.6,0.47,102.75,0,,,Ayee
2024-11-11 9:55,3,3.9,44.7,0.6,99.48,0,,,Ayee
2024-11-11 10:00,3,4.0,44.4,0.06,103.02,0,,,Ayee
2024-11-11 10:05,3,4.2,44.3,0.03,99.09,0,,,Ayee
2024-11-11 10:10,3,4.4,44.7,0.19,99.46,0,,,Ayee
2024-11-11 10:15,3,4.3,44.9,0.56,100.33,0,,,Ayee
2024-11-11 10:20,3,4.3,46.8,0.12,105.3,0,,,Ayee
2024-11-11 10:25,3,4.2,48.0,1.06,103.55,0,,,Ayee
2024-11-11 10:30,3,4.7,46.6,0.71,101.6,0,,,Ayee
2024-11-11 10:35,3,4.9,43.8,1.39,101.9,0,,,Ayee
2024-11-11 10:40,3,5.2,40.3,0.88,100.88,0,,,Ayee
2024-11-11 10:45,3,5.7,39.0,0.53,104.23,0,,,Ayee
2024-11-11 10:50,3,6.0,35.7,1.43,102.87,0,,,Ayee
2024-11-11 10:55,3,6.0,33.6,1.37,101.69,0,,,Ayee
2024-11-11 11:00,3,6.2,33.5,2.07,100.14,0,,,Ayee
2024-11-11 11:05,3,6.0,37.6,2.29,100.77,0,,,Ayee
2024-11-11 11:10,3,6.0,38.2,1.21,100.81,0,,,Ayee
2024-11-11 11:15,3,6.0,36.8,0.34,101.77,0,,,Ayee
2024-11-11 11:20,3,6.3,34.0,0.04,101.11,0,,,Ayee
2024-11-11 11:25,3,6.3,35.7,0.47,100.94,0,,,Ayee
2024-11-11 11:30,3,6.2,35.5,1.59,101.98,0,,,Ayee
2024-11-11 11:35,3,6.3,36.2,1.68,102.83,0,,,Ayee
2024-11-11 11:40,3,6.5,34.5,1.16,102.85,0,,,Ayee
2024-11-11 11:45,3,6.6,33.4,0.17,101.73,0,,,Ayee
2024-11-11 11:50,3,6.7,32.5,0.6,103.81,0,,,Ayee
2024-11-11 11:55,3,6.7,32.0,0.29,102.54,0,,,Ayee
2024-11-11 12:00,3,6.7,31.4,0.91,101.6,0,,,Ayee
2024-11-11 12:05,3,6.8,31.8,0.78,102.81,0,,,Ayee
2024-11-11 12:10,3,7.0,31.2,0.0,102.66,0,,,Ayee
2024-11-11 12:15,3,7.0,31.5,1.7,102.79,0,,,Ayee
2024-11-11 12:20,3,7.0,30.1,1.11,102.07,0,,,Ayee
2024-11-11 12:25,3,7.0,29.5,0.99,101.6,0,,,Ayee
2024-11-11 12:30,3,7.2,30.0,0.38,101.71,0,,,Ayee
2024-11-11 12:35,3,7.1,29.3,0.43,101.01,0,,,Ayee
2024-11-11 12:40,3,7.3,28.4,1.35,101.96,0,,,Ayee
2024-11-11 12:45,3,7.2,28.3,1.82,101.54,0,,,Ayee
2024-11-11 12:50,3,7.1,27.9,0.91,100.03,0,,,Ayee
2024-11-11 12:55,3,7.2,27.9,0.0,102.75,0,,,Ayee
2024-11-11 13:00,3,7.4,26.9,0.23,102.24,0,,,Ayee
2024-11-11 13:05,3,7.4,27.0,0.19,101.98,0,,,Ayee
2024-11-11 13:10,3,7.5,25.4,1.52,104.4,0,,,Ayee
2024-11-11 13:15,3,7.6,25.5,0.02,100.43,0,,,Ayee
2024-11-11 13:20,3,7.7,24.4,2.13,101.71,0,,,Ayee
2024-11-11 13:25,3,7.8,23.1,0.76,101.26,0,,,Ayee
2024-11-11 13:30,3,7.8,23.9,0.67,102.77,0,,,Ayee
2024-11-11 13:35,3,7.8,23.0,1.21,101.09,0,,,Ayee
2024-11-11 13:40,3,7.6,23.0,1.63,101.9,0,,,Ayee
2024-11-11 13:45,3,7.8,22.9,1.65,101.05,0,,,Ayee
2024-11-11 13:50,3,7.9,22.7,1.12,102.37,0,,,Ayee
2024-11-11 13:55,3,7.9,22.9,2.35,101.54,0,,,Ayee
2024-11-11 14:00,3,7.8,22.7,1.63,102.96,0,,,Ayee
2024-11-11 14:05,3,7.8,22.2,0.73,102.51,0,,,Ayee
2024-11-11 14:10,3,7.8,22.5,2.58,100.88,0,,,Ayee
2024-11-11 14:15,3,7.8,22.8,1.62,103.81,0,,,Ayee
2024-11-11 14:20,3,7.8,22.8,0.82,103.36,0,,,Ayee
2024-11-11 14:25,3,7.8,22.9,0.65,101.83,0,,,Ayee
2024-11-11 14:30,3,7.9,23.1,0.78,102.87,0,,,Ayee
2024-11-11 14:35,3,7.9,22.7,0.71,103.53,0,,,Ayee
2024-11-11 14:40,3,7.9,22.2,0.08,102.64,0,,,Ayee
2024-11-11 14:45,3,7.8,22.4,0.16,102.07,0,,,Ayee
2024-11-11 14:50,3,7.7,22.2,0.08,101.69,0,,,Ayee
2024-11-11 14:55,3,8.0,22.4,0.12,102.75,0,,,Ayee
2024-11-11 15:00,3,7.9,21.7,0.56,103.24,0,,,Ayee
2024-11-11 15:05,3,7.9,21.7,0.01,102.13,0,,,Ayee
2024-11-11 15:10,3,7.9,21.7,0.48,103.26,0,,,Ayee
2024-11-11 15:15,3,7.9,22.2,0.0,102.2,0,,,Ayee
2024-11-11 15:20,3,7.9,21.2,0.32,103.28,0,,,Ayee
2024-11-11 15:25,3,8.1,21.4,0.0,102.51,0,,,Ayee
2024-11-11 15:30,3,8.1,21.0,0.0,102.09,0,,,Ayee
2024-11-11 15:35,3,8.0,21.6,0.23,102.81,0,,,Ayee
2024-11-11 15:40,3,7.8,20.7,0.88,102.43,0,,,Ayee
2024-11-11 15:45,3,7.7,21.6,0.0,101.54,0,,,Ayee
2024-11-11 15:50,3,7.8,23.2,0.0,102.41,0,,,Ayee
2024-11-11 15:55,3,7.6,21.5,0.0,101.79,0,,,Ayee
2024-11-11 16:00,3,7.7,22.2,0.0,102.0,0,,,Ayee
2024-11-11 16:05,3,7.5,22.7,0.18,102.22,0,,,Ayee
2024-11-11 16:10,3,7.4,23.0,0.01,101.94,0,,,Ayee
2024-11-11 16:15,3,7.3,22.6,0.0,101.94,0,,,Ayee
2024-11-11 16:20,3,7.4,22.4,0.0,103.3,0,,,Ayee
2024-11-11 16:25,3,7.5,22.0,0.0,101.39,0,,,Ayee
2024-11-11 16:30,3,7.4,22.0,0.31,102.47,0,,,Ayee
2024-11-11 16:35,3,7.5,21.6,0.69,101.35,0,,,Ayee
2024-11-11 16:40,3,7.5,21.6,0.23,104.0,0,,,Ayee
2024-11-11 16:45,3,7.6,21.6,0.18,100.41,0,,,Ayee
2024-11-11 16:50,3,7.5,21.3,0.0,103.94,0,,,Ayee
2024-11-11 16:55,3,7.3,24.1,1.9,103.36,0,,,Ayee
2024-11-11 17:00,3,6.8,26.8,2.12,103.55,0,,,Ayee
2024-11-11 17:05,3,7.0,23.8,3.98,101.86,0,,,Ayee
2024-11-11 17:10,3,7.1,25.3,0.94,102.15,0,,,Ayee
2024-11-11 17:15,3,6.8,26.4,2.02,101.98,0,,,Ayee
2024-11-11 17:20,3,7.0,24.3,2.87,102.68,0,,,Ayee
2024-11-11 17:25,3,7.1,25.1,1.04,101.92,0,,,Ayee
2024-11-11 17:30,3,6.7,26.3,3.34,103.89,0,,,Ayee
2024-11-11 17:35,3,6.8,26.9,1.3,102.66,0,,,Ayee
2024-11-11 17:40,3,6.4,28.3,2.82,101.13,0,,,Ayee
2024-11-11 17:45,3,6.6,27.6,3.28,102.22,0,,,Ayee
2024-11-11 17:50,3,6.5,27.7,1.63,103.62,0,,,Ayee
2024-11-11 17:55,3,6.6,26.9,3.17,102.64,0,,,Ayee
2024-11-11 18:00,3,6.4,29.7,4.58,102.03,0,,,Ayee
2024-11-11 18:05,3,5.9,30.8,2.58,102.98,0,,,Ayee
2024-11-11 18:10,3,6.2,29.7,0.47,104.55,0,,,Ayee
2024-11-11 18:15,3,6.2,28.8,2.21,100.88,0,,,Ayee
2024-11-11 18:20,3,6.4,29.0,3.06,103.92,0,,,Ayee
2024-11-11 18:25,3,6.0,30.7,1.47,103.79,0,,,Ayee
2024-11-11 18:30,3,6.1,29.3,2.1,102.41,0,,,Ayee
2024-11-11 18:35,3,6.0,30.0,2.1,101.79,0,,,Ayee
2024-11-11 18:40,3,6.2,29.3,2.51,101.58,0,,,Ayee
2024-11-11 18:45,3,6.3,28.5,0.92,101.96,0,,,Ayee
2024-11-11 18:50,3,6.2,29.9,0.88,102.13,0,,,Ayee
2024-11-11 18:55,3,6.0,31.8,1.77,100.84,0,,,Ayee
2024-11-11 19:00,3,5.9,29.7,0.9,102.15,0,,,Ayee
2024-11-11 19:05,3,6.8,24.4,2.12,103.94,0,,,Ayee
2024-11-11 19:10,3,7.1,25.3,1.97,101.58,0,,,Ayee
2024-11-11 19:15,3,6.4,31.1,5.76,102.32,0,,,Ayee
2024-11-11 19:20,3,5.7,31.4,4.04,102.11,0,,,Ayee
2024-11-11 19:25,3,5.9,31.6,2.41,102.03,0,,,Ayee
2024-11-11 19:30,3,6.0,30.6,1.34,102.47,0,,,Ayee
2024-11-11 19:35,3,5.9,31.8,1.22,99.67,0,,,Ayee
2024-11-11 19:40,3,5.8,32.2,1.54,103.19,0,,,Ayee
2024-11-11 19:45,3,5.5,34.4,5.07,101.26,0,,,Ayee
2024-11-11 19:50,3,5.2,35.4,2.87,102.68,0,,,Ayee
2024-11-11 19:55,3,5.3,35.0,2.22,103.11,0,,,Ayee
2024-11-11 20:00,3,5.4,34.9,1.53,101.96,0,,,Ayee
2024-11-11 20:05,3,5.5,34.0,1.08,101.9,0,,,Ayee
2024-11-11 20:10,3,5.5,33.4,1.49,100.39,0,,,Ayee
2024-11-11 20:15,3,5.7,32.5,1.82,101.64,0,,,Ayee
2024-11-11 20:20,3,5.5,33.7,4.17,102.05,0,,,Ayee
2024-11-11 20:25,3,5.2,35.4,3.98,101.26,0,,,Ayee
2024-11-11 20:30,3,4.9,38.1,3.23,102.22,0,,,Ayee
2024-11-11 20:35,3,4.8,37.7,2.47,101.39,0,,,Ayee
2024-11-11 20:40,3,4.9,37.8,2.39,101.37,0,,,Ayee
2024-11-11 20:45,3,4.8,37.9,0.57,100.39,0,,,Ayee
2024-11-11 20:50,3,5.2,37.6,3.67,103.34,0,,,Ayee
2024-11-11 20:55,3,5.0,37.9,0.72,102.96,0,,,Ayee
2024-11-11 21:00,3,5.0,36.0,0.55,102.15,0,,,Ayee
2024-11-11 21:05,3,5.4,34.3,0.68,101.54,0,,,Ayee
2024-11-11 21:10,3,5.4,34.3,0.16,101.35,0,,,Ayee
2024-11-11 21:15,3,5.6,32.3,0.18,102.37,0,,,Ayee
2024-11-11 21:20,3,5.6,33.5,0.53,102.54,0,,,Ayee
2024-11-11 21:25,3,5.5,33.1,0.25,103.64,0,,,Ayee
2024-11-11 21:30,3,5.5,34.1,4.93,101.79,0,,,Ayee
2024-11-11 21:35,3,5.5,33.9,2.83,101.05,0,,,Ayee
2024-11-11 21:40,3,5.4,33.8,0.03,102.37,0,,,Ayee
2024-11-11 21:45,3,5.6,34.0,2.58,102.92,0,,,Ayee
2024-11-11 21:50,3,5.4,35.2,0.86,102.92,0,,,Ayee
2024-11-11 21:55,3,5.1,37.2,1.95,104.49,0,,,Ayee
2024-11-11 22:00,3,5.0,38.3,0.42,99.8,0,,,Ayee
2024-11-11 22:05,3,4.6,40.5,1.86,100.98,0,,,Ayee
2024-11-11 22:10,3,4.6,40.1,1.54,100.94,0,,,Ayee
2024-11-11 22:15,3,4.5,41.2,1.55,101.62,0,,,Ayee
2024-11-11 22:20,3,4.6,40.4,1.2,101.83,0,,,Ayee
2024-11-11 22:25,3,4.6,40.0,1.58,101.35,0,,,Ayee
2024-11-11 22:30,3,4.5,39.3,1.0,102.41,0,,,Ayee
2024-11-11 22:35,3,4.7,39.3,0.7,103.64,0,,,Ayee
2024-11-11 22:40,3,4.8,38.4,0.0,101.22,0,,,Ayee
2024-11-11 22:45,3,4.8,38.0,0.44,100.01,0,,,Ayee
2024-11-11 22:50,3,4.9,38.4,0.42,101.32,0,,,Ayee
2024-11-11 22:55,3,4.6,40.3,0.2,101.43,0,,,Ayee
2024-11-11 23:00,3,4.5,40.9,0.29,103.26,0,,,Ayee
2024-11-11 23:05,3,4.5,41.5,0.14,103.24,0,,,Ayee
2024-11-11 23:10,3,4.5,41.6,0.1,102.15,0,,,Ayee
2024-11-11 23:15,3,4.4,41.2,1.18,103.21,0,,,Ayee
2024-11-11 23:20,3,4.4,42.1,1.0,101.64,0,,,Ayee
2024-11-11 23:25,3,4.5,40.6,0.57,102.03,0,,,Ayee
2024-11-11 23:30,3,4.7,40.7,2.55,104.38,0,,,Ayee
2024-11-11 23:35,3,4.1,44.2,0.88,104.0,0,,,Ayee
2024-11-11 23:40,3,3.8,47.4,2.1,103.53,0,,,Ayee
2024-11-11 23:45,3,3.5,48.9,0.62,103.62,0,,,Ayee
2024-11-11 23:50,3,3.8,46.3,3.3,103.07,0,,,Ayee
2024-11-11 23:55,3,3.9,45.6,1.11,103.32,0,,,Ayee
2024-11-12 0:00,3,4.0,44.8,0.44,104.53,0,,,Ayee
2024-11-12 0:05,3,4.1,43.3,0.16,102.56,0,,,Ayee
2024-11-12 0:10,3,4.0,45.5,0.88,102.6,0,,,Ayee
2024-11-12 0:15,3,3.9,45.7,0.0,103.32,0,,,Ayee
2024-11-12 0:20,3,3.9,46.0,0.0,103.51,0,,,Ayee
2024-11-12 0:25,3,3.7,48.5,1.82,104.38,0,,,Ayee
2024-11-12 0:30,3,3.4,51.2,0.11,102.66,0,,,Ayee
2024-11-12 0:35,3,3.2,50.4,0.22,103.64,0,,,Ayee
2024-11-12 0:40,3,3.4,48.9,0.0,103.47,0,,,Ayee
2024-11-12 0:45,3,3.5,50.1,0.0,104.38,0,,,Ayee
2024-11-12 0:50,3,3.5,50.1,0.0,101.52,0,,,Ayee
2024-11-12 0:55,3,3.5,49.7,0.0,97.82,0,,,Ayee
2024-11-12 1:00,3,2.8,64.7,6.02,101.15,0,,,Ayee
2024-11-12 1:05,3,2.1,67.0,5.36,101.81,0,,,Ayee
2024-11-12 1:10,3,2.0,67.1,2.47,101.75,0,,,Ayee
2024-11-12 1:15,3,2.1,65.0,1.66,102.92,0,,,Ayee
2024-11-12 1:20,3,2.3,61.1,1.1,101.83,0,,,Ayee
2024-11-12 1:25,3,2.6,59.2,0.0,99.82,0,,,Ayee
2024-11-12 1:30,3,2.7,59.1,0.0,100.73,0,,,Ayee
2024-11-12 1:35,3,2.4,61.1,0.38,99.77,0,,,Ayee
2024-11-12 1:40,3,2.7,59.8,0.38,100.56,0,,,Ayee
2024-11-12 1:45,3,3.0,57.1,0.68,99.41,0,,,Ayee
2024-11-12 1:50,3,2.6,59.2,0.0,100.14,0,,,Ayee
2024-11-12 1:55,3,2.5,59.3,0.75,100.24,0,,,Ayee
2024-11-12 2:00,3,2.8,55.2,0.81,99.9,0,,,Ayee
2024-11-12 2:05,3,2.8,56.5,0.64,99.77,0,,,Ayee
2024-11-12 2:10,3,2.5,57.4,0.01,99.84,0,,,Ayee
2024-11-12 2:16,3,2.8,54.4,0.4,101.64,0,,,Ayee
2024-11-12 2:21,3,3.0,53.2,3.61,100.16,0,,,Ayee
2024-11-12 2:26,3,3.1,51.3,0.45,100.73,0,,,Ayee
2024-11-12 2:31,3,3.3,51.1,0.98,100.96,0,,,Ayee
2024-11-12 2:36,3,3.3,50.7,0.88,100.37,0,,,Ayee
2024-11-12 2:41,3,3.1,52.8,0.12,101.75,0,,,Ayee
2024-11-12 2:46,3,3.2,52.0,2.01,101.81,0,,,Ayee
2024-11-12 2:51,3,3.1,52.0,1.39,101.94,0,,,Ayee
2024-11-12 2:56,3,2.9,53.4,2.62,101.94,0,,,Ayee
2024-11-12 3:01,3,2.9,51.2,4.58,100.71,0,,,Ayee
2024-11-12 3:06,3,3.0,50.5,1.0,99.75,0,,,Ayee
2024-11-12 3:11,3,3.1,50.6,2.75,100.9,0,,,Ayee
2024-11-12 3:16,3,2.9,52.1,5.36,100.96,0,,,Ayee
2024-11-12 3:21,3,2.9,52.8,4.26,101.98,0,,,Ayee
2024-11-12 3:26,3,2.8,52.6,3.06,102.87,0,,,Ayee
2024-11-12 3:31,3,2.8,52.9,4.26,101.83,0,,,Ayee
2024-11-12 3:36,3,2.7,54.3,1.49,102.34,0,,,Ayee
2024-11-12 3:41,3,2.6,54.1,3.91,100.98,0,,,Ayee
2024-11-12 3:46,3,2.7,53.4,2.05,101.41,0,,,Ayee
2024-11-12 3:51,3,2.7,52.8,1.84,100.73,0,,,Ayee
2024-11-12 3:56,3,2.8,51.9,0.01,99.82,0,,,Ayee
2024-11-12 4:01,3,2.9,52.8,0.0,101.75,0,,,Ayee
2024-11-12 4:06,3,2.8,53.0,1.69,101.24,0,,,Ayee
2024-11-12 4:11,3,2.9,52.1,2.17,101.3,0,,,Ayee
2024-11-12 4:16,3,2.8,52.6,3.17,101.73,0,,,Ayee
2024-11-12 4:21,3,2.5,54.9,2.88,103.11,0,,,Ayee
2024-11-12 4:26,3,2.3,56.2,0.51,100.73,0,,,Ayee
2024-11-12 4:31,3,2.3,56.6,0.61,100.79,0,,,Ayee
2024-11-12 4:36,3,2.3,56.4,0.61,101.79,0,,,Ayee
2024-11-12 4:41,3,2.4,55.8,0.0,102.51,0,,,Ayee
2024-11-12 4:46,3,2.5,55.0,1.23,101.32,0,,,Ayee
2024-11-12 4:51,3,2.5,54.5,0.83,102.54,0,,,Ayee
2024-11-12 4:56,3,2.6,53.6,0.01,102.58,0,,,Ayee
2024-11-12 5:01,3,2.7,53.2,0.27,102.24,0,,,Ayee
2024-11-12 5:06,3,2.6,54.0,0.68,102.05,0,,,Ayee
2024-11-12 5:11,3,2.3,56.6,0.0,100.33,0,,,Ayee
2024-11-12 5:16,3,2.3,56.6,0.0,101.07,0,,,Ayee
2024-11-12 5:21,3,2.1,56.6,0.0,101.81,0,,,Ayee
2024-11-12 5:26,3,2.2,56.9,0.0,101.45,0,,,Ayee
2024-11-12 5:31,3,2.1,58.8,0.0,101.6,0,,,Ayee
2024-11-12 5:36,3,2.0,59.4,0.0,100.64,0,,,Ayee
2024-11-12 5:41,3,1.9,60.2,0.0,101.03,0,,,Ayee
2024-11-12 5:46,3,1.7,60.7,0.16,101.73,0,,,Ayee
2024-11-12 5:51,3,1.8,61.1,0.25,101.54,0,,,Ayee
2024-11-12 5:56,3,1.7,61.5,0.64,101.75,0,,,Ayee
2024-11-12 6:01,3,1.6,61.8,0.14,100.73,0,,,Ayee
2024-11-12 6:06,3,1.5,61.3,0.0,102.07,0,,,Ayee
2024-11-12 6:11,3,1.6,61.1,0.0,100.64,0,,,Ayee
2024-11-12 6:16,3,1.6,60.9,0.0,100.96,0,,,Ayee
2024-11-12 6:21,3,1.7,61.0,0.0,101.07,0,,,Ayee
2024-11-12 6:26,3,1.6,61.4,0.0,102.13,0,,,Ayee
2024-11-12 6:31,3,1.5,61.4,0.09,100.33,0,,,Ayee
2024-11-12 6:36,3,1.6,61.6,0.07,101.37,0,,,Ayee
2024-11-12 6:41,3,1.5,60.8,0.0,100.75,0,,,Ayee
2024-11-12 6:46,3,1.6,60.5,0.0,101.47,0,,,Ayee
2024-11-12 6:51,3,1.5,60.3,0.0,102.24,0,,,Ayee
2024-11-12 6:56,3,1.5,61.0,0.33,101.07,0,,,Ayee
2024-11-12 7:01,3,1.6,60.4,0.0,102.13,0,,,Ayee
2024-11-12 7:06,3,1.7,59.8,0.0,100.92,0,,,Ayee
2024-11-12 7:11,3,1.7,60.0,0.0,102.05,0,,,Ayee
2024-11-12 7:16,3,1.6,60.2,0.0,101.37,0,,,Ayee
2024-11-12 7:21,3,1.7,59.7,0.0,100.45,0,,,Ayee
2024-11-12 7:26,3,1.8,60.1,0.0,101.18,0,,,Ayee
2024-11-12 7:31,3,1.8,61.1,0.14,101.28,0,,,Ayee
2024-11-12 7:36,3,1.7,61.3,0.0,102.92,0,,,Ayee
2024-11-12 7:41,3,1.6,61.2,0.0,101.11,0,,,Ayee
2024-11-12 7:46,3,1.5,61.2,0.0,100.86,0,,,Ayee
2024-11-12 7:51,3,1.7,61.4,0.0,101.18,0,,,Ayee
2024-11-12 7:56,3,1.6,61.9,0.0,101.71,0,,,Ayee
2024-11-12 8:01,3,1.8,61.5,0.0,100.79,0,,,Ayee
2024-11-12 8:06,3,1.8,61.6,0.0,101.32,0,,,Ayee
2024-11-12 8:11,3,1.8,62.2,0.0,100.58,0,,,Ayee
2024-11-12 8:16,3,2.1,61.6,0.0,102.22,0,,,Ayee
2024-11-12 8:21,3,2.3,60.6,0.41,101.18,0,,,Ayee
2024-11-12 8:26,3,2.8,59.1,0.0,102.24,0,,,Ayee
2024-11-12 8:31,3,3.1,57.3,0.76,100.54,0,,,Ayee
2024-11-12 8:36,3,2.9,58.4,1.0,101.86,0,,,Ayee
2024-11-12 8:41,3,2.9,61.3,0.19,100.94,0,,,Ayee
2024-11-12 8:46,3,3.1,60.5,0.22,103.17,0,,,Ayee
2024-11-12 8:51,3,2.5,62.1,0.35,103.21,0,,,Ayee
2024-11-12 8:56,3,2.2,63.8,0.25,101.56,0,,,Ayee
2024-11-12 9:01,3,2.3,63.2,0.34,102.17,0,,,Ayee
2024-11-12 9:06,3,2.3,62.9,0.56,102.54,0,,,Ayee
2024-11-12 9:11,3,2.5,62.4,0.45,100.96,0,,,Ayee
2024-11-12 9:16,3,2.7,60.7,0.0,102.26,0,,,Ayee
2024-11-12 9:21,3,2.8,60.1,0.0,101.83,0,,,Ayee
2024-11-12 9:26,3,2.9,59.6,0.51,101.05,0,,,Ayee
2024-11-12 9:31,3,3.0,59.4,0.76,102.2,0,,,Ayee
2024-11-12 9:36,3,3.3,58.3,1.0,100.9,0,,,Ayee
2024-11-12 9:41,3,3.5,57.3,0.32,101.09,0,,,Ayee
2024-11-12 9:46,3,3.6,57.2,1.06,100.54,0,,,Ayee
2024-11-12 9:51,3,3.6,56.5,1.02,101.39,0,,,Ayee
2024-11-12 9:56,3,3.6,56.4,0.75,101.75,0,,,Ayee
2024-11-12 10:01,3,3.7,55.1,0.43,101.49,0,,,Ayee
2024-11-12 10:06,3,3.8,54.7,0.75,102.05,0,,,Ayee
2024-11-12 10:11,3,3.8,54.5,1.24,100.26,0,,,Ayee
2024-11-12 10:16,3,4.5,52.0,0.0,101.41,0,,,Ayee
2024-11-12 10:21,3,4.5,52.2,0.37,101.75,0,,,Ayee
2024-11-12 10:26,3,4.8,50.8,0.13,100.71,0,,,Ayee
2024-11-12 10:31,3,5.3,49.3,0.42,102.49,0,,,Ayee
2024-11-12 10:36,3,5.2,49.8,0.0,102.56,0,,,Ayee
2024-11-12 10:41,3,5.1,49.5,0.37,102.17,0,,,Ayee
2024-11-12 10:46,3,4.6,50.9,0.69,101.62,0,,,Ayee
2024-11-12 10:51,3,4.6,50.8,0.32,101.79,0,,,Ayee
2024-11-12 10:56,3,4.7,49.8,0.74,101.75,0,,,Ayee
2024-11-12 11:01,3,5.1,49.0,0.52,101.56,0,,,Ayee
2024-11-12 11:06,3,4.9,49.0,0.0,102.2,0,,,Ayee
2024-11-12 11:11,3,5.2,40.4,0.17,101.28,0,,,Ayee
2024-11-12 11:16,3,5.5,41.8,0.71,100.39,0,,,Ayee
2024-11-12 11:21,3,5.3,39.9,0.46,100.81,0,,,Ayee
2024-11-12 11:26,3,5.5,36.0,0.0,100.11,0,,,Ayee
2024-11-12 11:31,3,5.3,38.6,1.95,102.49,0,,,Ayee
2024-11-12 11:36,3,5.2,40.1,2.31,100.79,0,,,Ayee
2024-11-12 11:41,3,5.1,45.7,0.59,102.47,0,,,Ayee
2024-11-12 11:46,3,5.2,44.4,0.72,99.9,0,,,Ayee
2024-11-12 11:51,3,5.2,44.6,0.32,101.77,0,,,Ayee
2024-11-12 11:56,3,5.4,43.1,0.52,102.34,0,,,Ayee
2024-11-12 12:01,3,5.6,39.5,0.56,100.52,0,,,Ayee
2024-11-12 12:06,3,6.1,38.7,0.52,101.43,0,,,Ayee
2024-11-12 12:11,3,5.8,40.5,0.75,100.26,0,,,Ayee
2024-11-12 12:16,3,5.7,40.2,1.93,100.03,0,,,Ayee
2024-11-12 12:21,3,5.7,40.6,1.92,101.18,0,,,Ayee
2024-11-12 12:26,3,5.7,39.2,1.18,102.9,0,,,Ayee
2024-11-12 12:31,3,6.1,39.1,1.33,100.62,0,,,Ayee
2024-11-12 12:36,3,6.7,36.6,0.96,101.73,0,,,Ayee
2024-11-12 12:41,3,6.9,35.6,0.99,99.99,0,,,Ayee
2024-11-12 12:46,3,6.9,33.3,2.0,101.05,0,,,Ayee
2024-11-12 12:51,3,6.8,33.9,0.3,101.75,0,,,Ayee
2024-11-12 12:56,3,7.3,33.1,0.47,100.43,0,,,Ayee
2024-11-12 13:01,3,7.2,33.3,0.31,99.9,0,,,Ayee
2024-11-12 13:06,3,7.2,33.2,1.57,109.5,0,,,Ayee
2024-11-12 13:11,3,6.9,33.9,0.78,111.07,0,,,Ayee
2024-11-12 13:16,3,7.2,32.7,1.2,110.25,0,,,Ayee
2024-11-12 13:21,3,7.3,32.3,1.06,110.2,0,,,Ayee
2024-11-12 13:26,3,7.3,30.5,1.48,109.65,0,,,Ayee
2024-11-12 13:31,3,7.2,30.5,2.4,109.61,0,,,Ayee
2024-11-12 13:36,3,7.0,30.9,1.25,110.31,0,,,Ayee
2024-11-12 13:41,3,7.1,30.9,0.76,109.46,0,,,Ayee
2024-11-12 13:46,3,7.1,30.5,0.65,109.23,0,,,Ayee
2024-11-12 13:51,3,7.3,30.1,0.3,109.08,0,,,Ayee
2024-11-12 13:56,3,7.2,30.2,0.63,108.97,0,,,Ayee
2024-11-12 14:01,3,7.3,29.8,1.0,109.57,0,,,Ayee
2024-11-12 14:06,3,6.9,30.1,2.22,109.74,0,,,Ayee
2024-11-12 14:11,3,7.1,29.8,3.83,109.82,0,,,Ayee
2024-11-12 14:16,3,6.9,30.3,2.41,109.97,0,,,Ayee
2024-11-12 14:21,3,6.9,29.9,0.08,109.84,0,,,Ayee
2024-11-12 14:26,3,7.1,28.9,0.51,109.65,0,,,Ayee
2024-11-12 14:31,3,7.2,29.9,1.26,110.37,0,,,Ayee
2024-11-12 14:36,3,7.0,30.5,1.39,110.29,0,,,Ayee
2024-11-12 14:41,3,6.9,30.5,1.69,111.6,0,,,Ayee
2024-11-12 14:46,3,6.7,30.2,2.19,112.01,0,,,Ayee
2024-11-12 14:51,3,6.9,29.3,2.33,111.41,0,,,Ayee
2024-11-12 14:56,3,7.1,29.3,0.92,112.03,0,,,Ayee
2024-11-12 15:01,3,7.1,29.4,1.82,111.48,0,,,Ayee
2024-11-12 15:06,3,7.1,29.6,2.49,111.48,0,,,Ayee
2024-11-12 15:11,3,7.0,30.0,1.08,111.52,0,,,Ayee
2024-11-12 15:16,3,7.0,29.7,0.8,111.46,0,,,Ayee
2024-11-12 15:21,3,7.0,29.9,2.48,111.12,0,,,Ayee
2024-11-12 15:26,3,6.9,29.8,2.07,111.03,0,,,Ayee
2024-11-12 15:31,3,7.0,30.1,3.28,111.6,0,,,Ayee
2024-11-12 15:36,3,6.9,30.2,2.15,111.92,0,,,Ayee
2024-11-12 15:41,3,6.8,30.5,4.16,111.43,0,,,Ayee
2024-11-12 15:46,3,6.8,30.3,3.1,111.41,0,,,Ayee
2024-11-12 15:51,3,6.7,31.0,4.07,111.26,0,,,Ayee
2024-11-12 15:56,3,6.7,30.9,3.48,111.58,0,,,Ayee
2024-11-12 16:01,3,6.8,31.4,2.56,111.26,0,,,Ayee
2024-11-12 16:06,3,6.7,31.9,4.17,111.39,0,,,Ayee
2024-11-12 16:11,3,6.5,32.4,2.52,111.56,0,,,Ayee
2024-11-12 16:16,3,6.7,32.2,3.28,111.2,0,,,Ayee
2024-11-12 16:21,3,6.6,32.0,2.97,111.33,0,,,Ayee
2024-11-12 16:26,3,6.4,32.5,2.42,111.48,0,,,Ayee
2024-11-12 16:31,3,6.3,32.4,2.37,111.26,0,,,Ayee
2024-11-12 16:36,3,6.4,32.3,2.15,111.8,0,,,Ayee
2024-11-12 16:41,3,6.4,32.5,1.88,111.29,0,,,Ayee
2024-11-12 16:46,3,6.3,32.2,2.12,111.46,0,,,Ayee
2024-11-12 16:51,3,6.3,32.4,2.28,111.2,0,,,Ayee
2024-11-12 16:56,3,6.2,32.1,3.17,111.35,0,,,Ayee
2024-11-12 17:01,3,6.3,32.1,2.82,111.22,0,,,Ayee
2024-11-12 17:06,3,6.2,32.4,2.23,111.33,0,,,Ayee
2024-11-12 17:11,3,6.2,31.6,2.41,111.52,0,,,Ayee
2024-11-12 17:16,3,6.2,31.8,1.34,111.52,0,,,Ayee
2024-11-12 17:21,3,6.0,32.6,1.73,111.84,0,,,Ayee
2024-11-12 17:26,3,5.7,34.0,1.3,111.35,0,,,Ayee
2024-11-12 17:31,3,5.7,34.5,1.38,111.26,0,,,Ayee
2024-11-12 17:36,3,5.7,34.3,2.23,111.48,0,,,Ayee
2024-11-12 17:41,3,5.8,34.7,1.58,111.77,0,,,Ayee
2024-11-12 17:46,3,5.6,34.2,1.2,111.39,0,,,Ayee
2024-11-12 17:51,3,5.8,32.6,3.38,112.03,0,,,Ayee
2024-11-12 17:56,3,5.8,33.4,1.49,111.73,0,,,Ayee
2024-11-12 18:01,3,5.7,33.0,1.62,111.39,0,,,Ayee
2024-11-12 18:06,3,5.5,33.8,0.44,111.29,0,,,Ayee
2024-11-12 18:11,3,5.5,34.2,1.12,111.69,0,,,Ayee
2024-11-12 18:16,3,5.7,32.4,0.94,111.31,0,,,Ayee
2024-11-12 18:21,3,5.9,30.9,2.5,111.41,0,,,Ayee
2024-11-12 18:26,3,5.9,30.9,1.08,110.92,0,,,Ayee
2024-11-12 18:31,3,6.0,30.7,2.15,112.14,0,,,Ayee
2024-11-12 18:36,3,5.9,30.8,1.45,111.67,0,,,Ayee
2024-11-12 18:41,3,5.8,30.7,1.52,111.56,0,,,Ayee
2024-11-12 18:46,3,5.7,32.1,1.71,111.33,0,,,Ayee
2024-11-12 18:51,3,5.8,29.7,2.01,111.39,0,,,Ayee
2024-11-12 18:56,3,5.7,33.6,2.51,110.99,0,,,Ayee
2024-11-12 19:01,3,5.0,35.6,0.77,111.39,0,,,Ayee
2024-11-12 19:06,3,4.9,34.9,0.64,111.07,0,,,Ayee
2024-11-12 19:11,3,5.1,32.7,0.66,111.52,0,,,Ayee
2024-11-12 19:16,3,5.4,30.9,0.46,111.01,0,,,Ayee
2024-11-12 19:21,3,5.1,33.0,0.21,111.24,0,,,Ayee
2024-11-12 19:26,3,5.2,32.0,0.88,110.75,0,,,Ayee
2024-11-12 19:31,3,5.2,31.3,0.33,111.22,0,,,Ayee
2024-11-12 19:36,3,5.1,30.3,1.06,111.09,0,,,Ayee
2024-11-12 19:41,3,5.0,30.1,0.0,110.73,0,,,Ayee
2024-11-12 19:46,3,4.9,33.1,0.27,110.92,0,,,Ayee
2024-11-12 19:51,3,4.9,33.2,0.0,111.24,0,,,Ayee
2024-11-12 19:56,3,4.9,33.0,0.0,110.84,0,,,Ayee
2024-11-12 20:01,3,4.8,32.4,0.0,110.31,0,,,Ayee
2024-11-12 20:06,3,4.7,32.5,0.01,110.5,0,,,Ayee
2024-11-12 20:11,3,4.9,32.0,0.0,110.65,0,,,Ayee
2024-11-12 20:16,3,4.5,32.3,0.18,110.41,0,,,Ayee
2024-11-12 20:21,3,4.5,31.0,0.7,110.52,0,,,Ayee
2024-11-12 20:26,3,4.5,32.1,0.0,110.69,0,,,Ayee
2024-11-12 20:31,3,4.6,31.5,0.0,110.69,0,,,Ayee
2024-11-12 20:36,3,4.8,31.1,0.0,110.8,0,,,Ayee
2024-11-12 20:41,3,4.8,30.9,1.26,110.46,0,,,Ayee
2024-11-12 20:46,3,4.7,30.2,0.71,110.44,0,,,Ayee
2024-11-12 20:51,3,4.6,30.0,1.07,110.54,0,,,Ayee
2024-11-12 20:56,3,4.4,30.0,0.71,110.65,0,,,Ayee
2024-11-12 21:01,3,4.6,30.4,0.0,111.05,0,,,Ayee
2024-11-12 21:06,3,4.6,30.8,0.05,110.84,0,,,Ayee
2024-11-12 21:11,3,4.6,30.6,0.55,110.9,0,,,Ayee
2024-11-12 21:16,3,4.4,30.0,1.54,110.54,0,,,Ayee
2024-11-12 21:21,3,4.4,29.1,1.49,110.46,0,,,Ayee
2024-11-12 21:26,3,4.4,29.0,0.29,110.41,0,,,Ayee
2024-11-12 21:31,3,4.4,30.1,0.0,111.33,0,,,Ayee
2024-11-12 21:36,3,4.4,30.9,0.12,110.52,0,,,Ayee
2024-11-12 21:41,3,4.3,30.2,0.47,110.86,0,,,Ayee
2024-11-12 21:46,3,4.3,28.7,1.63,110.33,0,,,Ayee
2024-11-12 21:51,3,4.4,28.3,1.54,110.48,0,,,Ayee
2024-11-12 21:56,3,4.4,28.5,0.0,110.46,0,,,Ayee
2024-11-12 22:01,3,4.6,30.1,0.01,109.76,0,,,Ayee
2024-11-12 22:06,3,4.5,29.8,0.44,109.97,0,,,Ayee
2024-11-12 22:11,3,4.3,30.5,0.98,110.16,0,,,Ayee
2024-11-12 22:16,3,4.6,29.5,0.68,110.29,0,,,Ayee
2024-11-12 22:21,3,4.6,29.4,0.58,110.25,0,,,Ayee
2024-11-12 22:27,3,4.5,29.6,0.07,110.39,0,,,Ayee
2024-11-12 22:32,3,4.8,29.1,0.0,110.86,0,,,Ayee
2024-11-12 22:37,3,4.6,30.9,0.0,110.5,0,,,Ayee
2024-11-12 22:42,3,4.2,30.1,2.1,110.54,0,,,Ayee
2024-11-12 22:47,3,4.1,28.6,1.26,110.71,0,,,Ayee
2024-11-12 22:52,3,4.4,27.8,0.31,111.18,0,,,Ayee
2024-11-12 22:57,3,5.1,28.0,0.21,111.69,0,,,Ayee
2024-11-12 23:02,3,4.5,26.9,0.83,111.46,0,,,Ayee
2024-11-12 23:07,3,4.7,25.9,0.7,110.95,0,,,Ayee
2024-11-12 23:12,3,4.7,24.4,0.29,111.56,0,,,Ayee
2024-11-12 23:17,3,5.1,24.4,0.57,111.43,0,,,Ayee
2024-11-12 23:22,3,4.4,30.3,0.44,111.56,0,,,Ayee
2024-11-12 23:27,3,3.8,33.1,0.0,111.26,0,,,Ayee
2024-11-12 23:32,3,3.7,31.5,0.05,111.14,0,,,Ayee
2024-11-12 23:37,3,4.1,30.6,0.31,111.26,0,,,Ayee
2024-11-12 23:42,3,4.4,29.6,0.0,110.95,0,,,Ayee
2024-11-12 23:47,3,4.5,30.7,0.0,111.09,0,,,Ayee
2024-11-12 23:52,3,4.4,30.8,0.37,111.05,0,,,Ayee
2024-11-12 23:57,3,4.1,31.6,1.11,110.75,0,,,Ayee
2024-11-13 0:02,3,3.9,30.7,1.17,110.88,0,,,Ayee
2024-11-13 0:07,3,4.4,28.9,1.66,111.14,0,,,Ayee
2024-11-13 0:12,3,4.4,28.1,1.0,110.69,0,,,Ayee
2024-11-13 0:17,3,4.3,28.1,0.0,110.88,0,,,Ayee
2024-11-13 0:22,3,4.5,28.4,0.16,111.03,0,,,Ayee
2024-11-13 0:27,3,4.1,29.2,0.16,109.93,0,,,Ayee
2024-11-13 0:32,3,4.0,29.1,0.0,109.8,0,,,Ayee
2024-11-13 0:37,3,3.5,33.2,0.66,109.69,0,,,Ayee
2024-11-13 0:42,3,3.5,33.0,0.2,110.16,0,,,Ayee
2024-11-13 0:47,3,3.3,33.0,1.88,110.03,0,,,Ayee
2024-11-13 0:52,3,3.4,32.0,1.82,110.05,0,,,Ayee
2024-11-13 0:57,3,3.4,31.5,1.26,110.18,0,,,Ayee
2024-11-13 1:02,3,3.6,30.1,1.14,109.93,0,,,Ayee
2024-11-13 1:07,3,3.6,30.0,0.7,109.95,0,,,Ayee
2024-11-13 1:12,3,3.8,30.2,0.66,110.14,0,,,Ayee
2024-11-13 1:17,3,3.6,31.0,0.6,109.84,0,,,Ayee
2024-11-13 1:22,3,3.5,32.1,0.27,110.31,0,,,Ayee
2024-11-13 1:27,3,3.1,32.6,0.27,110.65,0,,,Ayee
2024-11-13 1:32,3,3.0,33.0,0.31,110.01,0,,,Ayee
2024-11-13 1:37,3,3.0,33.2,0.62,110.46,0,,,Ayee
2024-11-13 1:42,3,3.0,33.3,0.92,110.58,0,,,Ayee
2024-11-13 1:47,3,3.2,32.9,0.51,110.46,0,,,Ayee
2024-11-13 1:52,3,3.3,32.6,0.93,110.52,0,,,Ayee
2024-11-13 1:57,3,3.2,32.6,1.68,110.5,0,,,Ayee
2024-11-13 2:02,3,3.1,33.0,1.65,110.37,0,,,Ayee
2024-11-13 2:07,3,2.9,32.5,0.31,110.54,0,,,Ayee
2024-11-13 2:12,3,2.9,36.1,0.0,110.75,0,,,Ayee
2024-11-13 2:17,3,2.4,35.2,0.0,110.22,0,,,Ayee
2024-11-13 2:22,3,2.4,34.3,0.83,110.97,0,,,Ayee
2024-11-13 2:27,3,2.7,34.0,0.31,110.54,0,,,Ayee
2024-11-13 2:32,3,3.0,33.6,0.07,110.61,0,,,Ayee
2024-11-13 2:37,3,2.9,34.5,0.25,110.25,0,,,Ayee
2024-11-13 2:42,3,2.8,34.2,0.62,110.48,0,,,Ayee
2024-11-13 2:47,3,2.8,34.6,0.0,110.46,0,,,Ayee
2024-11-13 2:52,3,2.9,35.4,0.14,109.93,0,,,Ayee
2024-11-13 2:57,3,2.8,36.8,0.0,110.16,0,,,Ayee
2024-11-13 3:02,3,2.7,37.1,0.51,110.61,0,,,Ayee
2024-11-13 3:07,3,2.6,37.3,0.98,110.31,0,,,Ayee
2024-11-13 3:12,3,2.9,35.5,0.75,110.39,0,,,Ayee
2024-11-13 3:17,3,3.1,34.0,0.0,110.35,0,,,Ayee
2024-11-13 3:22,3,2.8,37.1,0.0,110.39,0,,,Ayee
2024-11-13 3:27,3,2.4,37.9,0.77,110.29,0,,,Ayee
2024-11-13 3:32,3,2.4,38.1,0.67,110.03,0,,,Ayee
2024-11-13 3:37,3,2.5,37.7,0.23,109.84,0,,,Ayee
2024-11-13 3:42,3,2.5,38.5,0.0,110.1,0,,,Ayee
2024-11-13 3:47,3,2.2,38.8,0.44,109.71,0,,,Ayee
2024-11-13 3:52,3,2.3,37.9,0.75,110.12,0,,,Ayee
2024-11-13 3:57,3,2.3,38.4,0.25,110.1,0,,,Ayee
2024-11-13 4:02,3,2.2,38.2,0.07,110.03,0,,,Ayee
2024-11-13 4:07,3,2.3,38.4,0.35,110.18,0,,,Ayee
2024-11-13 4:12,3,2.2,38.7,0.15,109.37,0,,,Ayee
2024-11-13 4:17,3,2.2,38.8,0.0,109.46,0,,,Ayee
2024-11-13 4:22,3,2.1,38.6,0.48,109.71,0,,,Ayee
2024-11-13 4:27,3,2.1,38.8,0.44,109.88,0,,,Ayee
2024-11-13 4:32,3,2.2,38.2,0.0,109.65,0,,,Ayee
2024-11-13 4:37,3,2.0,39.1,0.0,109.37,0,,,Ayee
2024-11-13 4:42,3,1.7,39.4,0.4,110.16,0,,,Ayee
2024-11-13 4:47,3,1.9,38.8,0.16,109.61,0,,,Ayee
2024-11-13 4:52,3,2.0,38.8,0.0,109.71,0,,,Ayee
2024-11-13 4:57,3,2.1,38.8,0.0,110.56,0,,,Ayee
2024-11-13 5:02,3,2.1,38.7,0.29,110.69,0,,,Ayee
2024-11-13 5:07,3,2.0,38.9,0.4,110.78,0,,,Ayee
2024-11-13 5:12,3,2.2,38.4,0.13,110.31,0,,,Ayee
2024-11-13 5:17,3,2.2,37.8,0.42,110.75,0,,,Ayee
2024-11-13 5:22,3,2.2,37.4,0.62,110.2,0,,,Ayee
2024-11-13 5:27,3,2.4,36.5,1.02,110.37,0,,,Ayee
2024-11-13 5:32,3,2.5,36.1,0.5,110.29,0,,,Ayee
2024-11-13 5:37,3,2.5,36.0,0.38,110.67,0,,,Ayee
2024-11-13 5:42,3,2.4,36.2,0.36,110.07,0,,,Ayee
2024-11-13 5:47,3,2.3,36.6,0.76,110.25,0,,,Ayee
2024-11-13 5:52,3,2.2,36.0,0.33,109.86,0,,,Ayee
2024-11-13 5:57,3,2.3,37.1,0.0,110.16,0,,,Ayee
2024-11-13 6:02,3,2.2,38.3,0.0,109.86,0,,,Ayee
2024-11-13 6:07,3,2.1,38.0,0.09,110.18,0,,,Ayee
2024-11-13 6:12,3,2.1,38.2,0.09,110.5,0,,,Ayee
2024-11-13 6:17,3,2.0,38.1,0.0,110.2,0,,,Ayee
2024-11-13 6:22,3,2.1,37.7,1.02,109.86,0,,,Ayee
2024-11-13 6:27,3,2.0,37.7,0.72,110.67,0,,,Ayee
2024-11-13 6:32,3,2.0,37.7,0.18,110.71,0,,,Ayee
2024-11-13 6:37,3,2.0,37.3,0.51,110.05,0,,,Ayee
2024-11-13 6:42,3,2.1,37.7,0.42,110.07,0,,,Ayee
2024-11-13 6:47,3,2.0,38.1,0.47,109.99,0,,,Ayee
2024-11-13 6:52,3,1.9,38.4,0.81,109.93,0,,,Ayee
2024-11-13 6:57,3,2.1,38.5,0.16,109.27,0,,,Ayee
2024-11-13 7:02,3,2.3,37.9,0.16,109.63,0,,,Ayee
2024-11-13 7:07,3,2.1,38.6,0.0,109.84,0,,,Ayee
2024-11-13 7:12,3,2.2,38.5,0.0,109.82,0,,,Ayee
2024-11-13 7:17,3,2.1,38.6,0.0,109.91,0,,,Ayee
2024-11-13 7:22,3,2.0,38.8,0.62,109.86,0,,,Ayee
2024-11-13 7:27,3,1.9,39.1,0.36,109.74,0,,,Ayee
2024-11-13 7:32,3,1.9,39.0,0.71,110.1,0,,,Ayee
2024-11-13 7:37,3,1.9,39.5,0.81,109.88,0,,,Ayee
2024-11-13 7:42,3,2.1,38.6,0.46,110.01,0,,,Ayee
2024-11-13 7:47,3,2.3,38.5,0.0,110.37,0,,,Ayee
2024-11-13 7:52,3,2.5,38.3,0.0,110.2,0,,,Ayee
2024-11-13 7:57,3,2.5,38.4,0.0,110.1,0,,,Ayee
2024-11-13 8:02,3,2.5,38.3,0.0,109.91,0,,,Ayee
2024-11-13 8:07,3,2.6,38.1,0.0,110.03,0,,,Ayee
2024-11-13 8:12,3,2.6,37.7,0.0,110.1,0,,,Ayee
2024-11-13 8:17,3,2.6,38.1,0.0,109.88,0,,,Ayee
2024-11-13 8:22,3,2.9,37.9,0.0,109.76,0,,,Ayee
2024-11-13 8:27,3,3.1,37.2,0.0,110.01,0,,,Ayee
2024-11-13 8:32,3,3.2,37.2,0.0,109.71,0,,,Ayee
2024-11-13 8:37,3,3.2,37.2,0.25,109.78,0,,,Ayee
2024-11-13 8:42,3,3.2,37.4,0.01,109.88,0,,,Ayee
2024-11-13 8:47,3,3.2,37.3,0.38,111.01,0,,,Ayee
2024-11-13 8:52,3,3.3,37.8,0.01,110.78,0,,,Ayee
2024-11-13 8:57,3,3.3,37.9,0.0,110.61,0,,,Ayee
2024-11-13 9:02,3,3.4,38.3,0.0,111.03,0,,,Ayee
2024-11-13 9:07,3,3.6,38.2,0.18,110.99,0,,,Ayee
2024-11-13 9:12,3,3.7,38.1,0.1,111.14,0,,,Ayee
2024-11-13 9:17,3,3.1,43.6,0.0,111.35,0,,,Ayee
2024-11-13 9:22,3,3.4,41.5,0.0,110.88,0,,,Ayee
2024-11-13 9:27,3,3.2,40.5,0.0,111.14,0,,,Ayee
2024-11-13 9:32,3,3.3,39.2,0.72,111.18,0,,,Ayee
2024-11-13 9:37,3,3.0,40.0,0.0,111.31,0,,,Ayee
2024-11-13 9:42,3,3.2,39.7,0.16,110.8,0,,,Ayee
2024-11-13 9:47,3,3.4,39.4,0.14,111.29,0,,,Ayee
2024-11-13 9:52,3,3.8,38.4,0.6,111.01,0,,,Ayee
2024-11-13 9:57,3,4.0,38.2,0.97,110.95,0,,,Ayee
2024-11-13 10:02,3,3.9,37.6,0.69,110.9,0,,,Ayee
2024-11-13 10:07,3,3.8,38.7,0.37,111.33,0,,,Ayee
2024-11-13 10:12,3,4.0,37.6,0.25,111.77,0,,,Ayee
2024-11-13 10:17,3,4.1,37.2,0.29,111.5,0,,,Ayee
2024-11-13 10:22,3,4.7,36.0,0.08,111.14,0,,,Ayee
2024-11-13 10:27,3,5.0,35.8,0.36,111.14,0,,,Ayee
2024-11-13 10:32,3,4.7,35.5,1.96,111.33,0,,,Ayee
2024-11-13 10:37,3,4.9,35.3,0.56,111.39,0,,,Ayee
2024-11-13 10:42,3,4.9,34.9,1.06,111.56,0,,,Ayee
2024-11-13 10:47,3,4.8,35.7,1.2,111.65,0,,,Ayee
2024-11-13 10:52,3,5.0,34.9,0.1,111.8,0,,,Ayee
2024-11-13 10:57,3,5.1,34.2,0.0,111.35,0,,,Ayee
2024-11-13 11:02,3,5.4,33.0,0.0,111.01,0,,,Ayee
2024-11-13 11:07,3,5.8,32.7,0.0,111.09,0,,,Ayee
2024-11-13 11:12,3,6.2,31.8,0.0,111.24,0,,,Ayee
2024-11-13 11:17,3,5.7,32.8,0.73,111.26,0,,,Ayee
2024-11-13 11:22,3,5.8,32.5,0.54,111.24,0,,,Ayee
2024-11-13 11:27,3,5.7,32.4,1.56,110.95,0,,,Ayee
2024-11-13 11:32,3,5.6,32.8,2.31,110.61,0,,,Ayee
2024-11-13 11:37,3,5.7,33.2,2.15,111.2,0,,,Ayee
2024-11-13 11:42,3,5.6,33.1,2.28,110.9,0,,,Ayee
2024-11-13 11:47,3,5.7,33.7,2.25,110.75,0,,,Ayee
2024-11-13 11:52,3,5.5,33.1,1.76,110.84,0,,,Ayee
2024-11-13 11:57,3,5.6,33.3,1.21,110.75,0,,,Ayee
2024-11-13 12:02,3,5.6,32.8,0.23,111.26,0,,,Ayee
2024-11-13 12:07,3,5.7,32.6,0.77,111.54,0,,,Ayee
2024-11-13 12:12,3,5.9,31.4,0.52,111.26,0,,,Ayee
2024-11-13 12:17,3,6.1,31.1,0.0,111.56,0,,,Ayee
2024-11-13 12:22,3,6.4,30.1,1.19,111.67,0,,,Ayee
2024-11-13 12:27,3,6.3,30.2,2.82,111.48,0,,,Ayee
2024-11-13 12:32,3,6.6,28.6,1.61,111.6,0,,,Ayee
2024-11-13 12:37,3,6.8,28.9,1.32,111.86,0,,,Ayee
2024-11-13 12:42,3,7.0,26.1,0.89,111.69,0,,,Ayee
2024-11-13 12:47,3,7.0,26.3,1.33,111.84,0,,,Ayee
2024-11-13 12:52,3,7.4,25.4,0.99,111.69,0,,,Ayee
2024-11-13 12:57,3,7.0,26.4,0.62,112.14,0,,,Ayee
2024-11-13 13:02,3,6.8,28.4,2.82,111.41,0,,,Ayee
2024-11-13 13:07,3,6.5,28.6,1.02,111.43,0,,,Ayee
2024-11-13 13:12,3,6.4,28.4,0.84,112.14,0,,,Ayee
2024-11-13 13:17,3,6.5,28.5,0.8,112.01,0,,,Ayee
2024-11-13 13:22,3,6.5,28.0,0.43,111.84,0,,,Ayee
2024-11-13 13:27,3,6.5,28.3,0.97,111.99,0,,,Ayee
2024-11-13 13:32,3,6.6,27.7,0.73,111.94,0,,,Ayee
2024-11-13 13:37,3,6.6,27.1,0.63,112.03,0,,,Ayee
2024-11-13 13:42,3,6.5,27.7,0.9,111.82,0,,,Ayee
2024-11-13 13:47,3,6.6,27.4,2.11,112.14,0,,,Ayee
2024-11-13 13:52,3,6.6,27.5,1.1,112.01,0,,,Ayee
2024-11-13 13:57,3,6.6,27.2,1.49,112.01,0,,,Ayee
2024-11-13 14:02,3,6.7,26.9,1.37,112.01,0,,,Ayee
2024-11-13 14:07,3,6.6,26.9,1.59,112.03,0,,,Ayee
2024-11-13 14:12,3,6.7,26.7,3.53,112.11,0,,,Ayee
2024-11-13 14:17,3,6.6,26.4,2.46,112.14,0,,,Ayee
2024-11-13 14:22,3,6.9,27.0,4.15,121.4,0,,,Ayee
2024-11-13 14:27,3,6.6,27.2,1.86,121.54,0,,,Ayee
2024-11-13 14:32,3,6.7,27.6,1.78,121.52,0,,,Ayee
